date,home_team,away_team,home_score,away_score,tournament,city,country,neutral,result,home_elo,away_elo,elo_difference,match_year
2016-03-27,Kenya,Guinea-Bissau,0.0,1.0,African Cup of Nations qualification,Nairobi,Kenya,False,Away Win,1352.0,1223.0,129.0,2016
2016-03-27,Congo,Zambia,1.0,1.0,African Cup of Nations qualification,Brazzaville,Congo,False,Draw,1491.0,1498.0,-7.0,2016
2016-03-29,Suriname,Guadeloupe,3.0,2.0,CFU Caribbean Cup qualification,Paramaribo,Suriname,False,Home Win,1188.0,1306.0,-118.0,2016
2016-04-27,Martinique,Panama,0.0,2.0,Friendly,Fort-de-France,Martinique,False,Away Win,1451.0,1675.0,-224.0,2016
2016-05-22,England,Turkey,2.0,1.0,Friendly,Manchester,England,False,Home Win,1959.0,1823.0,136.0,2016
2016-05-27,England,Australia,2.0,1.0,Friendly,Sunderland,England,False,Home Win,1959.0,1721.0,238.0,2016
2016-05-27,Ireland,Netherlands,1.0,1.0,Friendly,Dublin,Republic of Ireland,False,Draw,1774.0,1901.0,-127.0,2016
2016-05-27,Morocco,Congo,2.0,0.0,Friendly,Tangier,Morocco,False,Home Win,1572.0,1491.0,81.0,2016
2016-05-27,Slovakia,Georgia,3.0,1.0,Friendly,Wels,Austria,True,Home Win,1739.0,1474.0,265.0,2016
2016-05-27,Togo,Zambia,1.0,0.0,Friendly,Lomé,Togo,False,Home Win,1395.0,1498.0,-103.0,2016
2016-05-28,Myanmar,Malaysia,0.0,0.0,Friendly,Yangon,Myanmar,False,Draw,1049.0,1111.0,-62.0,2016
2016-05-28,Rwanda,Senegal,0.0,2.0,Friendly,Kigali,Rwanda,False,Away Win,1321.0,1653.0,-332.0,2016
2016-05-28,Switzerland,Belgium,1.0,2.0,Friendly,Geneva,Switzerland,False,Away Win,1778.0,1920.0,-142.0,2016
2016-05-28,Mexico,Paraguay,1.0,0.0,Friendly,Atlanta,United States,True,Home Win,1921.0,1751.0,170.0,2016
2016-05-29,Albania,Qatar,3.0,1.0,Friendly,Hartberg,Austria,True,Home Win,1611.0,1550.0,61.0,2016
2016-05-29,Germany,Slovakia,1.0,3.0,Friendly,Augsburg,Germany,False,Away Win,2059.0,1739.0,320.0,2016
2016-05-29,Italy,Scotland,1.0,0.0,Friendly,Attard,Malta,True,Home Win,1866.0,1720.0,146.0,2016
2016-05-29,Kenya,Tanzania,1.0,1.0,Friendly,Nairobi,Kenya,False,Draw,1352.0,1336.0,16.0,2016
2016-05-29,Lithuania,Estonia,2.0,0.0,Baltic Cup,Klaipėda,Lithuania,False,Home Win,1425.0,1493.0,-68.0,2016
2016-05-29,Portugal,Norway,3.0,0.0,Friendly,Porto,Portugal,False,Home Win,1909.0,1633.0,276.0,2016
2016-05-29,Turkey,Montenegro,1.0,0.0,Friendly,Antalya,Turkey,False,Home Win,1823.0,1558.0,265.0,2016
2016-05-30,France,Cameroon,3.0,2.0,Friendly,Nantes,France,False,Home Win,1970.0,1605.0,365.0,2016
2016-05-30,Gambia,Zambia,0.0,0.0,Friendly,Bakau,Gambia,False,Draw,1298.0,1498.0,-200.0,2016
2016-05-30,Sweden,Slovenia,0.0,0.0,Friendly,Malmö,Sweden,False,Draw,1760.0,1622.0,138.0,2016
2016-05-31,Ireland,Belarus,1.0,2.0,Friendly,Cork,Republic of Ireland,False,Away Win,1774.0,1579.0,195.0,2016
2016-05-31,Kenya,Sudan,1.0,1.0,Friendly,Nairobi,Kenya,False,Draw,1352.0,1299.0,53.0,2016
2016-05-31,Luxembourg,Nigeria,1.0,3.0,Friendly,Luxembourg,Luxembourg,False,Away Win,1244.0,1612.0,-368.0,2016
2016-05-31,Serbia,Israel,3.0,1.0,Friendly,Novi Sad,Serbia,False,Home Win,1716.0,1574.0,142.0,2016
2016-05-31,Vietnam,Syria,2.0,0.0,Friendly,Thanh Hóa,Vietnam,False,Home Win,1212.0,1519.0,-307.0,2016
2016-06-01,Czechia,Russia,2.0,1.0,Friendly,Innsbruck,Austria,True,Home Win,1754.0,1770.0,-16.0,2016
2016-06-01,Belgium,Finland,1.0,1.0,Friendly,Brussels,Belgium,False,Draw,1929.0,1570.0,359.0,2016
2016-06-01,Curaçao,Guyana,5.0,2.0,CFU Caribbean Cup qualification,Willemstad,Curaçao,False,Home Win,1107.0,1250.0,-143.0,2016
2016-06-01,Norway,Iceland,3.0,2.0,Friendly,Oslo,Norway,False,Home Win,1633.0,1672.0,-39.0,2016
2016-06-01,Poland,Netherlands,1.0,2.0,Friendly,Gdańsk,Poland,False,Away Win,1778.0,1901.0,-123.0,2016
2016-06-01,Latvia,Lithuania,2.0,1.0,Baltic Cup,Liepāja,Latvia,False,Home Win,1466.0,1425.0,41.0,2016
2016-06-01,Martinique,Guadeloupe,2.0,0.0,CFU Caribbean Cup qualification,Fort-de-France,Martinique,False,Home Win,1451.0,1285.0,166.0,2016
2016-06-02,Seychelles,Algeria,0.0,2.0,African Cup of Nations qualification,Victoria,Seychelles,False,Away Win,986.0,1654.0,-668.0,2016
2016-06-02,England,Portugal,1.0,0.0,Friendly,London,England,False,Home Win,1959.0,1909.0,50.0,2016
2016-06-03,Romania,Georgia,5.0,1.0,Friendly,Bucharest,Romania,False,Home Win,1765.0,1474.0,291.0,2016
2016-06-03,Djibouti,Tunisia,0.0,3.0,African Cup of Nations qualification,Djibouti,Djibouti,False,Away Win,752.0,1550.0,-798.0,2016
2016-06-03,Libya,Morocco,1.0,1.0,African Cup of Nations qualification,Radès,Tunisia,True,Draw,1462.0,1572.0,-110.0,2016
2016-06-03,Japan,Bulgaria,7.0,2.0,Kirin Cup,Toyota,Japan,False,Home Win,1763.0,1614.0,149.0,2016
2016-06-03,Myanmar,Singapore,0.0,1.0,Friendly,Yangon,Myanmar,False,Away Win,1048.0,1167.0,-119.0,2016
2016-06-03,Mauritania,Cameroon,0.0,1.0,African Cup of Nations qualification,Nouakchott,Mauritania,False,Away Win,1296.0,1605.0,-309.0,2016
2016-06-04,Guinea-Bissau,Zambia,3.0,2.0,African Cup of Nations qualification,Bissau,Guinea-Bissau,False,Home Win,1223.0,1498.0,-275.0,2016
2016-06-04,Australia,Greece,1.0,0.0,Friendly,Sydney,Australia,False,Home Win,1721.0,1604.0,117.0,2016
2016-06-04,Austria,Netherlands,0.0,2.0,Friendly,Vienna,Austria,False,Away Win,1791.0,1901.0,-110.0,2016
2016-06-04,Burundi,Senegal,0.0,2.0,African Cup of Nations qualification,Bujumbura,Burundi,False,Away Win,1350.0,1659.0,-309.0,2016
2016-06-04,Brazil,Ecuador,0.0,0.0,Copa América,Pasadena,United States,True,Draw,2017.0,1884.0,133.0,2016
2016-06-04,France,Scotland,3.0,0.0,Friendly,Metz,France,False,Home Win,1970.0,1720.0,250.0,2016
2016-06-04,Guadeloupe,Dominica,2.0,1.0,CFU Caribbean Cup qualification,Les Abymes,Guadeloupe,False,Home Win,1285.0,968.0,317.0,2016
2016-06-04,Haiti,Peru,0.0,1.0,Copa América,Seattle,United States,True,Away Win,1500.0,1776.0,-276.0,2016
2016-06-04,Namibia,Niger,1.0,0.0,African Cup of Nations qualification,Windhoek,Namibia,False,Home Win,1330.0,1275.0,55.0,2016
2016-06-04,Fiji,Vanuatu,2.0,3.0,Oceania Nations Cup,Port Moresby,Papua New Guinea,True,Away Win,1253.0,1165.0,88.0,2016
2016-06-04,Estonia,Latvia,0.0,0.0,Baltic Cup,Tallinn,Estonia,False,Draw,1493.0,1466.0,27.0,2016
2016-06-04,Tanzania,Egypt,0.0,2.0,African Cup of Nations qualification,Dar es Salaam,Tanzania,False,Away Win,1336.0,1623.0,-287.0,2016
2016-06-05,Lesotho,Ethiopia,1.0,2.0,African Cup of Nations qualification,Maseru,Lesotho,False,Away Win,1142.0,1279.0,-137.0,2016
2016-06-05,Mexico,Uruguay,3.0,1.0,Copa América,Glendale,United States,True,Home Win,1926.0,1963.0,-37.0,2016
2016-06-05,Liberia,Togo,2.0,2.0,African Cup of Nations qualification,Monrovia,Liberia,False,Draw,1329.0,1395.0,-66.0,2016
2016-06-05,Belgium,Norway,3.0,2.0,Friendly,Brussels,Belgium,False,Home Win,1929.0,1633.0,296.0,2016
2016-06-05,Jamaica,Venezuela,0.0,1.0,Copa América,Chicago,United States,True,Away Win,1577.0,1611.0,-34.0,2016
2016-06-05,Slovenia,Turkey,0.0,1.0,Friendly,Ljubljana,Slovenia,False,Away Win,1622.0,1823.0,-201.0,2016
2016-06-05,Russia,Serbia,1.0,1.0,Friendly,Monaco,Monaco,True,Draw,1770.0,1716.0,54.0,2016
2016-06-05,Kenya,Congo,2.0,1.0,African Cup of Nations qualification,Nairobi,Kenya,False,Home Win,1352.0,1491.0,-139.0,2016
2016-06-06,Argentina,Chile,2.0,1.0,Copa América,Santa Clara,United States,True,Home Win,2049.0,1967.0,82.0,2016
2016-06-06,Iceland,Liechtenstein,4.0,0.0,Friendly,Reykjavík,Iceland,False,Home Win,1672.0,1202.0,470.0,2016
2016-06-06,Italy,Finland,2.0,0.0,Friendly,Verona,Italy,False,Home Win,1866.0,1570.0,296.0,2016
2016-06-06,Panama,Bolivia,2.0,1.0,Copa América,Orlando,United States,True,Home Win,1675.0,1604.0,71.0,2016
2016-06-06,Poland,Lithuania,0.0,0.0,Friendly,Kraków,Poland,False,Draw,1778.0,1425.0,353.0,2016
2016-06-06,Singapore,Vietnam,0.0,3.0,Friendly,Yangon,Myanmar,True,Away Win,1167.0,1212.0,-45.0,2016
2016-06-07,Australia,Greece,1.0,2.0,Friendly,Melbourne,Australia,False,Away Win,1721.0,1604.0,117.0,2016
2016-06-07,Bulgaria,Denmark,0.0,4.0,Kirin Cup,Suita,Japan,True,Away Win,1614.0,1725.0,-111.0,2016
2016-06-07,Canada,Uzbekistan,2.0,1.0,Friendly,Bad Waltersdorf,Austria,True,Home Win,1509.0,1664.0,-155.0,2016
2016-06-07,China,Kazakhstan,0.0,1.0,Friendly,Dalian,China,False,Away Win,1574.0,1403.0,171.0,2016
2016-06-07,Colombia,Paraguay,2.0,1.0,Copa América,Pasadena,United States,True,Home Win,1979.0,1746.0,233.0,2016
2016-06-07,Iran,Kyrgyzstan,6.0,0.0,Friendly,Tehran,Iran,False,Home Win,1737.0,1210.0,527.0,2016
2016-06-08,Portugal,Estonia,7.0,0.0,Friendly,Lisbon,Portugal,False,Home Win,1909.0,1493.0,416.0,2016
2016-06-08,Brazil,Haiti,7.0,1.0,Copa América,Orlando,United States,True,Home Win,2017.0,1500.0,517.0,2016
2016-06-08,Ecuador,Peru,2.0,2.0,Copa América,Glendale,United States,True,Draw,1884.0,1776.0,108.0,2016
2016-06-09,Mexico,Jamaica,2.0,0.0,Copa América,Pasadena,United States,True,Home Win,1926.0,1577.0,349.0,2016
2016-06-09,Uruguay,Venezuela,0.0,1.0,Copa América,Philadelphia,United States,True,Away Win,1963.0,1611.0,352.0,2016
2016-06-10,Argentina,Panama,5.0,0.0,Copa América,Chicago,United States,True,Home Win,2049.0,1675.0,374.0,2016
2016-06-10,Chile,Bolivia,2.0,1.0,Copa América,Foxborough,United States,True,Home Win,1967.0,1604.0,363.0,2016
2016-06-10,France,Romania,2.0,1.0,UEFA Euro,Saint-Denis,France,False,Home Win,1970.0,1765.0,205.0,2016
2016-06-11,Albania,Switzerland,0.0,1.0,UEFA Euro,Lens,France,True,Away Win,1611.0,1769.0,-158.0,2016
2016-06-11,England,Russia,1.0,1.0,UEFA Euro,Marseille,France,True,Draw,1959.0,1770.0,189.0,2016
2016-06-12,Malawi,Angola,3.0,0.0,COSAFA Cup,Windhoek,Namibia,True,Home Win,1311.0,1379.0,-68.0,2016
2016-06-12,Lesotho,Mauritius,3.0,0.0,COSAFA Cup,Windhoek,Namibia,True,Home Win,1142.0,1103.0,39.0,2016
2016-06-12,Ecuador,Haiti,4.0,0.0,Copa América,East Rutherford,United States,True,Home Win,1884.0,1500.0,384.0,2016
2016-06-12,Turkey,Croatia,0.0,1.0,UEFA Euro,Paris,France,True,Away Win,1823.0,1818.0,5.0,2016
2016-06-12,Brazil,Peru,0.0,1.0,Copa América,Foxborough,United States,True,Away Win,2017.0,1776.0,241.0,2016
2016-06-13,Belgium,Italy,0.0,2.0,UEFA Euro,Lyon,France,True,Away Win,1929.0,1866.0,63.0,2016
2016-06-13,Ireland,Sweden,1.0,1.0,UEFA Euro,Saint-Denis,France,True,Draw,1774.0,1760.0,14.0,2016
2016-06-13,Mexico,Venezuela,1.0,1.0,Copa América,Houston,United States,True,Draw,1926.0,1611.0,315.0,2016
2016-06-13,Uruguay,Jamaica,3.0,0.0,Copa América,Santa Clara,United States,True,Home Win,1963.0,1577.0,386.0,2016
2016-06-14,Angola,Lesotho,0.0,2.0,COSAFA Cup,Windhoek,Namibia,True,Away Win,1379.0,1142.0,237.0,2016
2016-06-14,Argentina,Bolivia,3.0,0.0,Copa América,Seattle,United States,True,Home Win,2049.0,1604.0,445.0,2016
2016-06-14,Portugal,Iceland,1.0,1.0,UEFA Euro,Saint-Étienne,France,True,Draw,1909.0,1672.0,237.0,2016
2016-06-14,Chile,Panama,4.0,2.0,Copa América,Philadelphia,United States,True,Home Win,1967.0,1675.0,292.0,2016
2016-06-14,Mauritius,Malawi,0.0,1.0,COSAFA Cup,Windhoek,Namibia,True,Away Win,1103.0,1311.0,-208.0,2016
2016-06-15,France,Albania,2.0,0.0,UEFA Euro,Marseille,France,False,Home Win,1970.0,1611.0,359.0,2016
2016-06-15,Romania,Switzerland,1.0,1.0,UEFA Euro,Paris,France,True,Draw,1765.0,1769.0,-4.0,2016
2016-06-15,Russia,Slovakia,1.0,2.0,UEFA Euro,Villeneuve-d'Ascq,France,True,Away Win,1770.0,1739.0,31.0,2016
2016-06-15,Zimbabwe,Seychelles,5.0,0.0,COSAFA Cup,Windhoek,Namibia,True,Home Win,1393.0,966.0,427.0,2016
2016-06-16,Angola,Mauritius,0.0,2.0,COSAFA Cup,Windhoek,Namibia,True,Away Win,1379.0,1103.0,276.0,2016
2016-06-16,Germany,Poland,0.0,0.0,UEFA Euro,Saint-Denis,France,True,Draw,2059.0,1778.0,281.0,2016
2016-06-16,Malawi,Lesotho,0.0,1.0,COSAFA Cup,Windhoek,Namibia,True,Away Win,1311.0,1142.0,169.0,2016
2016-06-17,Czechia,Croatia,2.0,2.0,UEFA Euro,Saint-Étienne,France,True,Draw,1744.0,1818.0,-74.0,2016
2016-06-17,Italy,Sweden,1.0,0.0,UEFA Euro,Toulouse,France,True,Home Win,1918.0,1763.0,155.0,2016
2016-06-17,Peru,Colombia,0.0,0.0,Copa América,East Rutherford,United States,True,Draw,1776.0,1979.0,-203.0,2016
2016-06-17,Spain,Turkey,3.0,0.0,UEFA Euro,Nice,France,True,Home Win,2002.0,1823.0,179.0,2016
2016-06-18,Argentina,Venezuela,4.0,1.0,Copa América,Foxborough,United States,True,Home Win,2049.0,1693.0,356.0,2016
2016-06-18,Belgium,Ireland,3.0,0.0,UEFA Euro,Bordeaux,France,True,Home Win,1879.0,1758.0,121.0,2016
2016-06-18,Mexico,Chile,0.0,7.0,Copa América,Santa Clara,United States,True,Away Win,1967.0,1967.0,0.0,2016
2016-06-18,Portugal,Austria,0.0,0.0,UEFA Euro,Lyon,France,True,Draw,1909.0,1791.0,118.0,2016
2016-06-19,France,Switzerland,0.0,0.0,UEFA Euro,Villeneuve-d'Ascq,France,False,Draw,1970.0,1769.0,201.0,2016
2016-06-19,Romania,Albania,0.0,1.0,UEFA Euro,Lyon,France,True,Away Win,1765.0,1611.0,154.0,2016
2016-06-20,Slovakia,England,0.0,0.0,UEFA Euro,Saint-Étienne,France,True,Draw,1739.0,1959.0,-220.0,2016
2016-06-21,Croatia,Spain,2.0,1.0,UEFA Euro,Bordeaux,France,True,Home Win,1818.0,2002.0,-184.0,2016
2016-06-21,Czechia,Turkey,0.0,2.0,UEFA Euro,Lens,France,True,Away Win,1744.0,1823.0,-79.0,2016
2016-06-21,Lesotho,Zambia,2.0,3.0,COSAFA Cup,Windhoek,Namibia,True,Away Win,1142.0,1498.0,-356.0,2016
2016-06-22,Colombia,Chile,0.0,2.0,Copa América,Chicago,United States,True,Away Win,1979.0,1967.0,12.0,2016
2016-06-22,Sweden,Belgium,0.0,1.0,UEFA Euro,Nice,France,True,Away Win,1763.0,1879.0,-116.0,2016
2016-06-22,Italy,Ireland,0.0,1.0,UEFA Euro,Villeneuve-d'Ascq,France,True,Away Win,1918.0,1758.0,160.0,2016
2016-06-22,Iceland,Austria,2.0,1.0,UEFA Euro,Saint-Denis,France,True,Home Win,1672.0,1791.0,-119.0,2016
2016-06-24,Namibia,Zambia,1.0,0.0,COSAFA Cup,Windhoek,Namibia,False,Home Win,1330.0,1498.0,-168.0,2016
2016-06-25,Croatia,Portugal,0.0,1.0,UEFA Euro,Lens,France,True,Away Win,1818.0,1909.0,-91.0,2016
2016-06-25,Switzerland,Poland,1.0,1.0,UEFA Euro,Saint-Étienne,France,True,Draw,1769.0,1778.0,-9.0,2016
2016-06-26,Argentina,Chile,0.0,0.0,Copa América,East Rutherford,United States,True,Draw,2049.0,1967.0,82.0,2016
2016-06-26,Fiji,Malaysia,1.0,1.0,Friendly,Nadi,Fiji,False,Draw,1253.0,1112.0,141.0,2016
2016-06-26,France,Ireland,2.0,1.0,UEFA Euro,Lyon,France,False,Home Win,1970.0,1758.0,212.0,2016
2016-06-26,Germany,Slovakia,3.0,0.0,UEFA Euro,Villeneuve-d'Ascq,France,True,Home Win,2059.0,1739.0,320.0,2016
2016-06-27,England,Iceland,1.0,2.0,UEFA Euro,Nice,France,True,Away Win,1959.0,1672.0,287.0,2016
2016-06-27,Italy,Spain,2.0,0.0,UEFA Euro,Saint-Denis,France,True,Home Win,1918.0,2002.0,-84.0,2016
2016-06-30,Poland,Portugal,1.0,1.0,UEFA Euro,Marseille,France,True,Draw,1778.0,1909.0,-131.0,2016
2016-07-02,Germany,Italy,1.0,1.0,UEFA Euro,Bordeaux,France,True,Draw,2059.0,1918.0,141.0,2016
2016-07-03,France,Iceland,5.0,2.0,UEFA Euro,Saint-Denis,France,False,Home Win,1970.0,1672.0,298.0,2016
2016-07-07,France,Germany,2.0,0.0,UEFA Euro,Marseille,France,False,Home Win,1970.0,2059.0,-89.0,2016
2016-07-10,France,Portugal,0.0,1.0,UEFA Euro,Saint-Denis,France,False,Away Win,1970.0,1909.0,61.0,2016
2016-07-24,Uzbekistan,Iraq,2.0,1.0,Friendly,Tashkent,Uzbekistan,False,Home Win,1664.0,1505.0,159.0,2016
2016-08-08,Oman,Turkmenistan,1.0,0.0,Friendly,Muscat,Oman,False,Home Win,1470.0,1291.0,179.0,2016
2016-08-08,Qatar,Iraq,2.0,1.0,Friendly,Doha,Qatar,False,Home Win,1550.0,1505.0,45.0,2016
2016-08-13,Bhutan,India,0.0,3.0,Friendly,Thimphu,Bhutan,False,Away Win,552.0,1069.0,-517.0,2016
2016-08-18,Jordan,Qatar,2.0,3.0,Friendly,Lucerne,Switzerland,True,Away Win,1533.0,1550.0,-17.0,2016
2016-08-27,Tajikistan,Syria,0.0,0.0,Friendly,Khujand,Tajikistan,False,Draw,1201.0,1519.0,-318.0,2016
2016-08-30,Uganda,Kenya,0.0,0.0,Friendly,Kampala,Uganda,False,Draw,1500.0,1352.0,148.0,2016
2016-08-30,Egypt,Guinea,1.0,1.0,Friendly,Alexandria,Egypt,False,Draw,1623.0,1550.0,73.0,2016
2016-08-30,Kyrgyzstan,Kazakhstan,2.0,0.0,Friendly,Bishkek,Kyrgyzstan,False,Home Win,1210.0,1403.0,-193.0,2016
2016-08-31,Albania,Morocco,0.0,0.0,Friendly,Shkodër,Albania,False,Draw,1611.0,1572.0,39.0,2016
2016-08-31,Czechia,Armenia,3.0,0.0,Friendly,Mladá Boleslav,Czech Republic,False,Home Win,1744.0,1507.0,237.0,2016
2016-08-31,Denmark,Liechtenstein,5.0,0.0,Friendly,Horsens,Denmark,False,Home Win,1725.0,1202.0,523.0,2016
2016-08-31,Germany,Finland,2.0,0.0,Friendly,Mönchengladbach,Germany,False,Home Win,2059.0,1570.0,489.0,2016
2016-08-31,Ireland,Oman,4.0,0.0,Friendly,Dublin,Republic of Ireland,False,Home Win,1758.0,1470.0,288.0,2016
2016-08-31,Lebanon,Jordan,1.0,1.0,Friendly,Beirut,Lebanon,False,Draw,1370.0,1533.0,-163.0,2016
2016-08-31,Norway,Belarus,0.0,1.0,Friendly,Oslo,Norway,False,Away Win,1633.0,1579.0,54.0,2016
2016-08-31,Turkey,Russia,0.0,0.0,Friendly,Antalya,Turkey,False,Draw,1823.0,1770.0,53.0,2016
2016-09-01,Iran,Qatar,2.0,0.0,FIFA World Cup qualification,Tehran,Iran,False,Home Win,1737.0,1550.0,187.0,2016
2016-09-01,Belgium,Spain,0.0,2.0,Friendly,Brussels,Belgium,False,Away Win,1879.0,2002.0,-123.0,2016
2016-09-01,Argentina,Uruguay,1.0,0.0,FIFA World Cup qualification,Mendoza,Argentina,False,Home Win,2049.0,1894.0,155.0,2016
2016-09-01,Colombia,Venezuela,2.0,0.0,FIFA World Cup qualification,Barranquilla,Colombia,False,Home Win,1979.0,1693.0,286.0,2016
2016-09-01,Bahrain,Singapore,3.0,1.0,Friendly,Riffa,Bahrain,False,Home Win,1427.0,1167.0,260.0,2016
2016-09-01,Ecuador,Brazil,0.0,3.0,FIFA World Cup qualification,Quito,Ecuador,False,Away Win,1884.0,2017.0,-133.0,2016
2016-09-01,Paraguay,Chile,2.0,1.0,FIFA World Cup qualification,Asunción,Paraguay,False,Home Win,1746.0,1967.0,-221.0,2016
2016-09-01,Italy,France,1.0,3.0,Friendly,Bari,Italy,False,Away Win,1918.0,1970.0,-52.0,2016
2016-09-01,Portugal,Gibraltar,5.0,0.0,Friendly,Porto,Portugal,False,Home Win,1909.0,1111.0,798.0,2016
2016-09-01,Australia,Iraq,2.0,0.0,FIFA World Cup qualification,Perth,Australia,False,Home Win,1721.0,1505.0,216.0,2016
2016-09-01,Uzbekistan,Syria,1.0,0.0,FIFA World Cup qualification,Tashkent,Uzbekistan,False,Home Win,1664.0,1519.0,145.0,2016
2016-09-01,Bolivia,Peru,0.0,3.0,FIFA World Cup qualification,La Paz,Bolivia,False,Away Win,1604.0,1776.0,-172.0,2016
2016-09-01,Netherlands,Greece,1.0,2.0,Friendly,Eindhoven,Netherlands,False,Away Win,1901.0,1604.0,297.0,2016
2016-09-02,Honduras,Canada,2.0,1.0,FIFA World Cup qualification,San Pedro Sula,Honduras,False,Home Win,1526.0,1509.0,17.0,2016
2016-09-02,Latvia,Luxembourg,3.0,1.0,Friendly,Riga,Latvia,False,Home Win,1466.0,1244.0,222.0,2016
2016-09-02,Panama,Jamaica,2.0,0.0,FIFA World Cup qualification,Panama City,Panama,False,Home Win,1675.0,1553.0,122.0,2016
2016-09-02,Sudan,Gabon,1.0,2.0,Friendly,Khartoum,Sudan,False,Away Win,1299.0,1449.0,-150.0,2016
2016-09-03,Angola,Madagascar,1.0,1.0,African Cup of Nations qualification,Luanda,Angola,False,Draw,1379.0,1252.0,127.0,2016
2016-09-03,Cameroon,Gambia,2.0,0.0,African Cup of Nations qualification,Limbé,Cameroon,False,Home Win,1605.0,1298.0,307.0,2016
2016-09-03,Ethiopia,Seychelles,2.0,1.0,African Cup of Nations qualification,Hawassa,Ethiopia,False,Home Win,1279.0,966.0,313.0,2016
2016-09-03,Nigeria,Tanzania,1.0,0.0,African Cup of Nations qualification,Uyo,Nigeria,False,Home Win,1612.0,1336.0,276.0,2016
2016-09-03,Senegal,Namibia,2.0,0.0,African Cup of Nations qualification,Dakar,Senegal,False,Home Win,1659.0,1330.0,329.0,2016
2016-09-04,Lithuania,Slovenia,2.0,2.0,FIFA World Cup qualification,Vilnius,Lithuania,False,Draw,1425.0,1622.0,-197.0,2016
2016-09-04,Kazakhstan,Poland,2.0,2.0,FIFA World Cup qualification,Astana,Kazakhstan,False,Draw,1403.0,1778.0,-375.0,2016
2016-09-04,Guinea,Zimbabwe,1.0,0.0,African Cup of Nations qualification,Conakry,Guinea,False,Home Win,1550.0,1393.0,157.0,2016
2016-09-04,Slovakia,England,0.0,1.0,FIFA World Cup qualification,Trnava,Slovakia,False,Away Win,1739.0,1959.0,-220.0,2016
2016-09-04,Congo,Guinea-Bissau,1.0,0.0,African Cup of Nations qualification,Brazzaville,Congo,False,Home Win,1491.0,1223.0,268.0,2016
2016-09-04,Niger,Burundi,3.0,1.0,African Cup of Nations qualification,Niamey,Niger,False,Home Win,1275.0,1350.0,-75.0,2016
2016-09-04,Denmark,Armenia,1.0,0.0,FIFA World Cup qualification,Copenhagen,Denmark,False,Home Win,1725.0,1507.0,218.0,2016
2016-09-04,Romania,Montenegro,1.0,1.0,FIFA World Cup qualification,Cluj,Romania,False,Draw,1765.0,1558.0,207.0,2016
2016-09-04,Tunisia,Liberia,4.0,1.0,African Cup of Nations qualification,Monastir,Tunisia,False,Home Win,1550.0,1329.0,221.0,2016
2016-09-04,Norway,Germany,0.0,3.0,FIFA World Cup qualification,Oslo,Norway,False,Away Win,1633.0,2059.0,-426.0,2016
2016-09-04,Zambia,Kenya,1.0,1.0,African Cup of Nations qualification,Ndola,Zambia,False,Draw,1498.0,1352.0,146.0,2016
2016-09-04,Bahrain,Jordan,0.0,0.0,Friendly,Isa Town,Bahrain,False,Draw,1427.0,1533.0,-106.0,2016
2016-09-04,Togo,Djibouti,5.0,0.0,African Cup of Nations qualification,Lomé,Togo,False,Home Win,1395.0,752.0,643.0,2016
2016-09-04,Algeria,Lesotho,6.0,0.0,African Cup of Nations qualification,Blida,Algeria,False,Home Win,1654.0,1142.0,512.0,2016
2016-09-05,Israel,Italy,1.0,3.0,FIFA World Cup qualification,Haifa,Israel,False,Away Win,1574.0,1918.0,-344.0,2016
2016-09-05,Croatia,Turkey,1.0,1.0,FIFA World Cup qualification,Zagreb,Croatia,False,Draw,1818.0,1823.0,-5.0,2016
2016-09-05,Serbia,Ireland,2.0,2.0,FIFA World Cup qualification,Belgrade,Serbia,False,Draw,1716.0,1758.0,-42.0,2016
2016-09-05,Georgia,Austria,1.0,2.0,FIFA World Cup qualification,Tbilisi,Georgia,False,Away Win,1474.0,1791.0,-317.0,2016
2016-09-05,Spain,Liechtenstein,8.0,0.0,FIFA World Cup qualification,León,Spain,False,Home Win,2002.0,1202.0,800.0,2016
2016-09-05,Lebanon,Afghanistan,2.0,0.0,Friendly,Beirut,Lebanon,False,Home Win,1370.0,1151.0,219.0,2016
2016-09-06,Gibraltar,Greece,1.0,4.0,FIFA World Cup qualification,Faro,Portugal,True,Away Win,1111.0,1604.0,-493.0,2016
2016-09-06,Belarus,France,0.0,0.0,FIFA World Cup qualification,Borisov,Belarus,False,Draw,1579.0,1970.0,-391.0,2016
2016-09-06,Venezuela,Argentina,2.0,2.0,FIFA World Cup qualification,Mérida,Venezuela,False,Draw,1693.0,2049.0,-356.0,2016
2016-09-06,Bulgaria,Luxembourg,4.0,3.0,FIFA World Cup qualification,Sofia,Bulgaria,False,Home Win,1614.0,1244.0,370.0,2016
2016-09-06,Cameroon,Gabon,2.0,1.0,Friendly,Limbé,Cameroon,False,Home Win,1605.0,1449.0,156.0,2016
2016-09-06,Chile,Bolivia,3.0,0.0,FIFA World Cup qualification,Santiago,Chile,False,Home Win,1967.0,1604.0,363.0,2016
2016-09-06,China,Iran,0.0,0.0,FIFA World Cup qualification,Shenyang,China,False,Draw,1574.0,1737.0,-163.0,2016
2016-09-06,Sweden,Netherlands,1.0,1.0,FIFA World Cup qualification,Solna,Sweden,False,Draw,1763.0,1901.0,-138.0,2016
2016-09-06,Kyrgyzstan,Philippines,1.0,2.0,Friendly,Bishkek,Kyrgyzstan,False,Away Win,1210.0,1268.0,-58.0,2016
2016-09-06,Mexico,Honduras,0.0,0.0,FIFA World Cup qualification,Mexico City,Mexico,False,Draw,1967.0,1526.0,441.0,2016
2016-09-06,Palestine,Tajikistan,1.0,1.0,Friendly,Hebron,Palestine,False,Draw,1349.0,1201.0,148.0,2016
2016-09-06,Peru,Ecuador,2.0,1.0,FIFA World Cup qualification,Lima,Peru,False,Home Win,1776.0,1884.0,-108.0,2016
2016-09-06,Qatar,Uzbekistan,0.0,1.0,FIFA World Cup qualification,Doha,Qatar,False,Away Win,1550.0,1664.0,-114.0,2016
2016-09-06,Uruguay,Paraguay,4.0,0.0,FIFA World Cup qualification,Montevideo,Uruguay,False,Home Win,1894.0,1746.0,148.0,2016
2016-09-06,Switzerland,Portugal,2.0,0.0,FIFA World Cup qualification,Basel,Switzerland,False,Home Win,1769.0,1909.0,-140.0,2016
2016-09-06,Jamaica,Haiti,0.0,2.0,FIFA World Cup qualification,Kingston,Jamaica,False,Away Win,1553.0,1500.0,53.0,2016
2016-09-06,Brazil,Colombia,2.0,1.0,FIFA World Cup qualification,Manaus,Brazil,False,Home Win,2017.0,1979.0,38.0,2016
2016-09-29,Qatar,Serbia,3.0,0.0,Friendly,Doha,Qatar,False,Home Win,1533.0,1716.0,-183.0,2016
2016-10-04,Togo,Uganda,1.0,0.0,Friendly,Lomé,Togo,False,Home Win,1395.0,1500.0,-105.0,2016
2016-10-05,Tajikistan,Palestine,3.0,3.0,Friendly,Dushanbe,Tajikistan,False,Draw,1228.0,1343.0,-115.0,2016
2016-10-06,Brazil,Bolivia,5.0,0.0,FIFA World Cup qualification,Natal,Brazil,False,Home Win,2022.0,1634.0,388.0,2016
2016-10-06,China,Syria,0.0,1.0,FIFA World Cup qualification,Xi'an,China,False,Away Win,1568.0,1517.0,51.0,2016
2016-10-06,Ecuador,Chile,3.0,0.0,FIFA World Cup qualification,Quito,Ecuador,False,Home Win,1811.0,1991.0,-180.0,2016
2016-10-06,Iceland,Finland,3.0,2.0,FIFA World Cup qualification,Reykjavík,Iceland,False,Home Win,1672.0,1570.0,102.0,2016
2016-10-06,Ireland,Georgia,1.0,0.0,FIFA World Cup qualification,Dublin,Republic of Ireland,False,Home Win,1758.0,1474.0,284.0,2016
2016-10-06,Japan,Iraq,2.0,1.0,FIFA World Cup qualification,Saitama,Japan,False,Home Win,1734.0,1461.0,273.0,2016
2016-10-06,Mauritania,Canada,0.0,4.0,Friendly,Marrakesh,Morocco,True,Away Win,1296.0,1521.0,-225.0,2016
2016-10-06,Italy,Spain,1.0,1.0,FIFA World Cup qualification,Turin,Italy,False,Draw,1918.0,2002.0,-84.0,2016
2016-10-06,Liechtenstein,Albania,0.0,2.0,FIFA World Cup qualification,Vaduz,Liechtenstein,False,Away Win,1202.0,1635.0,-433.0,2016
2016-10-06,Paraguay,Colombia,0.0,1.0,FIFA World Cup qualification,Asunción,Paraguay,False,Away Win,1739.0,1946.0,-207.0,2016
2016-10-06,Peru,Argentina,2.0,2.0,FIFA World Cup qualification,Lima,Peru,False,Draw,1813.0,2100.0,-287.0,2016
2016-10-06,Uruguay,Venezuela,3.0,0.0,FIFA World Cup qualification,Montevideo,Uruguay,False,Home Win,1904.0,1694.0,210.0,2016
2016-10-06,Uzbekistan,Iran,0.0,1.0,FIFA World Cup qualification,Tashkent,Uzbekistan,False,Away Win,1684.0,1750.0,-66.0,2016
2016-10-06,Kyrgyzstan,Lebanon,0.0,0.0,Friendly,Bishkek,Kyrgyzstan,False,Draw,1217.0,1370.0,-153.0,2016
2016-10-07,Ghana,Uganda,0.0,0.0,FIFA World Cup qualification,Tamale,Ghana,False,Draw,1618.0,1500.0,118.0,2016
2016-10-07,Luxembourg,Sweden,0.0,1.0,FIFA World Cup qualification,Luxembourg,Luxembourg,False,Away Win,1232.0,1738.0,-506.0,2016
2016-10-07,Estonia,Gibraltar,4.0,0.0,FIFA World Cup qualification,Tallinn,Estonia,False,Home Win,1453.0,1108.0,345.0,2016
2016-10-07,France,Bulgaria,4.0,1.0,FIFA World Cup qualification,Saint-Denis,France,False,Home Win,1987.0,1587.0,400.0,2016
2016-10-07,Greece,Cyprus,2.0,0.0,FIFA World Cup qualification,Piraeus,Greece,False,Home Win,1637.0,1412.0,225.0,2016
2016-10-07,Netherlands,Belarus,4.0,1.0,FIFA World Cup qualification,Rotterdam,Netherlands,False,Home Win,1902.0,1613.0,289.0,2016
2016-10-07,Philippines,Bahrain,1.0,3.0,Friendly,Manila,Philippines,False,Away Win,1280.0,1427.0,-147.0,2016
2016-10-07,Portugal,Andorra,6.0,0.0,FIFA World Cup qualification,Aveiro,Portugal,False,Home Win,1924.0,958.0,966.0,2016
2016-10-07,Singapore,Malaysia,0.0,0.0,Friendly,Kallang,Singapore,False,Draw,1167.0,1123.0,44.0,2016
2016-10-07,Oman,Jordan,1.0,1.0,Friendly,Muscat,Oman,False,Draw,1470.0,1533.0,-63.0,2016
2016-10-07,Hungary,Switzerland,2.0,3.0,FIFA World Cup qualification,Budapest,Hungary,False,Away Win,1707.0,1837.0,-130.0,2016
2016-10-08,Montenegro,Kazakhstan,5.0,0.0,FIFA World Cup qualification,Podgorica,Montenegro,False,Home Win,1558.0,1403.0,155.0,2016
2016-10-08,Gabon,Morocco,0.0,0.0,FIFA World Cup qualification,Franceville,Gabon,False,Draw,1451.0,1572.0,-121.0,2016
2016-10-08,Armenia,Romania,0.0,5.0,FIFA World Cup qualification,Yerevan,Armenia,False,Away Win,1507.0,1765.0,-258.0,2016
2016-10-08,Scotland,Lithuania,1.0,1.0,FIFA World Cup qualification,Glasgow,Scotland,False,Draw,1720.0,1425.0,295.0,2016
2016-10-08,Slovenia,Slovakia,1.0,0.0,FIFA World Cup qualification,Ljubljana,Slovenia,False,Home Win,1622.0,1739.0,-117.0,2016
2016-10-08,Suriname,Guyana,3.0,2.0,CFU Caribbean Cup qualification,Paramaribo,Suriname,False,Home Win,1209.0,1250.0,-41.0,2016
2016-10-08,Germany,Czechia,3.0,0.0,FIFA World Cup qualification,Hamburg,Germany,False,Home Win,2059.0,1744.0,315.0,2016
2016-10-08,Poland,Denmark,3.0,2.0,FIFA World Cup qualification,Warsaw,Poland,False,Home Win,1778.0,1725.0,53.0,2016
2016-10-09,Finland,Croatia,0.0,1.0,FIFA World Cup qualification,Tampere,Finland,False,Away Win,1570.0,1818.0,-248.0,2016
2016-10-09,Congo,Egypt,1.0,2.0,FIFA World Cup qualification,Brazzaville,Congo,False,Away Win,1491.0,1619.0,-128.0,2016
2016-10-09,Iceland,Turkey,2.0,0.0,FIFA World Cup qualification,Reykjavík,Iceland,False,Home Win,1672.0,1823.0,-151.0,2016
2016-10-09,Albania,Spain,0.0,2.0,FIFA World Cup qualification,Shkodër,Albania,False,Away Win,1635.0,2002.0,-367.0,2016
2016-10-09,Algeria,Cameroon,1.0,1.0,FIFA World Cup qualification,Blida,Algeria,False,Draw,1654.0,1622.0,32.0,2016
2016-10-09,Indonesia,Vietnam,2.0,2.0,Friendly,Sleman,Indonesia,False,Draw,1220.0,1212.0,8.0,2016
2016-10-09,Israel,Liechtenstein,2.0,1.0,FIFA World Cup qualification,Jerusalem,Israel,False,Home Win,1574.0,1202.0,372.0,2016
2016-10-09,Zambia,Nigeria,1.0,2.0,FIFA World Cup qualification,Ndola,Zambia,False,Away Win,1498.0,1612.0,-114.0,2016
2016-10-09,Serbia,Austria,3.0,2.0,FIFA World Cup qualification,Belgrade,Serbia,False,Home Win,1716.0,1791.0,-75.0,2016
2016-10-09,Tunisia,Guinea,2.0,0.0,FIFA World Cup qualification,Monastir,Tunisia,False,Home Win,1550.0,1550.0,0.0,2016
2016-10-10,Estonia,Greece,0.0,2.0,FIFA World Cup qualification,Tallinn,Estonia,False,Away Win,1453.0,1637.0,-184.0,2016
2016-10-10,Andorra,Switzerland,1.0,2.0,FIFA World Cup qualification,Sant Julià de Lòria,Andorra,False,Away Win,958.0,1837.0,-879.0,2016
2016-10-10,Bhutan,Bangladesh,3.0,1.0,AFC Asian Cup qualification,Thimphu,Bhutan,False,Home Win,566.0,852.0,-286.0,2016
2016-10-10,Belarus,Luxembourg,1.0,1.0,FIFA World Cup qualification,Borisov,Belarus,False,Draw,1613.0,1232.0,381.0,2016
2016-10-10,Gibraltar,Belgium,0.0,6.0,FIFA World Cup qualification,Faro,Portugal,True,Away Win,1108.0,1881.0,-773.0,2016
2016-10-10,Netherlands,France,0.0,1.0,FIFA World Cup qualification,Amsterdam,Netherlands,False,Away Win,1902.0,1987.0,-85.0,2016
2016-10-10,Sweden,Bulgaria,3.0,0.0,FIFA World Cup qualification,Solna,Sweden,False,Home Win,1738.0,1587.0,151.0,2016
2016-10-10,Latvia,Hungary,0.0,2.0,FIFA World Cup qualification,Riga,Latvia,False,Away Win,1487.0,1707.0,-220.0,2016
2016-10-11,Kazakhstan,Romania,0.0,0.0,FIFA World Cup qualification,Astana,Kazakhstan,False,Draw,1403.0,1765.0,-362.0,2016
2016-10-11,Argentina,Paraguay,0.0,1.0,FIFA World Cup qualification,Córdoba,Argentina,False,Away Win,2100.0,1739.0,361.0,2016
2016-10-11,Australia,Japan,1.0,1.0,FIFA World Cup qualification,Melbourne,Australia,False,Draw,1734.0,1734.0,0.0,2016
2016-10-11,Bolivia,Ecuador,2.0,2.0,FIFA World Cup qualification,La Paz,Bolivia,False,Draw,1634.0,1811.0,-177.0,2016
2016-10-11,Chile,Peru,2.0,1.0,FIFA World Cup qualification,Santiago,Chile,False,Home Win,1991.0,1813.0,178.0,2016
2016-10-11,Colombia,Uruguay,2.0,2.0,FIFA World Cup qualification,Barranquilla,Colombia,False,Draw,1946.0,1904.0,42.0,2016
2016-10-11,Denmark,Montenegro,0.0,1.0,FIFA World Cup qualification,Copenhagen,Denmark,False,Away Win,1725.0,1558.0,167.0,2016
2016-10-11,Laos,Maldives,1.0,1.0,AFC Asian Cup qualification,Vientiane,Laos,False,Draw,779.0,960.0,-181.0,2016
2016-10-11,Kyrgyzstan,Turkmenistan,1.0,0.0,Friendly,Bishkek,Kyrgyzstan,False,Home Win,1217.0,1291.0,-74.0,2016
2016-10-11,Iraq,Thailand,4.0,0.0,FIFA World Cup qualification,Tehran,Iran,True,Home Win,1461.0,1406.0,55.0,2016
2016-10-11,Venezuela,Brazil,0.0,2.0,FIFA World Cup qualification,Mérida,Venezuela,False,Away Win,1694.0,2022.0,-328.0,2016
2016-10-11,Morocco,Canada,4.0,0.0,Friendly,Marrakesh,Morocco,False,Home Win,1572.0,1521.0,51.0,2016
2016-10-11,Oman,Bahrain,2.0,2.0,Friendly,Muscat,Oman,False,Draw,1470.0,1427.0,43.0,2016
2016-10-11,Poland,Armenia,2.0,1.0,FIFA World Cup qualification,Warsaw,Poland,False,Home Win,1778.0,1507.0,271.0,2016
2016-10-11,Qatar,Syria,1.0,0.0,FIFA World Cup qualification,Doha,Qatar,False,Home Win,1533.0,1517.0,16.0,2016
2016-10-11,Slovakia,Scotland,3.0,0.0,FIFA World Cup qualification,Trnava,Slovakia,False,Home Win,1739.0,1720.0,19.0,2016
2016-10-11,Slovenia,England,0.0,0.0,FIFA World Cup qualification,Ljubljana,Slovenia,False,Draw,1622.0,1959.0,-337.0,2016
2016-10-11,Uzbekistan,China,2.0,0.0,FIFA World Cup qualification,Tashkent,Uzbekistan,False,Home Win,1684.0,1568.0,116.0,2016
2016-10-11,Malaysia,Afghanistan,1.0,1.0,Friendly,Shah Alam,Malaysia,False,Draw,1123.0,1151.0,-28.0,2016
2016-10-11,Mexico,Panama,1.0,0.0,Friendly,Bridgeview,United States,True,Home Win,1895.0,1664.0,231.0,2016
2016-11-04,Myanmar,Indonesia,0.0,0.0,Friendly,Yangon,Myanmar,False,Draw,1048.0,1220.0,-172.0,2016
2016-11-05,Zimbabwe,Zambia,1.0,0.0,Friendly,Harare,Zimbabwe,False,Home Win,1393.0,1498.0,-105.0,2016
2016-11-06,Jordan,Iraq,0.0,0.0,Friendly,Amman,Jordan,False,Draw,1533.0,1461.0,72.0,2016
2016-11-06,Laos,Macao,1.0,4.0,AFC Solidarity Cup,Kuching,Malaysia,True,Away Win,779.0,623.0,156.0,2016
2016-11-08,Uganda,Zambia,0.0,1.0,Friendly,Kampala,Uganda,False,Away Win,1500.0,1498.0,2.0,2016
2016-11-08,Vietnam,Indonesia,3.0,2.0,Friendly,Hanoi,Vietnam,False,Home Win,1212.0,1220.0,-8.0,2016
2016-11-09,Greece,Belarus,0.0,1.0,Friendly,Piraeus,Greece,False,Away Win,1637.0,1613.0,24.0,2016
2016-11-09,Netherlands,Belgium,1.0,1.0,Friendly,Amsterdam,Netherlands,False,Draw,1902.0,1881.0,21.0,2016
2016-11-09,Philippines,Kyrgyzstan,1.0,0.0,Friendly,Manila,Philippines,False,Home Win,1280.0,1217.0,63.0,2016
2016-11-09,Syria,Singapore,2.0,0.0,Friendly,Paroi,Malaysia,True,Home Win,1517.0,1167.0,350.0,2016
2016-11-09,Tajikistan,Turkmenistan,3.0,0.0,Friendly,Dushanbe,Tajikistan,False,Home Win,1228.0,1291.0,-63.0,2016
2016-11-10,Paraguay,Peru,1.0,4.0,FIFA World Cup qualification,Asunción,Paraguay,False,Away Win,1739.0,1813.0,-74.0,2016
2016-11-10,Brazil,Argentina,3.0,0.0,FIFA World Cup qualification,Belo Horizonte,Brazil,False,Home Win,2022.0,2100.0,-78.0,2016
2016-11-10,Colombia,Chile,0.0,0.0,FIFA World Cup qualification,Barranquilla,Colombia,False,Draw,1946.0,1991.0,-45.0,2016
2016-11-10,Lebanon,Palestine,1.0,1.0,Friendly,Beirut,Lebanon,False,Draw,1370.0,1343.0,27.0,2016
2016-11-10,Uruguay,Ecuador,2.0,1.0,FIFA World Cup qualification,Montevideo,Uruguay,False,Home Win,1904.0,1811.0,93.0,2016
2016-11-10,Uzbekistan,Jordan,1.0,0.0,Friendly,Tashkent,Uzbekistan,False,Home Win,1684.0,1533.0,151.0,2016
2016-11-10,Venezuela,Bolivia,5.0,0.0,FIFA World Cup qualification,Maturín,Venezuela,False,Home Win,1694.0,1634.0,60.0,2016
2016-11-10,Qatar,Russia,2.0,1.0,Friendly,Doha,Qatar,False,Home Win,1533.0,1704.0,-171.0,2016
2016-11-11,England,Scotland,3.0,0.0,FIFA World Cup qualification,London,England,False,Home Win,1959.0,1720.0,239.0,2016
2016-11-11,Honduras,Panama,0.0,1.0,FIFA World Cup qualification,San Pedro Sula,Honduras,False,Away Win,1559.0,1664.0,-105.0,2016
2016-11-11,Armenia,Montenegro,3.0,2.0,FIFA World Cup qualification,Yerevan,Armenia,False,Home Win,1507.0,1558.0,-51.0,2016
2016-11-11,Czechia,Norway,2.0,1.0,FIFA World Cup qualification,Prague,Czech Republic,False,Home Win,1744.0,1633.0,111.0,2016
2016-11-11,Denmark,Kazakhstan,4.0,1.0,FIFA World Cup qualification,Copenhagen,Denmark,False,Home Win,1725.0,1403.0,322.0,2016
2016-11-11,France,Sweden,2.0,1.0,FIFA World Cup qualification,Saint-Denis,France,False,Home Win,1987.0,1738.0,249.0,2016
2016-11-11,Romania,Poland,0.0,3.0,FIFA World Cup qualification,Bucharest,Romania,False,Away Win,1765.0,1778.0,-13.0,2016
2016-11-11,Slovakia,Lithuania,4.0,0.0,FIFA World Cup qualification,Trnava,Slovakia,False,Home Win,1739.0,1425.0,314.0,2016
2016-11-11,Libya,Tunisia,0.0,1.0,FIFA World Cup qualification,Algiers,Algeria,True,Away Win,1462.0,1550.0,-88.0,2016
2016-11-11,Japan,Oman,4.0,0.0,Kirin Challenge Cup,Kashima,Japan,False,Home Win,1734.0,1470.0,264.0,2016
2016-11-12,Croatia,Iceland,2.0,0.0,FIFA World Cup qualification,Zagreb,Croatia,False,Home Win,1818.0,1672.0,146.0,2016
2016-11-12,Albania,Israel,0.0,3.0,FIFA World Cup qualification,Elbasan,Albania,False,Away Win,1635.0,1574.0,61.0,2016
2016-11-12,Cameroon,Zambia,1.0,1.0,FIFA World Cup qualification,Limbé,Cameroon,False,Draw,1622.0,1498.0,124.0,2016
2016-11-12,Liechtenstein,Italy,0.0,4.0,FIFA World Cup qualification,Vaduz,Liechtenstein,False,Away Win,1202.0,1918.0,-716.0,2016
2016-11-12,Austria,Ireland,0.0,1.0,FIFA World Cup qualification,Vienna,Austria,False,Away Win,1791.0,1758.0,33.0,2016
2016-11-12,Nigeria,Algeria,3.0,1.0,FIFA World Cup qualification,Uyo,Nigeria,False,Home Win,1612.0,1654.0,-42.0,2016
2016-11-12,Uganda,Congo,1.0,0.0,FIFA World Cup qualification,Kampala,Uganda,False,Home Win,1500.0,1491.0,9.0,2016
2016-11-13,Luxembourg,Netherlands,1.0,3.0,FIFA World Cup qualification,Luxembourg,Luxembourg,False,Away Win,1232.0,1902.0,-670.0,2016
2016-11-13,Hungary,Andorra,4.0,0.0,FIFA World Cup qualification,Budapest,Hungary,False,Home Win,1707.0,958.0,749.0,2016
2016-11-13,Belgium,Estonia,8.0,1.0,FIFA World Cup qualification,Brussels,Belgium,False,Home Win,1881.0,1453.0,428.0,2016
2016-11-13,Bulgaria,Belarus,1.0,0.0,FIFA World Cup qualification,Sofia,Bulgaria,False,Home Win,1587.0,1613.0,-26.0,2016
2016-11-13,Cyprus,Gibraltar,3.0,1.0,FIFA World Cup qualification,Nicosia,Cyprus,False,Home Win,1412.0,1108.0,304.0,2016
2016-11-13,Egypt,Ghana,2.0,0.0,FIFA World Cup qualification,Alexandria,Egypt,False,Home Win,1619.0,1618.0,1.0,2016
2016-11-13,Tajikistan,Afghanistan,1.0,0.0,Friendly,Dushanbe,Tajikistan,False,Home Win,1228.0,1151.0,77.0,2016
2016-11-13,Zimbabwe,Tanzania,3.0,0.0,Friendly,Harare,Zimbabwe,False,Home Win,1393.0,1336.0,57.0,2016
2016-11-13,Jamaica,Suriname,1.0,0.0,CFU Caribbean Cup qualification,Kingston,Jamaica,False,Home Win,1495.0,1209.0,286.0,2016
2016-11-13,Portugal,Latvia,4.0,1.0,FIFA World Cup qualification,Faro,Portugal,False,Home Win,1924.0,1487.0,437.0,2016
2016-11-14,Myanmar,Oman,0.0,3.0,Friendly,Yangon,Myanmar,False,Away Win,1048.0,1470.0,-422.0,2016
2016-11-14,Poland,Slovenia,1.0,1.0,Friendly,Wrocław,Poland,False,Draw,1778.0,1622.0,156.0,2016
2016-11-15,Jordan,Lebanon,0.0,0.0,Friendly,Amman,Jordan,False,Draw,1533.0,1370.0,163.0,2016
2016-11-15,England,Spain,2.0,2.0,Friendly,London,England,False,Draw,1959.0,2002.0,-43.0,2016
2016-11-15,China,Qatar,0.0,0.0,FIFA World Cup qualification,Kunming,China,False,Draw,1568.0,1533.0,35.0,2016
2016-11-15,Tunisia,Mauritania,0.0,0.0,Friendly,Gabès,Tunisia,False,Draw,1550.0,1296.0,254.0,2016
2016-11-15,Bolivia,Paraguay,1.0,0.0,FIFA World Cup qualification,La Paz,Bolivia,False,Home Win,1634.0,1739.0,-105.0,2016
2016-11-15,Bahrain,Kyrgyzstan,0.0,0.0,Friendly,Riffa,Bahrain,False,Draw,1427.0,1217.0,210.0,2016
2016-11-15,Austria,Slovakia,0.0,0.0,Friendly,Vienna,Austria,False,Draw,1791.0,1739.0,52.0,2016
2016-11-15,Argentina,Colombia,3.0,0.0,FIFA World Cup qualification,San Juan,Argentina,False,Home Win,2100.0,1946.0,154.0,2016
2016-11-15,Italy,Germany,0.0,0.0,Friendly,Milan,Italy,False,Draw,1918.0,2059.0,-141.0,2016
2016-11-15,Chile,Uruguay,3.0,1.0,FIFA World Cup qualification,Santiago,Chile,False,Home Win,1991.0,1904.0,87.0,2016
2016-11-15,Czechia,Denmark,1.0,1.0,Friendly,Mladá Boleslav,Czech Republic,False,Draw,1744.0,1725.0,19.0,2016
2016-11-15,Thailand,Australia,2.0,2.0,FIFA World Cup qualification,Bangkok,Thailand,False,Draw,1406.0,1734.0,-328.0,2016
2016-11-15,Russia,Romania,1.0,0.0,Friendly,Groznyy,Russia,False,Home Win,1704.0,1765.0,-61.0,2016
2016-11-15,Kenya,Liberia,1.0,0.0,Friendly,Nairobi,Kenya,False,Home Win,1352.0,1329.0,23.0,2016
2016-11-15,Syria,Iran,0.0,0.0,FIFA World Cup qualification,Paroi,Malaysia,True,Draw,1517.0,1750.0,-233.0,2016
2016-11-15,Ecuador,Venezuela,3.0,0.0,FIFA World Cup qualification,Quito,Ecuador,False,Home Win,1811.0,1694.0,117.0,2016
2016-11-15,Peru,Brazil,0.0,2.0,FIFA World Cup qualification,Lima,Peru,False,Away Win,1813.0,2022.0,-209.0,2016
2016-11-15,Morocco,Togo,2.0,1.0,Friendly,Marrakesh,Morocco,False,Home Win,1572.0,1395.0,177.0,2016
2016-11-15,Panama,Mexico,0.0,0.0,FIFA World Cup qualification,Panama City,Panama,False,Draw,1664.0,1895.0,-231.0,2016
2016-11-19,Philippines,Singapore,0.0,0.0,AFF Championship,Bocaue,Philippines,False,Draw,1280.0,1167.0,113.0,2016
2016-11-19,Thailand,Indonesia,4.0,2.0,AFF Championship,Bocaue,Philippines,True,Home Win,1406.0,1220.0,186.0,2016
2016-11-20,Myanmar,Vietnam,1.0,2.0,AFF Championship,Yangon,Myanmar,False,Away Win,1048.0,1212.0,-164.0,2016
2016-11-22,Philippines,Indonesia,2.0,2.0,AFF Championship,Bocaue,Philippines,False,Draw,1252.0,1195.0,57.0,2016
2016-11-22,Thailand,Singapore,1.0,0.0,AFF Championship,Bocaue,Philippines,True,Home Win,1395.0,1136.0,259.0,2016
2016-11-23,Malaysia,Vietnam,0.0,1.0,AFF Championship,Yangon,Myanmar,True,Away Win,1123.0,1212.0,-89.0,2016
2016-11-25,Philippines,Thailand,0.0,1.0,AFF Championship,Bocaue,Philippines,False,Away Win,1252.0,1395.0,-143.0,2016
2016-11-25,Singapore,Indonesia,1.0,2.0,AFF Championship,Manila,Philippines,True,Away Win,1136.0,1195.0,-59.0,2016
2016-11-26,Myanmar,Malaysia,1.0,0.0,AFF Championship,Yangon,Myanmar,False,Home Win,1048.0,1123.0,-75.0,2016
2016-12-03,Indonesia,Vietnam,2.0,1.0,AFF Championship,Bogor,Indonesia,False,Home Win,1195.0,1212.0,-17.0,2016
2016-12-04,Myanmar,Thailand,0.0,2.0,AFF Championship,Yangon,Myanmar,False,Away Win,1048.0,1395.0,-347.0,2016
2016-12-07,Vietnam,Indonesia,2.0,2.0,AFF Championship,Hanoi,Vietnam,False,Draw,1212.0,1195.0,17.0,2016
2016-12-08,Thailand,Myanmar,4.0,0.0,AFF Championship,Bangkok,Thailand,False,Home Win,1395.0,1048.0,347.0,2016
2016-12-14,Indonesia,Thailand,2.0,1.0,AFF Championship,Bogor,Indonesia,False,Home Win,1195.0,1395.0,-200.0,2016
2016-12-17,Thailand,Indonesia,2.0,0.0,AFF Championship,Bangkok,Thailand,False,Home Win,1395.0,1195.0,200.0,2016
2017-01-04,Tunisia,Uganda,2.0,0.0,Friendly,Tunis,Tunisia,False,Home Win,1550.0,1500.0,50.0,2017
2017-01-06,Suriname,Haiti,2.0,4.0,CFU Caribbean Cup qualification,Couva,Trinidad and Tobago,True,Away Win,1209.0,1511.0,-302.0,2017
2017-01-07,Algeria,Mauritania,3.0,1.0,Friendly,Blida,Algeria,False,Home Win,1654.0,1296.0,358.0,2017
2017-01-08,Egypt,Tunisia,1.0,0.0,Friendly,Cairo,Egypt,False,Home Win,1619.0,1550.0,69.0,2017
2017-01-08,Libya,Senegal,1.0,2.0,Friendly,Brazzaville,Congo,True,Away Win,1462.0,1659.0,-197.0,2017
2017-01-09,Morocco,Finland,0.0,1.0,Friendly,Al Ain,United Arab Emirates,True,Away Win,1572.0,1570.0,2.0,2017
2017-01-10,Algeria,Mauritania,6.0,0.0,Friendly,Sidi Moussa,Algeria,False,Home Win,1654.0,1296.0,358.0,2017
2017-01-10,Cameroon,Zimbabwe,1.0,1.0,Friendly,Yaoundé,Cameroon,False,Draw,1622.0,1393.0,229.0,2017
2017-01-10,China,Iceland,0.0,2.0,Friendly,Nanning,China,False,Away Win,1568.0,1672.0,-104.0,2017
2017-01-11,Chile,Croatia,1.0,1.0,Friendly,Nanning,China,True,Draw,1991.0,1818.0,173.0,2017
2017-01-11,Congo,Senegal,0.0,2.0,Friendly,Brazzaville,Congo,False,Away Win,1491.0,1659.0,-168.0,2017
2017-01-14,China,Croatia,1.0,1.0,Friendly,Nanning,China,False,Draw,1568.0,1818.0,-250.0,2017
2017-01-14,Gabon,Guinea-Bissau,1.0,1.0,African Cup of Nations,Libreville,Gabon,False,Draw,1451.0,1223.0,228.0,2017
2017-01-15,Algeria,Zimbabwe,2.0,2.0,African Cup of Nations,Franceville,Gabon,True,Draw,1654.0,1393.0,261.0,2017
2017-01-15,Iceland,Chile,0.0,1.0,Friendly,Nanning,China,True,Away Win,1672.0,1991.0,-319.0,2017
2017-01-15,Tunisia,Senegal,0.0,2.0,African Cup of Nations,Franceville,Gabon,True,Away Win,1550.0,1659.0,-109.0,2017
2017-01-17,Ghana,Uganda,1.0,0.0,African Cup of Nations,Port-Gentil,Gabon,True,Home Win,1618.0,1500.0,118.0,2017
2017-01-18,Cameroon,Guinea-Bissau,2.0,1.0,African Cup of Nations,Libreville,Gabon,True,Home Win,1622.0,1223.0,399.0,2017
2017-01-19,Algeria,Tunisia,1.0,2.0,African Cup of Nations,Franceville,Gabon,True,Away Win,1621.0,1560.0,61.0,2017
2017-01-19,Senegal,Zimbabwe,2.0,0.0,African Cup of Nations,Franceville,Gabon,True,Home Win,1709.0,1436.0,273.0,2017
2017-01-20,Morocco,Togo,3.0,1.0,African Cup of Nations,Oyem,Gabon,True,Home Win,1572.0,1395.0,177.0,2017
2017-01-20,Nicaragua,Belize,3.0,1.0,UNCAF Cup,Panama City,Panama,True,Home Win,1252.0,1199.0,53.0,2017
2017-01-21,Egypt,Uganda,1.0,0.0,African Cup of Nations,Port-Gentil,Gabon,True,Home Win,1619.0,1500.0,119.0,2017
2017-01-22,Belize,Honduras,0.0,1.0,UNCAF Cup,Panama City,Panama,True,Away Win,1199.0,1581.0,-382.0,2017
2017-01-22,Gabon,Cameroon,0.0,0.0,African Cup of Nations,Libreville,Gabon,False,Draw,1451.0,1622.0,-171.0,2017
2017-01-23,Uzbekistan,Georgia,2.0,2.0,Friendly,Dubai,United Arab Emirates,True,Draw,1684.0,1474.0,210.0,2017
2017-01-23,Zimbabwe,Tunisia,2.0,4.0,African Cup of Nations,Libreville,Gabon,True,Away Win,1436.0,1560.0,-124.0,2017
2017-01-23,Senegal,Algeria,2.0,2.0,African Cup of Nations,Franceville,Gabon,True,Draw,1709.0,1621.0,88.0,2017
2017-01-25,Egypt,Ghana,1.0,0.0,African Cup of Nations,Port-Gentil,Gabon,True,Home Win,1619.0,1618.0,1.0,2017
2017-01-25,Jordan,Georgia,1.0,0.0,Friendly,Dubai,United Arab Emirates,True,Home Win,1533.0,1474.0,59.0,2017
2017-01-26,Brazil,Colombia,1.0,0.0,Friendly,Rio de Janeiro,Brazil,False,Home Win,2022.0,1946.0,76.0,2017
2017-01-28,Senegal,Cameroon,0.0,0.0,African Cup of Nations,Franceville,Gabon,True,Draw,1709.0,1622.0,87.0,2017
2017-01-29,Egypt,Morocco,1.0,0.0,African Cup of Nations,Port-Gentil,Gabon,True,Home Win,1619.0,1572.0,47.0,2017
2017-02-02,Cameroon,Ghana,2.0,0.0,African Cup of Nations,Franceville,Gabon,True,Home Win,1622.0,1618.0,4.0,2017
2017-02-05,Egypt,Cameroon,1.0,2.0,African Cup of Nations,Libreville,Gabon,True,Away Win,1619.0,1622.0,-3.0,2017
2017-02-08,Mexico,Iceland,1.0,0.0,Friendly,Las Vegas,United States,True,Home Win,1895.0,1772.0,123.0,2017
2017-02-22,Ecuador,Honduras,3.0,1.0,Friendly,Guayaquil,Ecuador,False,Home Win,1811.0,1581.0,230.0,2017
2017-03-11,Burundi,Djibouti,7.0,0.0,Friendly,Bujumbura,Burundi,False,Home Win,1350.0,752.0,598.0,2017
2017-03-13,Burundi,Djibouti,1.0,0.0,Friendly,Bujumbura,Burundi,False,Home Win,1350.0,752.0,598.0,2017
2017-03-16,Honduras,Nicaragua,2.0,0.0,Friendly,San Pedro Sula,Honduras,False,Home Win,1581.0,1252.0,329.0,2017
2017-03-18,Iran,Iraq,0.0,1.0,Friendly,Tehran,Iran,False,Away Win,1750.0,1461.0,289.0,2017
2017-03-21,Indonesia,Myanmar,1.0,3.0,Friendly,Cibinong,Indonesia,False,Away Win,1195.0,1048.0,147.0,2017
2017-03-22,Germany,England,1.0,0.0,Friendly,Dortmund,Germany,False,Home Win,2059.0,1959.0,100.0,2017
2017-03-22,Cyprus,Kazakhstan,3.0,1.0,Friendly,Larnaca,Cyprus,False,Home Win,1412.0,1403.0,9.0,2017
2017-03-22,Czechia,Lithuania,3.0,0.0,Friendly,Ústí nad Labem,Czech Republic,False,Home Win,1744.0,1425.0,319.0,2017
2017-03-22,Scotland,Canada,1.0,1.0,Friendly,Edinburgh,Scotland,False,Draw,1720.0,1521.0,199.0,2017
2017-03-22,Philippines,Malaysia,0.0,0.0,Friendly,Manila,Philippines,False,Draw,1252.0,1123.0,129.0,2017
2017-03-23,Colombia,Bolivia,1.0,0.0,FIFA World Cup qualification,Barranquilla,Colombia,False,Home Win,1946.0,1634.0,312.0,2017
2017-03-23,Afghanistan,Singapore,2.0,1.0,Friendly,Al Wakrah,Qatar,True,Home Win,1151.0,1136.0,15.0,2017
2017-03-23,Argentina,Chile,1.0,0.0,FIFA World Cup qualification,Buenos Aires,Argentina,False,Home Win,2100.0,1984.0,116.0,2017
2017-03-23,Bahrain,Tajikistan,1.0,1.0,Friendly,Riffa,Bahrain,False,Draw,1427.0,1228.0,199.0,2017
2017-03-23,Iraq,Australia,1.0,1.0,FIFA World Cup qualification,Tehran,Iran,True,Draw,1461.0,1734.0,-273.0,2017
2017-03-23,Kenya,Uganda,1.0,1.0,Friendly,Machakos,Kenya,False,Draw,1352.0,1500.0,-148.0,2017
2017-03-23,Nigeria,Senegal,1.0,1.0,Friendly,London,England,True,Draw,1612.0,1709.0,-97.0,2017
2017-03-23,Qatar,Iran,0.0,1.0,FIFA World Cup qualification,Doha,Qatar,False,Away Win,1533.0,1750.0,-217.0,2017
2017-03-23,Syria,Uzbekistan,1.0,0.0,FIFA World Cup qualification,Paya Rumput,Malaysia,True,Home Win,1517.0,1684.0,-167.0,2017
2017-03-23,Uruguay,Brazil,1.0,4.0,FIFA World Cup qualification,Montevideo,Uruguay,False,Away Win,1904.0,2022.0,-118.0,2017
2017-03-23,Paraguay,Ecuador,2.0,1.0,FIFA World Cup qualification,Asunción,Paraguay,False,Home Win,1739.0,1811.0,-72.0,2017
2017-03-23,Venezuela,Peru,2.0,2.0,FIFA World Cup qualification,Maturín,Venezuela,False,Draw,1694.0,1813.0,-119.0,2017
2017-03-24,Italy,Albania,2.0,0.0,FIFA World Cup qualification,Palermo,Italy,False,Home Win,1918.0,1635.0,283.0,2017
2017-03-24,Georgia,Serbia,1.0,3.0,FIFA World Cup qualification,Tbilisi,Georgia,False,Away Win,1474.0,1716.0,-242.0,2017
2017-03-24,Guinea,Gabon,2.0,2.0,Friendly,Le Havre,France,True,Draw,1550.0,1451.0,99.0,2017
2017-03-24,Libya,Togo,0.0,0.0,Friendly,Alexandria,Egypt,True,Draw,1462.0,1395.0,67.0,2017
2017-03-24,Mauritania,Benin,1.0,0.0,Friendly,Nouakchott,Mauritania,False,Home Win,1296.0,1386.0,-90.0,2017
2017-03-24,Spain,Israel,4.0,1.0,FIFA World Cup qualification,Gijón,Spain,False,Home Win,2002.0,1574.0,428.0,2017
2017-03-24,Tunisia,Cameroon,0.0,1.0,Friendly,Monastir,Tunisia,False,Away Win,1560.0,1622.0,-62.0,2017
2017-03-24,Turkey,Finland,2.0,0.0,FIFA World Cup qualification,Antalya,Turkey,False,Home Win,1823.0,1570.0,253.0,2017
2017-03-25,Cyprus,Estonia,0.0,0.0,FIFA World Cup qualification,Nicosia,Cyprus,False,Draw,1412.0,1430.0,-18.0,2017
2017-03-25,Luxembourg,France,1.0,3.0,FIFA World Cup qualification,Luxembourg,Luxembourg,False,Away Win,1232.0,1987.0,-755.0,2017
2017-03-25,Bulgaria,Netherlands,2.0,0.0,FIFA World Cup qualification,Sofia,Bulgaria,False,Home Win,1587.0,1902.0,-315.0,2017
2017-03-25,Switzerland,Latvia,1.0,0.0,FIFA World Cup qualification,Geneva,Switzerland,False,Home Win,1837.0,1487.0,350.0,2017
2017-03-25,Belgium,Greece,1.0,1.0,FIFA World Cup qualification,Brussels,Belgium,False,Draw,1881.0,1637.0,244.0,2017
2017-03-25,Sweden,Belarus,4.0,0.0,FIFA World Cup qualification,Solna,Sweden,False,Home Win,1738.0,1613.0,125.0,2017
2017-03-25,Portugal,Hungary,3.0,0.0,FIFA World Cup qualification,Lisbon,Portugal,False,Home Win,1924.0,1707.0,217.0,2017
2017-03-26,Armenia,Kazakhstan,2.0,0.0,FIFA World Cup qualification,Yerevan,Armenia,False,Home Win,1507.0,1403.0,104.0,2017
2017-03-26,Barbados,Martinique,2.0,1.0,Friendly,Bridgetown,Barbados,False,Home Win,1134.0,1451.0,-317.0,2017
2017-03-26,England,Lithuania,2.0,0.0,FIFA World Cup qualification,London,England,False,Home Win,1959.0,1425.0,534.0,2017
2017-03-26,Montenegro,Poland,1.0,2.0,FIFA World Cup qualification,Podgorica,Montenegro,False,Away Win,1558.0,1778.0,-220.0,2017
2017-03-26,Romania,Denmark,0.0,0.0,FIFA World Cup qualification,Cluj,Romania,False,Draw,1765.0,1725.0,40.0,2017
2017-03-26,Scotland,Slovenia,1.0,0.0,FIFA World Cup qualification,Glasgow,Scotland,False,Home Win,1720.0,1622.0,98.0,2017
2017-03-26,Zimbabwe,Zambia,0.0,0.0,Friendly,Harare,Zimbabwe,False,Draw,1436.0,1498.0,-62.0,2017
2017-03-27,Mauritania,Congo,2.0,1.0,Friendly,Nouakchott,Mauritania,False,Home Win,1296.0,1491.0,-195.0,2017
2017-03-28,Afghanistan,Vietnam,1.0,1.0,AFC Asian Cup qualification,Dushanbe,Tajikistan,True,Draw,1153.0,1212.0,-59.0,2017
2017-03-28,Chile,Venezuela,3.0,1.0,FIFA World Cup qualification,Santiago,Chile,False,Home Win,1973.0,1686.0,287.0,2017
2017-03-28,Guyana,Martinique,0.0,0.0,Friendly,Linden,Guyana,False,Draw,1250.0,1451.0,-201.0,2017
2017-03-28,Georgia,Latvia,5.0,0.0,Friendly,Tbilisi,Georgia,False,Home Win,1474.0,1487.0,-13.0,2017
2017-03-28,France,Spain,0.0,2.0,Friendly,Saint-Denis,France,False,Away Win,1987.0,2002.0,-15.0,2017
2017-03-28,Estonia,Croatia,3.0,0.0,Friendly,Tallinn,Estonia,False,Home Win,1430.0,1818.0,-388.0,2017
2017-03-28,Egypt,Togo,3.0,0.0,Friendly,Alexandria,Egypt,False,Home Win,1619.0,1395.0,224.0,2017
2017-03-28,Ecuador,Colombia,0.0,2.0,FIFA World Cup qualification,Quito,Ecuador,False,Away Win,1831.0,1929.0,-98.0,2017
2017-03-28,Ireland,Iceland,0.0,1.0,Friendly,Dublin,Republic of Ireland,False,Away Win,1758.0,1772.0,-14.0,2017
2017-03-28,Cameroon,Guinea,1.0,2.0,Friendly,Molenbeek,Belgium,True,Away Win,1622.0,1550.0,72.0,2017
2017-03-28,Myanmar,India,0.0,1.0,AFC Asian Cup qualification,Yangon,Myanmar,False,Away Win,1048.0,1069.0,-21.0,2017
2017-03-28,Brazil,Paraguay,3.0,0.0,FIFA World Cup qualification,São Paulo,Brazil,False,Home Win,2118.0,1724.0,394.0,2017
2017-03-28,Bahrain,Singapore,0.0,0.0,AFC Asian Cup qualification,Riffa,Bahrain,False,Draw,1425.0,1104.0,321.0,2017
2017-03-28,Austria,Finland,1.0,1.0,Friendly,Innsbruck,Austria,False,Draw,1791.0,1570.0,221.0,2017
2017-03-28,Iran,China,1.0,0.0,FIFA World Cup qualification,Tehran,Iran,False,Home Win,1772.0,1549.0,223.0,2017
2017-03-28,Bolivia,Argentina,2.0,0.0,FIFA World Cup qualification,La Paz,Bolivia,False,Home Win,1628.0,2055.0,-427.0,2017
2017-03-28,Japan,Thailand,4.0,0.0,FIFA World Cup qualification,Saitama,Japan,False,Home Win,1778.0,1394.0,384.0,2017
2017-03-28,Uzbekistan,Qatar,1.0,0.0,FIFA World Cup qualification,Tashkent,Uzbekistan,False,Home Win,1638.0,1540.0,98.0,2017
2017-03-28,Russia,Belgium,3.0,3.0,Friendly,Sochi,Russia,False,Draw,1704.0,1881.0,-177.0,2017
2017-03-28,Portugal,Sweden,2.0,3.0,Friendly,Funchal,Portugal,False,Away Win,1924.0,1738.0,186.0,2017
2017-03-28,Oman,Bhutan,14.0,0.0,AFC Asian Cup qualification,Muscat,Oman,False,Home Win,1470.0,566.0,904.0,2017
2017-03-28,Tanzania,Burundi,2.0,1.0,Friendly,Dar es Salaam,Tanzania,False,Home Win,1336.0,1350.0,-14.0,2017
2017-03-28,Netherlands,Italy,1.0,2.0,Friendly,Amsterdam,Netherlands,False,Away Win,1902.0,1918.0,-16.0,2017
2017-03-28,Morocco,Tunisia,1.0,0.0,Friendly,Marrakesh,Morocco,False,Home Win,1572.0,1560.0,12.0,2017
2017-03-28,Maldives,Palestine,0.0,3.0,AFC Asian Cup qualification,Malé,Maldives,False,Away Win,960.0,1343.0,-383.0,2017
2017-03-28,Kyrgyzstan,Macao,1.0,0.0,AFC Asian Cup qualification,Bishkek,Kyrgyzstan,False,Home Win,1217.0,623.0,594.0,2017
2017-03-28,Peru,Uruguay,2.0,1.0,FIFA World Cup qualification,Lima,Peru,False,Home Win,1830.0,1887.0,-57.0,2017
2017-04-26,Martinique,Guadeloupe,4.0,1.0,Friendly,Le Lamentin,Martinique,False,Home Win,1451.0,1285.0,166.0,2017
2017-05-11,Senegal,Mauritania,2.0,0.0,Friendly,Dakar,Senegal,False,Home Win,1705.0,1296.0,409.0,2017
2017-05-13,Egypt,Libya,1.0,0.0,Friendly,Cairo,Egypt,False,Home Win,1619.0,1462.0,157.0,2017
2017-05-17,Guadeloupe,Dominica,2.0,2.0,Friendly,Les Abymes,Guadeloupe,False,Draw,1285.0,968.0,317.0,2017
2017-05-25,Ghana,Benin,1.0,1.0,Friendly,Accra,Ghana,False,Draw,1618.0,1386.0,232.0,2017
2017-05-28,Mexico,Croatia,1.0,2.0,Friendly,Los Angeles,United States,True,Away Win,1895.0,1818.0,77.0,2017
2017-05-31,Morocco,Netherlands,1.0,2.0,Friendly,Agadir,Morocco,False,Away Win,1572.0,1902.0,-330.0,2017
2017-06-01,Mexico,Ireland,3.0,1.0,Friendly,East Rutherford,United States,True,Home Win,1895.0,1758.0,137.0,2017
2017-06-01,Iraq,Jordan,1.0,0.0,Friendly,Basra,Iraq,False,Home Win,1505.0,1517.0,-12.0,2017
2017-06-01,Switzerland,Belarus,1.0,0.0,Friendly,Neuchâtel,Switzerland,False,Home Win,1837.0,1613.0,224.0,2017
2017-06-01,Nigeria,Togo,3.0,0.0,Friendly,Saint-Leu-la-Forêt,France,True,Home Win,1667.0,1395.0,272.0,2017
2017-06-02,France,Paraguay,5.0,0.0,Friendly,Rennes,France,False,Home Win,1987.0,1724.0,263.0,2017
2017-06-02,Nicaragua,Bolivia,0.0,1.0,Friendly,Managua,Nicaragua,False,Away Win,1252.0,1628.0,-376.0,2017
2017-06-02,Oman,Syria,1.0,1.0,Friendly,Muscat,Oman,False,Draw,1470.0,1573.0,-103.0,2017
2017-06-03,Ethiopia,Uganda,0.0,0.0,Friendly,Hawassa,Ethiopia,False,Draw,1279.0,1455.0,-176.0,2017
2017-06-03,Portugal,Cyprus,4.0,0.0,Friendly,Estoril,Portugal,False,Home Win,1924.0,1412.0,512.0,2017
2017-06-04,Montenegro,Iran,1.0,2.0,Friendly,Podgorica,Montenegro,False,Away Win,1558.0,1772.0,-214.0,2017
2017-06-04,Gabon,Zambia,0.0,0.0,Friendly,Libreville,Gabon,False,Draw,1451.0,1498.0,-47.0,2017
2017-06-04,Ireland,Uruguay,3.0,1.0,Friendly,Dublin,Republic of Ireland,False,Home Win,1758.0,1887.0,-129.0,2017
2017-06-04,Lesotho,Mauritania,1.0,0.0,Friendly,Pretoria,South Africa,True,Home Win,1142.0,1296.0,-154.0,2017
2017-06-04,Luxembourg,Albania,2.0,1.0,Friendly,Luxembourg,Luxembourg,False,Home Win,1232.0,1635.0,-403.0,2017
2017-06-05,Egypt,Libya,1.0,0.0,Friendly,New Cairo,Egypt,False,Home Win,1619.0,1462.0,157.0,2017
2017-06-05,Belgium,Czechia,2.0,1.0,Friendly,Brussels,Belgium,False,Home Win,1881.0,1744.0,137.0,2017
2017-06-05,Senegal,Uganda,0.0,0.0,Friendly,Dakar,Senegal,False,Draw,1705.0,1455.0,250.0,2017
2017-06-05,Hungary,Russia,0.0,3.0,Friendly,Budapest,Hungary,False,Away Win,1707.0,1704.0,3.0,2017
2017-06-06,Afghanistan,Maldives,2.0,1.0,Friendly,Dubai,United Arab Emirates,True,Home Win,1153.0,960.0,193.0,2017
2017-06-06,Algeria,Guinea,2.0,1.0,Friendly,Blida,Algeria,False,Home Win,1621.0,1550.0,71.0,2017
2017-06-06,Bahrain,Palestine,0.0,2.0,Friendly,Riffa,Bahrain,False,Away Win,1425.0,1343.0,82.0,2017
2017-06-06,Denmark,Germany,1.0,1.0,Friendly,Brøndby,Denmark,False,Draw,1725.0,2059.0,-334.0,2017
2017-06-06,Uzbekistan,Thailand,2.0,0.0,Friendly,Tashkent,Uzbekistan,False,Home Win,1638.0,1394.0,244.0,2017
2017-06-07,Bolivia,Nicaragua,3.0,2.0,Friendly,Yacuiba,Bolivia,False,Home Win,1628.0,1252.0,376.0,2017
2017-06-07,China,Philippines,8.0,1.0,Friendly,Guangzhou,China,False,Home Win,1549.0,1252.0,297.0,2017
2017-06-07,Finland,Liechtenstein,1.0,1.0,Friendly,Turku,Finland,False,Draw,1570.0,1202.0,368.0,2017
2017-06-07,Italy,Uruguay,3.0,0.0,Friendly,Nice,France,True,Home Win,1918.0,1887.0,31.0,2017
2017-06-07,Japan,Syria,1.0,1.0,Kirin Challenge Cup,Chōfu,Japan,False,Draw,1778.0,1573.0,205.0,2017
2017-06-07,Spain,Colombia,2.0,2.0,Friendly,Murcia,Spain,False,Draw,2002.0,1929.0,73.0,2017
2017-06-08,Ecuador,Venezuela,1.0,1.0,Friendly,Boca Raton,United States,True,Draw,1831.0,1686.0,145.0,2017
2017-06-08,Mexico,Honduras,3.0,0.0,FIFA World Cup qualification,Mexico City,Mexico,False,Home Win,1895.0,1581.0,314.0,2017
2017-06-08,Peru,Paraguay,1.0,0.0,Friendly,Trujillo,Peru,False,Home Win,1830.0,1724.0,106.0,2017
2017-06-09,Andorra,Hungary,1.0,0.0,FIFA World Cup qualification,Sant Julià de Lòria,Andorra,False,Home Win,958.0,1707.0,-749.0,2017
2017-06-09,Argentina,Brazil,1.0,0.0,Superclásico de las Américas,Melbourne,Australia,True,Home Win,2055.0,2118.0,-63.0,2017
2017-06-09,Belarus,Bulgaria,2.0,1.0,FIFA World Cup qualification,Borisov,Belarus,False,Home Win,1613.0,1587.0,26.0,2017
2017-06-09,Estonia,Belgium,0.0,2.0,FIFA World Cup qualification,Tallinn,Estonia,False,Away Win,1430.0,1881.0,-451.0,2017
2017-06-09,Gibraltar,Cyprus,1.0,2.0,FIFA World Cup qualification,Faro,Portugal,True,Away Win,1108.0,1412.0,-304.0,2017
2017-06-09,Latvia,Portugal,0.0,3.0,FIFA World Cup qualification,Riga,Latvia,False,Away Win,1487.0,1924.0,-437.0,2017
2017-06-09,Libya,Seychelles,5.0,1.0,African Cup of Nations qualification,New Cairo,Egypt,True,Home Win,1462.0,966.0,496.0,2017
2017-06-09,Netherlands,Luxembourg,5.0,0.0,FIFA World Cup qualification,Rotterdam,Netherlands,False,Home Win,1902.0,1232.0,670.0,2017
2017-06-09,Russia,Chile,1.0,1.0,Friendly,Moscow,Russia,False,Draw,1704.0,1973.0,-269.0,2017
2017-06-09,Sudan,Madagascar,1.0,3.0,African Cup of Nations qualification,al-Ubayyid,Sudan,False,Away Win,1299.0,1252.0,47.0,2017
2017-06-09,Sweden,France,2.0,1.0,FIFA World Cup qualification,Solna,Sweden,False,Home Win,1738.0,1987.0,-249.0,2017
2017-06-10,Cameroon,Morocco,1.0,0.0,African Cup of Nations qualification,Yaoundé,Cameroon,False,Home Win,1622.0,1572.0,50.0,2017
2017-06-10,Guinea-Bissau,Namibia,1.0,0.0,African Cup of Nations qualification,Bissau,Guinea-Bissau,False,Home Win,1223.0,1330.0,-107.0,2017
2017-06-10,Kazakhstan,Denmark,1.0,3.0,FIFA World Cup qualification,Almaty,Kazakhstan,False,Away Win,1403.0,1725.0,-322.0,2017
2017-06-10,Montenegro,Armenia,4.0,1.0,FIFA World Cup qualification,Podgorica,Montenegro,False,Home Win,1558.0,1507.0,51.0,2017
2017-06-10,Scotland,England,2.0,2.0,FIFA World Cup qualification,Glasgow,Scotland,False,Draw,1720.0,1959.0,-239.0,2017
2017-06-10,Lithuania,Slovakia,1.0,2.0,FIFA World Cup qualification,Vilnius,Lithuania,False,Away Win,1425.0,1739.0,-314.0,2017
2017-06-10,Norway,Czechia,1.0,1.0,FIFA World Cup qualification,Oslo,Norway,False,Draw,1633.0,1744.0,-111.0,2017
2017-06-10,Poland,Romania,3.0,1.0,FIFA World Cup qualification,Warsaw,Poland,False,Home Win,1778.0,1765.0,13.0,2017
2017-06-10,Tanzania,Lesotho,1.0,1.0,African Cup of Nations qualification,Dar es Salaam,Tanzania,False,Draw,1336.0,1142.0,194.0,2017
2017-06-11,Ireland,Austria,1.0,1.0,FIFA World Cup qualification,Dublin,Republic of Ireland,False,Draw,1758.0,1791.0,-33.0,2017
2017-06-11,Algeria,Togo,1.0,0.0,African Cup of Nations qualification,Blida,Algeria,False,Home Win,1621.0,1395.0,226.0,2017
2017-06-11,Benin,Gambia,1.0,0.0,African Cup of Nations qualification,Cotonou,Benin,False,Home Win,1386.0,1298.0,88.0,2017
2017-06-11,Iceland,Croatia,1.0,0.0,FIFA World Cup qualification,Reykjavík,Iceland,False,Home Win,1772.0,1818.0,-46.0,2017
2017-06-11,Ghana,Ethiopia,5.0,0.0,African Cup of Nations qualification,Kumasi,Ghana,False,Home Win,1618.0,1279.0,339.0,2017
2017-06-11,Italy,Liechtenstein,5.0,0.0,FIFA World Cup qualification,Udine,Italy,False,Home Win,1918.0,1202.0,716.0,2017
2017-06-11,Zimbabwe,Liberia,3.0,0.0,African Cup of Nations qualification,Harare,Zimbabwe,False,Home Win,1436.0,1329.0,107.0,2017
2017-06-11,Tunisia,Egypt,1.0,0.0,African Cup of Nations qualification,Radès,Tunisia,False,Home Win,1560.0,1619.0,-59.0,2017
2017-06-11,Israel,Albania,0.0,3.0,FIFA World Cup qualification,Haifa,Israel,False,Away Win,1574.0,1635.0,-61.0,2017
2017-06-12,Iran,Uzbekistan,2.0,0.0,FIFA World Cup qualification,Tehran,Iran,False,Home Win,1772.0,1638.0,134.0,2017
2017-06-12,Latvia,Estonia,1.0,2.0,Friendly,Riga,Latvia,False,Away Win,1487.0,1430.0,57.0,2017
2017-06-13,Bhutan,Maldives,0.0,2.0,AFC Asian Cup qualification,Thimphu,Bhutan,False,Away Win,566.0,960.0,-394.0,2017
2017-06-13,Cameroon,Colombia,0.0,4.0,Friendly,Getafe,Spain,True,Away Win,1691.0,1929.0,-238.0,2017
2017-06-13,Macao,Myanmar,0.0,4.0,AFC Asian Cup qualification,Macau,Macau,False,Away Win,623.0,1048.0,-425.0,2017
2017-06-13,India,Kyrgyzstan,1.0,0.0,AFC Asian Cup qualification,Bengaluru,India,False,Home Win,1069.0,1217.0,-148.0,2017
2017-06-13,Iraq,Japan,1.0,1.0,FIFA World Cup qualification,Tehran,Iran,True,Draw,1505.0,1778.0,-273.0,2017
2017-06-13,Australia,Brazil,0.0,4.0,Friendly,Melbourne,Australia,False,Away Win,1701.0,2118.0,-417.0,2017
2017-06-13,France,England,3.0,2.0,Friendly,Saint-Denis,France,False,Home Win,1987.0,1917.0,70.0,2017
2017-06-13,Malaysia,Lebanon,1.0,2.0,AFC Asian Cup qualification,Johor Bahru,Malaysia,False,Away Win,1123.0,1370.0,-247.0,2017
2017-06-13,Peru,Jamaica,3.0,1.0,Friendly,Arequipa,Peru,False,Home Win,1830.0,1495.0,335.0,2017
2017-06-13,Norway,Sweden,1.0,1.0,Friendly,Oslo,Norway,False,Draw,1561.0,1738.0,-177.0,2017
2017-06-13,Panama,Honduras,2.0,2.0,FIFA World Cup qualification,Panama City,Panama,False,Draw,1671.0,1581.0,90.0,2017
2017-06-13,Romania,Chile,3.0,2.0,Friendly,Cluj,Romania,False,Home Win,1667.0,1973.0,-306.0,2017
2017-06-13,Singapore,Argentina,0.0,6.0,Friendly,Kallang,Singapore,False,Away Win,1081.0,2055.0,-974.0,2017
2017-06-13,Syria,China,2.0,2.0,FIFA World Cup qualification,Paya Rumput,Malaysia,True,Draw,1573.0,1549.0,24.0,2017
2017-06-13,Canada,Curaçao,2.0,1.0,Friendly,Montreal,Canada,False,Home Win,1521.0,1107.0,414.0,2017
2017-06-13,Turkmenistan,Bahrain,1.0,2.0,AFC Asian Cup qualification,Daşoguz,Turkmenistan,False,Away Win,1291.0,1425.0,-134.0,2017
2017-06-13,Vietnam,Jordan,0.0,0.0,AFC Asian Cup qualification,Ho Chi Minh City,Vietnam,False,Draw,1212.0,1517.0,-305.0,2017
2017-06-13,Palestine,Oman,2.0,1.0,AFC Asian Cup qualification,Al-Ram,Palestine,False,Home Win,1343.0,1470.0,-127.0,2017
2017-06-13,Tajikistan,Philippines,3.0,4.0,AFC Asian Cup qualification,Dushanbe,Tajikistan,False,Away Win,1255.0,1252.0,3.0,2017
2017-06-17,Curaçao,Nicaragua,0.0,0.0,Friendly,Willemstad,Curaçao,False,Draw,1107.0,1252.0,-145.0,2017
2017-06-18,Cameroon,Chile,0.0,2.0,Confederations Cup,Moscow,Russia,True,Away Win,1691.0,1973.0,-282.0,2017
2017-06-18,Portugal,Mexico,2.0,2.0,Confederations Cup,Kazan,Russia,True,Draw,1924.0,1895.0,29.0,2017
2017-06-19,Australia,Germany,2.0,3.0,Confederations Cup,Sochi,Russia,True,Away Win,1701.0,2040.0,-339.0,2017
2017-06-21,Russia,Portugal,0.0,1.0,Confederations Cup,Moscow,Russia,False,Away Win,1704.0,1924.0,-220.0,2017
2017-06-22,Cameroon,Australia,1.0,1.0,Confederations Cup,Saint Petersburg,Russia,True,Draw,1691.0,1701.0,-10.0,2017
2017-06-22,Germany,Chile,1.0,1.0,Confederations Cup,Kazan,Russia,True,Draw,2040.0,1973.0,67.0,2017
2017-06-22,Martinique,Curaçao,1.0,2.0,CFU Caribbean Cup,Fort-de-France,Martinique,False,Away Win,1451.0,1107.0,344.0,2017
2017-06-24,Russia,Mexico,1.0,2.0,Confederations Cup,Kazan,Russia,False,Away Win,1704.0,1895.0,-191.0,2017
2017-06-25,Chile,Australia,1.0,1.0,Confederations Cup,Moscow,Russia,True,Draw,1973.0,1701.0,272.0,2017
2017-06-25,Germany,Cameroon,3.0,1.0,Confederations Cup,Sochi,Russia,True,Home Win,2040.0,1691.0,349.0,2017
2017-06-25,Jamaica,Curaçao,1.0,2.0,CFU Caribbean Cup,Fort-de-France,Martinique,True,Away Win,1495.0,1107.0,388.0,2017
2017-06-25,Mauritius,Angola,0.0,1.0,COSAFA Cup,Saulspoort,South Africa,True,Away Win,1103.0,1217.0,-114.0,2017
2017-06-25,Tanzania,Malawi,2.0,0.0,COSAFA Cup,Saulspoort,South Africa,True,Home Win,1317.0,1334.0,-17.0,2017
2017-06-26,Madagascar,Seychelles,2.0,0.0,COSAFA Cup,Saulspoort,South Africa,True,Home Win,1252.0,966.0,286.0,2017
2017-06-26,Mozambique,Zimbabwe,0.0,4.0,COSAFA Cup,Saulspoort,South Africa,True,Away Win,1363.0,1436.0,-73.0,2017
2017-06-27,Angola,Tanzania,0.0,0.0,COSAFA Cup,Rustenburg,South Africa,True,Draw,1217.0,1317.0,-100.0,2017
2017-06-27,Malawi,Mauritius,0.0,0.0,COSAFA Cup,Rustenburg,South Africa,True,Draw,1334.0,1103.0,231.0,2017
2017-06-28,Portugal,Chile,0.0,0.0,Confederations Cup,Kazan,Russia,True,Draw,1924.0,1973.0,-49.0,2017
2017-06-28,Seychelles,Mozambique,1.0,2.0,COSAFA Cup,Rustenburg,South Africa,True,Away Win,966.0,1363.0,-397.0,2017
2017-06-28,Zimbabwe,Madagascar,0.0,0.0,COSAFA Cup,Rustenburg,South Africa,True,Draw,1436.0,1252.0,184.0,2017
2017-06-29,Malawi,Angola,0.0,0.0,COSAFA Cup,Rustenburg,South Africa,True,Draw,1334.0,1217.0,117.0,2017
2017-06-29,Tanzania,Mauritius,1.0,1.0,COSAFA Cup,Saulspoort,South Africa,True,Draw,1317.0,1103.0,214.0,2017
2017-06-29,Germany,Mexico,4.0,1.0,Confederations Cup,Sochi,Russia,True,Home Win,2040.0,1895.0,145.0,2017
2017-06-30,Dominica,Barbados,2.0,1.0,Windward Islands Tournament,Sauteurs,Grenada,True,Home Win,968.0,1134.0,-166.0,2017
2017-06-30,Mozambique,Madagascar,1.0,4.0,COSAFA Cup,Saulspoort,South Africa,True,Away Win,1363.0,1252.0,111.0,2017
2017-06-30,Zimbabwe,Seychelles,6.0,0.0,COSAFA Cup,Rustenburg,South Africa,True,Home Win,1436.0,966.0,470.0,2017
2017-07-01,Botswana,Zambia,1.0,2.0,COSAFA Cup,Rustenburg,South Africa,True,Away Win,1250.0,1414.0,-164.0,2017
2017-07-01,Gambia,Guinea-Bissau,0.0,0.0,Friendly,Bakau,Gambia,False,Draw,1298.0,1288.0,10.0,2017
2017-07-01,Mexico,Paraguay,2.0,1.0,Friendly,Seattle,United States,True,Home Win,1895.0,1724.0,171.0,2017
2017-07-01,Namibia,Lesotho,0.0,0.0,COSAFA Cup,Rustenburg,South Africa,True,Draw,1351.0,1245.0,106.0,2017
2017-07-02,Chile,Germany,0.0,1.0,Confederations Cup,Saint Petersburg,Russia,True,Away Win,1973.0,2040.0,-67.0,2017
2017-07-02,Portugal,Mexico,2.0,1.0,Confederations Cup,Moscow,Russia,True,Home Win,1924.0,1920.0,4.0,2017
2017-07-05,Lesotho,Zimbabwe,3.0,4.0,COSAFA Cup,Saulspoort,South Africa,True,Away Win,1251.0,1436.0,-185.0,2017
2017-07-05,Zambia,Tanzania,4.0,2.0,COSAFA Cup,Saulspoort,South Africa,True,Home Win,1441.0,1317.0,124.0,2017
2017-07-06,Grenada,Barbados,0.0,2.0,Windward Islands Tournament,St. George's,Grenada,False,Away Win,1112.0,1134.0,-22.0,2017
2017-07-07,Tanzania,Lesotho,0.0,0.0,COSAFA Cup,Saulspoort,South Africa,True,Draw,1317.0,1251.0,66.0,2017
2017-07-08,Guinea-Bissau,Gambia,0.0,1.0,Friendly,Bissau,Guinea-Bissau,False,Away Win,1288.0,1298.0,-10.0,2017
2017-07-08,Martinique,Nicaragua,2.0,0.0,Gold Cup,Nashville,United States,True,Home Win,1451.0,1252.0,199.0,2017
2017-07-09,Curaçao,Jamaica,0.0,2.0,Gold Cup,San Diego,United States,True,Away Win,1107.0,1495.0,-388.0,2017
2017-07-09,Zambia,Zimbabwe,1.0,3.0,COSAFA Cup,Rustenburg,South Africa,True,Away Win,1441.0,1436.0,5.0,2017
2017-07-12,Panama,Nicaragua,2.0,1.0,Gold Cup,Tampa,United States,True,Home Win,1671.0,1252.0,419.0,2017
2017-07-13,Mexico,Jamaica,0.0,0.0,Gold Cup,Denver,United States,True,Draw,1920.0,1495.0,425.0,2017
2017-07-14,Canada,Honduras,0.0,0.0,Gold Cup,Frisco,United States,True,Draw,1521.0,1581.0,-60.0,2017
2017-07-15,Panama,Martinique,3.0,0.0,Gold Cup,Cleveland,United States,True,Home Win,1671.0,1451.0,220.0,2017
2017-07-16,Curaçao,Mexico,0.0,2.0,Gold Cup,San Antonio,United States,True,Away Win,1107.0,1920.0,-813.0,2017
2017-07-16,Thailand,Belarus,0.0,0.0,King's Cup,Bangkok,Thailand,False,Draw,1394.0,1613.0,-219.0,2017
2017-07-20,Jamaica,Canada,2.0,1.0,Gold Cup,Glendale,United States,True,Home Win,1495.0,1521.0,-26.0,2017
2017-07-20,Mexico,Honduras,1.0,0.0,Gold Cup,Glendale,United States,True,Home Win,1920.0,1581.0,339.0,2017
2017-07-23,Mexico,Jamaica,0.0,1.0,Gold Cup,Pasadena,United States,True,Away Win,1920.0,1495.0,425.0,2017
2017-08-05,Zambia,Ethiopia,0.0,0.0,Friendly,Lusaka,Zambia,False,Draw,1441.0,1279.0,162.0,2017
2017-08-07,Rwanda,Sudan,2.0,1.0,Friendly,Kigali,Rwanda,False,Home Win,1315.0,1299.0,16.0,2017
2017-08-16,Andorra,Qatar,0.0,1.0,Friendly,Burton on Trent,England,True,Away Win,958.0,1540.0,-582.0,2017
2017-08-19,India,Mauritius,2.0,1.0,Friendly,Bombay,India,False,Home Win,1069.0,1103.0,-34.0,2017
2017-08-22,Malaysia,Syria,1.0,2.0,Friendly,Paya Rumput,Malaysia,False,Away Win,1123.0,1573.0,-450.0,2017
2017-08-23,Qatar,Turkmenistan,2.0,1.0,Friendly,Al Rayyan,Qatar,False,Home Win,1540.0,1291.0,249.0,2017
2017-08-26,Iraq,Syria,1.0,1.0,Friendly,Paya Rumput,Malaysia,True,Draw,1505.0,1573.0,-68.0,2017
2017-08-29,Bahrain,Jordan,0.0,0.0,Friendly,Isa Town,Bahrain,False,Draw,1425.0,1517.0,-92.0,2017
2017-08-29,Myanmar,Malaysia,1.0,0.0,Friendly,Yangon,Myanmar,False,Home Win,1048.0,1123.0,-75.0,2017
2017-08-30,Oman,Afghanistan,2.0,0.0,Friendly,Muscat,Oman,False,Home Win,1470.0,1153.0,317.0,2017
2017-08-31,Japan,Australia,2.0,0.0,FIFA World Cup qualification,Saitama,Japan,False,Home Win,1778.0,1701.0,77.0,2017
2017-08-31,Belgium,Gibraltar,9.0,0.0,FIFA World Cup qualification,Liège,Belgium,False,Home Win,1881.0,1108.0,773.0,2017
2017-08-31,Brazil,Ecuador,2.0,0.0,FIFA World Cup qualification,Porto Alegre,Brazil,False,Home Win,2118.0,1831.0,287.0,2017
2017-08-31,Bulgaria,Sweden,3.0,2.0,FIFA World Cup qualification,Sofia,Bulgaria,False,Home Win,1587.0,1738.0,-151.0,2017
2017-08-31,Chile,Paraguay,0.0,3.0,FIFA World Cup qualification,Santiago,Chile,False,Away Win,1973.0,1707.0,266.0,2017
2017-08-31,China,Uzbekistan,1.0,0.0,FIFA World Cup qualification,Wuhan,China,False,Home Win,1549.0,1638.0,-89.0,2017
2017-08-31,France,Netherlands,4.0,0.0,FIFA World Cup qualification,Saint-Denis,France,False,Home Win,1987.0,1902.0,85.0,2017
2017-08-31,Guinea,Libya,3.0,2.0,FIFA World Cup qualification,Conakry,Guinea,False,Home Win,1534.0,1462.0,72.0,2017
2017-08-31,Hungary,Latvia,3.0,1.0,FIFA World Cup qualification,Budapest,Hungary,False,Home Win,1707.0,1487.0,220.0,2017
2017-08-31,Greece,Estonia,0.0,0.0,FIFA World Cup qualification,Piraeus,Greece,False,Draw,1637.0,1430.0,207.0,2017
2017-08-31,Kenya,Mauritania,1.0,1.0,Friendly,Agadir,Morocco,True,Draw,1380.0,1330.0,50.0,2017
2017-08-31,Luxembourg,Belarus,1.0,0.0,FIFA World Cup qualification,Luxembourg,Luxembourg,False,Home Win,1232.0,1613.0,-381.0,2017
2017-08-31,Peru,Bolivia,2.0,1.0,FIFA World Cup qualification,Lima,Peru,False,Home Win,1830.0,1628.0,202.0,2017
2017-08-31,Switzerland,Andorra,3.0,0.0,FIFA World Cup qualification,St. Gallen,Switzerland,False,Home Win,1837.0,958.0,879.0,2017
2017-08-31,Syria,Qatar,3.0,1.0,FIFA World Cup qualification,Paya Rumput,Malaysia,True,Home Win,1573.0,1557.0,16.0,2017
2017-08-31,Thailand,Iraq,1.0,2.0,FIFA World Cup qualification,Bangkok,Thailand,False,Away Win,1394.0,1505.0,-111.0,2017
2017-08-31,Uganda,Egypt,1.0,0.0,FIFA World Cup qualification,Kampala,Uganda,False,Home Win,1455.0,1619.0,-164.0,2017
2017-08-31,Uruguay,Argentina,0.0,0.0,FIFA World Cup qualification,Montevideo,Uruguay,False,Draw,1887.0,2055.0,-168.0,2017
2017-08-31,Venezuela,Colombia,0.0,0.0,FIFA World Cup qualification,San Cristóbal,Venezuela,False,Draw,1686.0,1929.0,-243.0,2017
2017-08-31,Niger,Togo,0.0,2.0,Friendly,Agadir,Morocco,True,Away Win,1287.0,1395.0,-108.0,2017
2017-09-01,Malta,England,0.0,4.0,FIFA World Cup qualification,Attard,Malta,False,Away Win,1226.0,1917.0,-691.0,2017
2017-09-01,Czechia,Germany,1.0,2.0,FIFA World Cup qualification,Prague,Czech Republic,False,Away Win,1697.0,2040.0,-343.0,2017
2017-09-01,Denmark,Poland,4.0,0.0,FIFA World Cup qualification,Copenhagen,Denmark,False,Home Win,1737.0,1872.0,-135.0,2017
2017-09-01,Ghana,Congo,1.0,1.0,FIFA World Cup qualification,Kumasi,Ghana,False,Draw,1574.0,1403.0,171.0,2017
2017-09-01,Lithuania,Scotland,0.0,3.0,FIFA World Cup qualification,Vilnius,Lithuania,False,Away Win,1447.0,1685.0,-238.0,2017
2017-09-01,Kazakhstan,Montenegro,0.0,3.0,FIFA World Cup qualification,Astana,Kazakhstan,False,Away Win,1368.0,1596.0,-228.0,2017
2017-09-01,Nigeria,Cameroon,4.0,0.0,FIFA World Cup qualification,Uyo,Nigeria,False,Home Win,1629.0,1691.0,-62.0,2017
2017-09-01,Morocco,Mali,6.0,0.0,FIFA World Cup qualification,Rabat,Morocco,False,Home Win,1598.0,1531.0,67.0,2017
2017-09-01,Norway,Azerbaijan,2.0,0.0,FIFA World Cup qualification,Oslo,Norway,False,Home Win,1561.0,1423.0,138.0,2017
2017-09-01,Romania,Armenia,1.0,0.0,FIFA World Cup qualification,Bucharest,Romania,False,Home Win,1667.0,1500.0,167.0,2017
2017-09-01,Slovakia,Slovenia,1.0,0.0,FIFA World Cup qualification,Trnava,Slovakia,False,Home Win,1766.0,1642.0,124.0,2017
2017-09-01,Mexico,Panama,1.0,0.0,FIFA World Cup qualification,Mexico City,Mexico,False,Home Win,1920.0,1671.0,249.0,2017
2017-09-02,Georgia,Ireland,1.0,1.0,FIFA World Cup qualification,Tbilisi,Georgia,False,Draw,1474.0,1758.0,-284.0,2017
2017-09-02,Albania,Liechtenstein,2.0,0.0,FIFA World Cup qualification,Elbasan,Albania,False,Home Win,1635.0,1202.0,433.0,2017
2017-09-02,Canada,Jamaica,2.0,0.0,Friendly,Toronto,Canada,False,Home Win,1521.0,1495.0,26.0,2017
2017-09-02,Indonesia,Fiji,0.0,0.0,Friendly,Bekasi,Indonesia,False,Draw,1195.0,1253.0,-58.0,2017
2017-09-02,Finland,Iceland,1.0,0.0,FIFA World Cup qualification,Tampere,Finland,False,Home Win,1570.0,1772.0,-202.0,2017
2017-09-02,Spain,Italy,3.0,0.0,FIFA World Cup qualification,Madrid,Spain,False,Home Win,2002.0,1918.0,84.0,2017
2017-09-02,Mozambique,Kenya,1.0,1.0,Friendly,Maputo,Mozambique,False,Draw,1363.0,1380.0,-17.0,2017
2017-09-02,Zambia,Algeria,3.0,1.0,FIFA World Cup qualification,Lusaka,Zambia,False,Home Win,1441.0,1621.0,-180.0,2017
2017-09-03,Belarus,Sweden,0.0,4.0,FIFA World Cup qualification,Borisov,Belarus,False,Away Win,1613.0,1738.0,-125.0,2017
2017-09-03,Estonia,Cyprus,1.0,0.0,FIFA World Cup qualification,Tallinn,Estonia,False,Home Win,1430.0,1412.0,18.0,2017
2017-09-03,France,Luxembourg,0.0,0.0,FIFA World Cup qualification,Toulouse,France,False,Draw,1987.0,1232.0,755.0,2017
2017-09-03,Greece,Belgium,1.0,2.0,FIFA World Cup qualification,Piraeus,Greece,False,Away Win,1637.0,1881.0,-244.0,2017
2017-09-03,Hungary,Portugal,0.0,1.0,FIFA World Cup qualification,Budapest,Hungary,False,Away Win,1707.0,1924.0,-217.0,2017
2017-09-03,Latvia,Switzerland,0.0,3.0,FIFA World Cup qualification,Riga,Latvia,False,Away Win,1487.0,1837.0,-350.0,2017
2017-09-03,Netherlands,Bulgaria,3.0,1.0,FIFA World Cup qualification,Amsterdam,Netherlands,False,Home Win,1902.0,1587.0,315.0,2017
2017-09-04,Cameroon,Nigeria,1.0,1.0,FIFA World Cup qualification,Yaoundé,Cameroon,False,Draw,1691.0,1629.0,62.0,2017
2017-09-04,Libya,Guinea,1.0,0.0,FIFA World Cup qualification,Monastir,Tunisia,True,Home Win,1462.0,1534.0,-72.0,2017
2017-09-04,Armenia,Denmark,1.0,4.0,FIFA World Cup qualification,Yerevan,Armenia,False,Away Win,1500.0,1737.0,-237.0,2017
2017-09-04,England,Slovakia,2.0,1.0,FIFA World Cup qualification,London,England,False,Home Win,1917.0,1766.0,151.0,2017
2017-09-04,Germany,Norway,6.0,0.0,FIFA World Cup qualification,Stuttgart,Germany,False,Home Win,2040.0,1561.0,479.0,2017
2017-09-04,Montenegro,Romania,1.0,0.0,FIFA World Cup qualification,Podgorica,Montenegro,False,Home Win,1596.0,1667.0,-71.0,2017
2017-09-04,Scotland,Malta,2.0,0.0,FIFA World Cup qualification,Glasgow,Scotland,False,Home Win,1685.0,1226.0,459.0,2017
2017-09-04,Slovenia,Lithuania,4.0,0.0,FIFA World Cup qualification,Ljubljana,Slovenia,False,Home Win,1642.0,1447.0,195.0,2017
2017-09-04,Poland,Kazakhstan,3.0,0.0,FIFA World Cup qualification,Warsaw,Poland,False,Home Win,1872.0,1368.0,504.0,2017
2017-09-04,Malawi,Togo,1.0,0.0,Friendly,Agadir,Morocco,True,Home Win,1334.0,1395.0,-61.0,2017
2017-09-05,Bolivia,Chile,1.0,0.0,FIFA World Cup qualification,La Paz,Bolivia,False,Home Win,1628.0,1973.0,-345.0,2017
2017-09-05,Argentina,Venezuela,1.0,1.0,FIFA World Cup qualification,Buenos Aires,Argentina,False,Draw,2055.0,1686.0,369.0,2017
2017-09-05,Australia,Thailand,2.0,1.0,FIFA World Cup qualification,Melbourne,Australia,False,Home Win,1701.0,1394.0,307.0,2017
2017-09-05,Austria,Georgia,1.0,1.0,FIFA World Cup qualification,Vienna,Austria,False,Draw,1791.0,1474.0,317.0,2017
2017-09-05,Bhutan,Palestine,0.0,2.0,AFC Asian Cup qualification,Thimphu,Bhutan,False,Away Win,566.0,1343.0,-777.0,2017
2017-09-05,Bahrain,Taiwan,5.0,0.0,AFC Asian Cup qualification,Riffa,Bahrain,False,Home Win,1425.0,891.0,534.0,2017
2017-09-05,Congo,Ghana,1.0,5.0,FIFA World Cup qualification,Brazzaville,Congo,False,Away Win,1403.0,1574.0,-171.0,2017
2017-09-05,Ecuador,Peru,1.0,2.0,FIFA World Cup qualification,Quito,Ecuador,False,Away Win,1831.0,1830.0,1.0,2017
2017-09-05,Ireland,Serbia,0.0,1.0,FIFA World Cup qualification,Dublin,Republic of Ireland,False,Away Win,1758.0,1716.0,42.0,2017
2017-09-05,Algeria,Zambia,0.0,1.0,FIFA World Cup qualification,Constantine,Algeria,False,Away Win,1621.0,1441.0,180.0,2017
2017-09-05,Colombia,Brazil,1.0,1.0,FIFA World Cup qualification,Barranquilla,Colombia,False,Draw,1929.0,2118.0,-189.0,2017
2017-09-05,Iran,Syria,2.0,2.0,FIFA World Cup qualification,Tehran,Iran,False,Draw,1772.0,1573.0,199.0,2017
2017-09-05,Egypt,Uganda,1.0,0.0,FIFA World Cup qualification,Alexandria,Egypt,False,Home Win,1619.0,1455.0,164.0,2017
2017-09-05,Italy,Israel,1.0,0.0,FIFA World Cup qualification,Reggio Emilia,Italy,False,Home Win,1918.0,1574.0,344.0,2017
2017-09-05,Mauritania,Niger,0.0,2.0,Friendly,Agadir,Morocco,True,Away Win,1330.0,1287.0,43.0,2017
2017-09-05,Liechtenstein,Spain,0.0,8.0,FIFA World Cup qualification,Vaduz,Liechtenstein,False,Away Win,1202.0,2002.0,-800.0,2017
2017-09-05,Macao,India,0.0,2.0,AFC Asian Cup qualification,Macau,Macau,False,Away Win,623.0,1069.0,-446.0,2017
2017-09-05,Singapore,Turkmenistan,1.0,1.0,AFC Asian Cup qualification,Kallang,Singapore,False,Draw,1081.0,1252.0,-171.0,2017
2017-09-05,Mali,Morocco,0.0,0.0,FIFA World Cup qualification,Bamako,Mali,False,Draw,1531.0,1598.0,-67.0,2017
2017-09-05,Paraguay,Uruguay,1.0,2.0,FIFA World Cup qualification,Asunción,Paraguay,False,Away Win,1707.0,1887.0,-180.0,2017
2017-09-05,Qatar,China,1.0,2.0,FIFA World Cup qualification,Doha,Qatar,False,Away Win,1557.0,1549.0,8.0,2017
2017-09-05,Turkey,Croatia,1.0,0.0,FIFA World Cup qualification,Eskişehir,Turkey,False,Home Win,1823.0,1818.0,5.0,2017
2017-09-05,Jordan,Afghanistan,4.0,1.0,AFC Asian Cup qualification,Amman,Jordan,False,Home Win,1517.0,1153.0,364.0,2017
2017-09-05,Oman,Maldives,5.0,0.0,AFC Asian Cup qualification,Muscat,Oman,False,Home Win,1470.0,960.0,510.0,2017
2017-10-02,Macao,Laos,3.0,1.0,Friendly,Macau,Macau,False,Home Win,623.0,779.0,-156.0,2017
2017-10-05,Bolivia,Brazil,0.0,0.0,FIFA World Cup qualification,La Paz,Bolivia,False,Draw,1628.0,2118.0,-490.0,2017
2017-10-05,Chile,Ecuador,2.0,1.0,FIFA World Cup qualification,Santiago,Chile,False,Home Win,1973.0,1831.0,142.0,2017
2017-10-05,Myanmar,Thailand,1.0,3.0,Friendly,Mandalay,Myanmar,False,Away Win,1048.0,1394.0,-346.0,2017
2017-10-05,Iran,Togo,2.0,0.0,Friendly,Tehran,Iran,False,Home Win,1772.0,1395.0,377.0,2017
2017-10-05,Argentina,Peru,0.0,0.0,FIFA World Cup qualification,Buenos Aires,Argentina,False,Draw,2055.0,1830.0,225.0,2017
2017-10-05,Colombia,Paraguay,1.0,2.0,FIFA World Cup qualification,Barranquilla,Colombia,False,Away Win,1929.0,1707.0,222.0,2017
2017-10-05,Armenia,Poland,1.0,6.0,FIFA World Cup qualification,Yerevan,Armenia,False,Away Win,1500.0,1872.0,-372.0,2017
2017-10-05,England,Slovenia,1.0,0.0,FIFA World Cup qualification,London,England,False,Home Win,1917.0,1642.0,275.0,2017
2017-10-05,Azerbaijan,Czechia,1.0,2.0,FIFA World Cup qualification,Baku,Azerbaijan,False,Away Win,1423.0,1697.0,-274.0,2017
2017-10-05,Iraq,Kenya,2.0,1.0,Friendly,Basra,Iraq,False,Home Win,1505.0,1380.0,125.0,2017
2017-10-05,Syria,Australia,1.0,1.0,FIFA World Cup qualification,Paya Rumput,Malaysia,True,Draw,1573.0,1701.0,-128.0,2017
2017-10-05,Malta,Lithuania,1.0,1.0,FIFA World Cup qualification,Attard,Malta,False,Draw,1226.0,1447.0,-221.0,2017
2017-10-05,Venezuela,Uruguay,0.0,0.0,FIFA World Cup qualification,San Cristóbal,Venezuela,False,Draw,1686.0,1887.0,-201.0,2017
2017-10-05,Qatar,Singapore,3.0,1.0,Friendly,Doha,Qatar,False,Home Win,1557.0,1081.0,476.0,2017
2017-10-05,Montenegro,Denmark,0.0,1.0,FIFA World Cup qualification,Podgorica,Montenegro,False,Away Win,1596.0,1737.0,-141.0,2017
2017-10-05,Romania,Kazakhstan,3.0,1.0,FIFA World Cup qualification,Ploiești,Romania,False,Home Win,1667.0,1368.0,299.0,2017
2017-10-05,Scotland,Slovakia,1.0,0.0,FIFA World Cup qualification,Glasgow,Scotland,False,Home Win,1685.0,1766.0,-81.0,2017
2017-10-06,Austria,Serbia,3.0,2.0,FIFA World Cup qualification,Vienna,Austria,False,Home Win,1791.0,1716.0,75.0,2017
2017-10-06,Croatia,Finland,1.0,1.0,FIFA World Cup qualification,Rijeka,Croatia,False,Draw,1818.0,1570.0,248.0,2017
2017-10-06,Turkey,Iceland,0.0,3.0,FIFA World Cup qualification,Eskişehir,Turkey,False,Away Win,1823.0,1772.0,51.0,2017
2017-10-06,Liechtenstein,Israel,0.0,1.0,FIFA World Cup qualification,Vaduz,Liechtenstein,False,Away Win,1202.0,1574.0,-372.0,2017
2017-10-06,Mauritania,Comoros,0.0,1.0,Friendly,La Marsa,Tunisia,True,Away Win,1330.0,1019.0,311.0,2017
2017-10-06,Spain,Albania,3.0,0.0,FIFA World Cup qualification,Alicante,Spain,False,Home Win,2002.0,1635.0,367.0,2017
2017-10-07,Gibraltar,Estonia,0.0,6.0,FIFA World Cup qualification,Faro,Portugal,True,Away Win,1108.0,1430.0,-322.0,2017
2017-10-07,Andorra,Portugal,0.0,2.0,FIFA World Cup qualification,Sant Julià de Lòria,Andorra,False,Away Win,958.0,1924.0,-966.0,2017
2017-10-07,Belarus,Netherlands,1.0,3.0,FIFA World Cup qualification,Borisov,Belarus,False,Away Win,1613.0,1902.0,-289.0,2017
2017-10-07,Bulgaria,France,0.0,1.0,FIFA World Cup qualification,Sofia,Bulgaria,False,Away Win,1587.0,1987.0,-400.0,2017
2017-10-07,Cameroon,Algeria,2.0,0.0,FIFA World Cup qualification,Yaoundé,Cameroon,False,Home Win,1691.0,1621.0,70.0,2017
2017-10-07,Cyprus,Greece,1.0,2.0,FIFA World Cup qualification,Nicosia,Cyprus,False,Away Win,1412.0,1637.0,-225.0,2017
2017-10-07,Grenada,Guyana,1.0,0.0,Friendly,St. George's,Grenada,False,Home Win,1112.0,1250.0,-138.0,2017
2017-10-07,Guinea,Tunisia,1.0,4.0,FIFA World Cup qualification,Conakry,Guinea,False,Away Win,1534.0,1560.0,-26.0,2017
2017-10-07,Nigeria,Zambia,1.0,0.0,FIFA World Cup qualification,Uyo,Nigeria,False,Home Win,1629.0,1441.0,188.0,2017
2017-10-07,Sweden,Luxembourg,8.0,0.0,FIFA World Cup qualification,Solna,Sweden,False,Home Win,1738.0,1232.0,506.0,2017
2017-10-07,Switzerland,Hungary,5.0,2.0,FIFA World Cup qualification,Basel,Switzerland,False,Home Win,1837.0,1707.0,130.0,2017
2017-10-07,Tanzania,Malawi,1.0,1.0,Friendly,Dar es Salaam,Tanzania,False,Draw,1317.0,1334.0,-17.0,2017
2017-10-07,Uganda,Ghana,0.0,0.0,FIFA World Cup qualification,Kampala,Uganda,False,Draw,1455.0,1574.0,-119.0,2017
2017-10-07,Morocco,Gabon,3.0,0.0,FIFA World Cup qualification,Casablanca,Morocco,False,Home Win,1598.0,1430.0,168.0,2017
2017-10-08,Kazakhstan,Armenia,1.0,1.0,FIFA World Cup qualification,Astana,Kazakhstan,False,Draw,1368.0,1500.0,-132.0,2017
2017-10-08,Denmark,Romania,1.0,1.0,FIFA World Cup qualification,Copenhagen,Denmark,False,Draw,1737.0,1667.0,70.0,2017
2017-10-08,Egypt,Congo,2.0,1.0,FIFA World Cup qualification,Alexandria,Egypt,False,Home Win,1619.0,1403.0,216.0,2017
2017-10-08,Germany,Azerbaijan,5.0,1.0,FIFA World Cup qualification,Kaiserslautern,Germany,False,Home Win,2040.0,1423.0,617.0,2017
2017-10-08,Lithuania,England,0.0,1.0,FIFA World Cup qualification,Vilnius,Lithuania,False,Away Win,1447.0,1917.0,-470.0,2017
2017-10-08,Slovakia,Malta,3.0,0.0,FIFA World Cup qualification,Trnava,Slovakia,False,Home Win,1766.0,1226.0,540.0,2017
2017-10-08,Slovenia,Scotland,2.0,2.0,FIFA World Cup qualification,Ljubljana,Slovenia,False,Draw,1642.0,1685.0,-43.0,2017
2017-10-08,Thailand,Kenya,1.0,0.0,Friendly,Pak Kret,Thailand,False,Home Win,1394.0,1380.0,14.0,2017
2017-10-08,Poland,Montenegro,4.0,2.0,FIFA World Cup qualification,Warsaw,Poland,False,Home Win,1872.0,1596.0,276.0,2017
2017-10-09,Israel,Spain,0.0,1.0,FIFA World Cup qualification,Jerusalem,Israel,False,Away Win,1574.0,2002.0,-428.0,2017
2017-10-09,Albania,Italy,0.0,1.0,FIFA World Cup qualification,Shkodër,Albania,False,Away Win,1635.0,1918.0,-283.0,2017
2017-10-09,Finland,Turkey,2.0,2.0,FIFA World Cup qualification,Turku,Finland,False,Draw,1570.0,1823.0,-253.0,2017
2017-10-09,Serbia,Georgia,1.0,0.0,FIFA World Cup qualification,Belgrade,Serbia,False,Home Win,1716.0,1474.0,242.0,2017
2017-10-10,Brazil,Chile,3.0,0.0,FIFA World Cup qualification,São Paulo,Brazil,False,Home Win,2118.0,1973.0,145.0,2017
2017-10-10,Australia,Syria,2.0,1.0,FIFA World Cup qualification,Sydney,Australia,False,Home Win,1701.0,1573.0,128.0,2017
2017-10-10,Maldives,Oman,1.0,3.0,AFC Asian Cup qualification,Malé,Maldives,False,Away Win,960.0,1470.0,-510.0,2017
2017-10-10,Benin,Gabon,1.0,0.0,Friendly,Salon-de-Provence,France,True,Home Win,1386.0,1430.0,-44.0,2017
2017-10-10,Myanmar,Kyrgyzstan,2.0,2.0,AFC Asian Cup qualification,Yangon,Myanmar,False,Draw,1048.0,1217.0,-169.0,2017
2017-10-10,Ecuador,Argentina,1.0,3.0,FIFA World Cup qualification,Quito,Ecuador,False,Away Win,1831.0,2055.0,-224.0,2017
2017-10-10,France,Belarus,2.0,1.0,FIFA World Cup qualification,Saint-Denis,France,False,Home Win,1987.0,1613.0,374.0,2017
2017-10-10,Greece,Gibraltar,4.0,0.0,FIFA World Cup qualification,Piraeus,Greece,False,Home Win,1637.0,1108.0,529.0,2017
2017-10-10,Honduras,Mexico,3.0,2.0,FIFA World Cup qualification,San Pedro Sula,Honduras,False,Home Win,1581.0,1920.0,-339.0,2017
2017-10-10,Japan,Haiti,3.0,3.0,Kirin Challenge Cup,Yokohama,Japan,False,Draw,1778.0,1511.0,267.0,2017
2017-10-10,Afghanistan,Jordan,3.0,3.0,AFC Asian Cup qualification,Dushanbe,Tajikistan,True,Draw,1153.0,1517.0,-364.0,2017
2017-10-10,Belgium,Cyprus,4.0,0.0,FIFA World Cup qualification,Brussels,Belgium,False,Home Win,1881.0,1412.0,469.0,2017
2017-10-10,Luxembourg,Bulgaria,1.0,1.0,FIFA World Cup qualification,Luxembourg,Luxembourg,False,Draw,1232.0,1587.0,-355.0,2017
2017-10-10,Taiwan,Bahrain,2.0,1.0,AFC Asian Cup qualification,Taipei,Taiwan,False,Home Win,891.0,1425.0,-534.0,2017
2017-10-10,Netherlands,Sweden,2.0,0.0,FIFA World Cup qualification,Amsterdam,Netherlands,False,Home Win,1902.0,1738.0,164.0,2017
2017-10-10,Qatar,Curaçao,1.0,2.0,Friendly,Doha,Qatar,False,Away Win,1557.0,1107.0,450.0,2017
2017-10-10,Paraguay,Venezuela,0.0,1.0,FIFA World Cup qualification,Asunción,Paraguay,False,Away Win,1707.0,1686.0,21.0,2017
2017-10-10,Latvia,Andorra,4.0,0.0,FIFA World Cup qualification,Riga,Latvia,False,Home Win,1487.0,958.0,529.0,2017
2017-10-10,Portugal,Switzerland,2.0,0.0,FIFA World Cup qualification,Lisbon,Portugal,False,Home Win,1924.0,1837.0,87.0,2017
2017-10-10,Russia,Iran,1.0,1.0,Friendly,Kazan,Russia,False,Draw,1704.0,1772.0,-68.0,2017
2017-10-10,Peru,Colombia,1.0,1.0,FIFA World Cup qualification,Lima,Peru,False,Draw,1830.0,1929.0,-99.0,2017
2017-10-10,Turkmenistan,Singapore,2.0,1.0,AFC Asian Cup qualification,Ashgabat,Turkmenistan,False,Home Win,1252.0,1081.0,171.0,2017
2017-10-10,Uruguay,Bolivia,4.0,2.0,FIFA World Cup qualification,Montevideo,Uruguay,False,Home Win,1887.0,1628.0,259.0,2017
2017-10-10,Palestine,Bhutan,10.0,0.0,AFC Asian Cup qualification,Hebron,Palestine,False,Home Win,1343.0,566.0,777.0,2017
2017-10-11,India,Macao,4.0,1.0,AFC Asian Cup qualification,Bengaluru,India,False,Home Win,1069.0,623.0,446.0,2017
2017-10-24,Grenada,Panama,0.0,5.0,Friendly,St. George's,Grenada,False,Away Win,1112.0,1669.0,-557.0,2017
2017-10-28,Bermuda,Barbados,2.0,3.0,Friendly,Hamilton,Bermuda,False,Away Win,1212.0,1134.0,78.0,2017
2017-11-08,Congo,Benin,1.0,1.0,Friendly,Brazzaville,Congo,False,Draw,1403.0,1415.0,-12.0,2017
2017-11-08,Iceland,Czechia,1.0,2.0,Friendly,Doha,Qatar,True,Away Win,1772.0,1697.0,75.0,2017
2017-11-09,Croatia,Greece,4.0,1.0,FIFA World Cup qualification,Zagreb,Croatia,False,Home Win,1818.0,1666.0,152.0,2017
2017-11-09,Armenia,Belarus,4.0,1.0,Friendly,Yerevan,Armenia,False,Home Win,1500.0,1509.0,-9.0,2017
2017-11-09,Cambodia,Myanmar,1.0,2.0,Friendly,Phnom Penh,Cambodia,False,Away Win,821.0,1080.0,-259.0,2017
2017-11-09,Finland,Estonia,3.0,0.0,Friendly,Helsinki,Finland,False,Home Win,1570.0,1495.0,75.0,2017
2017-11-09,Iran,Panama,2.0,1.0,Friendly,Graz,Austria,True,Home Win,1786.0,1669.0,117.0,2017
2017-11-09,Luxembourg,Hungary,2.0,1.0,Friendly,Luxembourg,Luxembourg,False,Home Win,1306.0,1614.0,-308.0,2017
2017-11-09,Scotland,Netherlands,0.0,1.0,Friendly,Aberdeen,Scotland,False,Away Win,1685.0,1872.0,-187.0,2017
2017-11-09,Singapore,Lebanon,0.0,1.0,Friendly,Kallang,Singapore,False,Away Win,1078.0,1440.0,-362.0,2017
2017-11-09,Romania,Turkey,2.0,0.0,Friendly,Cluj,Romania,False,Home Win,1667.0,1823.0,-156.0,2017
2017-11-10,Belgium,Mexico,3.0,3.0,Friendly,Brussels,Belgium,False,Draw,1929.0,1829.0,100.0,2017
2017-11-10,China,Serbia,0.0,2.0,Friendly,Guangzhou,China,False,Away Win,1549.0,1716.0,-167.0,2017
2017-11-10,England,Germany,0.0,0.0,Friendly,London,England,False,Draw,1917.0,2040.0,-123.0,2017
2017-11-10,Sweden,Italy,1.0,0.0,FIFA World Cup qualification,Solna,Sweden,False,Home Win,1791.0,1918.0,-127.0,2017
2017-11-10,Algeria,Nigeria,3.0,0.0,FIFA World Cup qualification,Constantine,Algeria,False,Home Win,1621.0,1629.0,-8.0,2017
2017-11-10,Honduras,Australia,0.0,0.0,FIFA World Cup qualification,San Pedro Sula,Honduras,False,Draw,1626.0,1713.0,-87.0,2017
2017-11-10,Japan,Brazil,1.0,3.0,Friendly,Villeneuve-d'Ascq,France,True,Away Win,1751.0,2112.0,-361.0,2017
2017-11-10,Poland,Uruguay,0.0,0.0,Friendly,Warsaw,Poland,False,Draw,1872.0,1876.0,-4.0,2017
2017-11-10,Georgia,Cyprus,1.0,0.0,Friendly,Gori,Georgia,False,Home Win,1474.0,1421.0,53.0,2017
2017-11-11,Namibia,Zimbabwe,3.0,1.0,Friendly,Windhoek,Namibia,False,Home Win,1345.0,1436.0,-91.0,2017
2017-11-11,Comoros,Madagascar,1.0,1.0,Friendly,Saint-Leu-la-Forêt,France,True,Draw,1019.0,1252.0,-233.0,2017
2017-11-11,Denmark,Ireland,0.0,0.0,FIFA World Cup qualification,Copenhagen,Denmark,False,Draw,1737.0,1758.0,-21.0,2017
2017-11-11,Gabon,Mali,0.0,0.0,FIFA World Cup qualification,Franceville,Gabon,False,Draw,1420.0,1531.0,-111.0,2017
2017-11-11,Qatar,Czechia,0.0,1.0,Friendly,Doha,Qatar,False,Away Win,1488.0,1697.0,-209.0,2017
2017-11-11,Russia,Argentina,0.0,1.0,Friendly,Moscow,Russia,False,Away Win,1696.0,2004.0,-308.0,2017
2017-11-11,Tunisia,Libya,0.0,0.0,FIFA World Cup qualification,Radès,Tunisia,False,Draw,1560.0,1462.0,98.0,2017
2017-11-11,Zambia,Cameroon,2.0,2.0,FIFA World Cup qualification,Ndola,Zambia,False,Draw,1441.0,1691.0,-250.0,2017
2017-11-11,Malawi,Lesotho,1.0,1.0,Friendly,Lilongwe,Malawi,False,Draw,1334.0,1251.0,83.0,2017
2017-11-12,Congo,Uganda,1.0,1.0,FIFA World Cup qualification,Brazzaville,Congo,False,Draw,1403.0,1455.0,-52.0,2017
2017-11-12,Ghana,Egypt,1.0,1.0,FIFA World Cup qualification,Kumasi,Ghana,False,Draw,1617.0,1619.0,-2.0,2017
2017-11-12,Benin,Tanzania,1.0,1.0,Friendly,Cotonou,Benin,False,Draw,1415.0,1317.0,98.0,2017
2017-11-12,Malta,Estonia,0.0,3.0,Friendly,Attard,Malta,False,Away Win,1226.0,1495.0,-269.0,2017
2017-11-12,Togo,Mauritius,6.0,0.0,Friendly,Lomé,Togo,False,Home Win,1395.0,1103.0,292.0,2017
2017-11-12,Greece,Croatia,0.0,0.0,FIFA World Cup qualification,Piraeus,Greece,False,Draw,1666.0,1818.0,-152.0,2017
2017-11-13,Armenia,Cyprus,3.0,2.0,Friendly,Yerevan,Armenia,False,Home Win,1500.0,1421.0,79.0,2017
2017-11-13,Georgia,Belarus,2.0,2.0,Friendly,Kutaisi,Georgia,False,Draw,1474.0,1509.0,-35.0,2017
2017-11-13,Iran,Venezuela,1.0,0.0,Friendly,Arnhem,Netherlands,True,Home Win,1786.0,1747.0,39.0,2017
2017-11-13,Iraq,Syria,1.0,1.0,Friendly,Karbala,Iraq,False,Draw,1505.0,1612.0,-107.0,2017
2017-11-13,Italy,Sweden,0.0,0.0,FIFA World Cup qualification,Milan,Italy,False,Draw,1918.0,1791.0,127.0,2017
2017-11-13,Poland,Mexico,0.0,1.0,Friendly,Gdańsk,Poland,False,Away Win,1872.0,1829.0,43.0,2017
2017-11-13,Turkey,Albania,2.0,3.0,Friendly,Antalya,Turkey,False,Away Win,1823.0,1635.0,188.0,2017
2017-11-14,Germany,France,2.0,2.0,Friendly,Cologne,Germany,False,Draw,2040.0,1979.0,61.0,2017
2017-11-14,Gabon,Botswana,0.0,0.0,Friendly,Franceville,Gabon,False,Draw,1420.0,1240.0,180.0,2017
2017-11-14,England,Brazil,0.0,0.0,Friendly,London,England,False,Draw,1917.0,2112.0,-195.0,2017
2017-11-14,China,Colombia,0.0,4.0,Friendly,Chongqing,China,False,Away Win,1549.0,1932.0,-383.0,2017
2017-11-14,Argentina,Nigeria,2.0,4.0,Friendly,Krasnodar,Russia,True,Away Win,2004.0,1629.0,375.0,2017
2017-11-14,Bhutan,Oman,2.0,4.0,AFC Asian Cup qualification,Thimphu,Bhutan,False,Away Win,595.0,1458.0,-863.0,2017
2017-11-14,Belgium,Japan,1.0,0.0,Friendly,Bruges,Belgium,False,Home Win,1929.0,1751.0,178.0,2017
2017-11-14,Austria,Uruguay,2.0,1.0,Friendly,Vienna,Austria,False,Home Win,1791.0,1876.0,-85.0,2017
2017-11-14,India,Myanmar,2.0,2.0,AFC Asian Cup qualification,Margao,India,False,Draw,1069.0,1080.0,-11.0,2017
2017-11-14,Ireland,Denmark,1.0,5.0,FIFA World Cup qualification,Dublin,Republic of Ireland,False,Away Win,1758.0,1737.0,21.0,2017
2017-11-14,Singapore,Bahrain,0.0,3.0,AFC Asian Cup qualification,Kallang,Singapore,False,Away Win,1078.0,1371.0,-293.0,2017
2017-11-14,Cambodia,Jordan,0.0,1.0,AFC Asian Cup qualification,Phnom Penh,Cambodia,False,Away Win,821.0,1484.0,-663.0,2017
2017-11-14,Nepal,Philippines,0.0,0.0,AFC Asian Cup qualification,Lalitpur,Nepal,False,Draw,893.0,1241.0,-348.0,2017
2017-11-14,Turkmenistan,Taiwan,2.0,1.0,AFC Asian Cup qualification,Balkanabat,Turkmenistan,False,Home Win,1255.0,930.0,325.0,2017
2017-11-14,Tajikistan,Yemen,0.0,0.0,AFC Asian Cup qualification,Hisor,Tajikistan,False,Draw,1222.0,1221.0,1.0,2017
2017-11-14,Slovakia,Norway,1.0,0.0,Friendly,Trnava,Slovakia,False,Home Win,1766.0,1561.0,205.0,2017
2017-11-14,Vietnam,Afghanistan,0.0,0.0,AFC Asian Cup qualification,Hanoi,Vietnam,False,Draw,1286.0,1141.0,145.0,2017
2017-11-14,Russia,Spain,3.0,3.0,Friendly,Saint Petersburg,Russia,False,Draw,1696.0,2002.0,-306.0,2017
2017-11-14,Romania,Netherlands,0.0,3.0,Friendly,Bucharest,Romania,False,Away Win,1667.0,1872.0,-205.0,2017
2017-11-14,Qatar,Iceland,1.0,1.0,Friendly,Doha,Qatar,False,Draw,1488.0,1772.0,-284.0,2017
2017-11-14,Palestine,Maldives,8.0,1.0,AFC Asian Cup qualification,Jenin,Palestine,False,Home Win,1406.0,946.0,460.0,2017
2017-11-14,Macao,Kyrgyzstan,3.0,4.0,AFC Asian Cup qualification,Macau,Macau,False,Away Win,623.0,1206.0,-583.0,2017
2017-11-15,Australia,Honduras,3.0,1.0,FIFA World Cup qualification,Sydney,Australia,False,Home Win,1713.0,1626.0,87.0,2017
2017-11-18,Fiji,Estonia,0.0,2.0,Friendly,Suva,Fiji,False,Away Win,1253.0,1495.0,-242.0,2017
2017-11-22,Vanuatu,Estonia,0.0,1.0,Friendly,Port Vila,Vanuatu,False,Away Win,1165.0,1495.0,-330.0,2017
2017-11-25,Indonesia,Guyana,2.0,1.0,Friendly,Cikarang,Indonesia,False,Home Win,1195.0,1250.0,-55.0,2017
2017-12-01,Laos,Philippines,1.0,3.0,Friendly,Taipei,Taiwan,True,Away Win,779.0,1241.0,-462.0,2017
2017-12-03,Kenya,Rwanda,2.0,0.0,CECAFA Cup,Kakamega,Kenya,False,Home Win,1380.0,1315.0,65.0,2017
2017-12-03,Libya,Tanzania,0.0,0.0,CECAFA Cup,Machakos,Kenya,True,Draw,1462.0,1317.0,145.0,2017
2017-12-03,Taiwan,Philippines,3.0,0.0,Friendly,Taipei,Taiwan,False,Home Win,930.0,1241.0,-311.0,2017
2017-12-04,Uganda,Burundi,0.0,0.0,CECAFA Cup,Kakamega,Kenya,True,Draw,1455.0,1311.0,144.0,2017
2017-12-05,Kenya,Libya,0.0,0.0,CECAFA Cup,Machakos,Kenya,False,Draw,1380.0,1462.0,-82.0,2017
2017-12-05,Taiwan,Laos,2.0,0.0,Friendly,Taipei,Taiwan,False,Home Win,930.0,779.0,151.0,2017
2017-12-06,Indonesia,Kyrgyzstan,0.0,1.0,Friendly,Banda Aceh,Indonesia,False,Away Win,1195.0,1206.0,-11.0,2017
2017-12-07,Burundi,Ethiopia,4.0,1.0,CECAFA Cup,Kakamega,Kenya,True,Home Win,1311.0,1279.0,32.0,2017
2017-12-07,Rwanda,Libya,0.0,0.0,CECAFA Cup,Machakos,Kenya,True,Draw,1315.0,1462.0,-147.0,2017
2017-12-09,Rwanda,Tanzania,2.0,1.0,CECAFA Cup,Machakos,Kenya,True,Home Win,1315.0,1317.0,-2.0,2017
2017-12-09,Vanuatu,Fiji,1.0,1.0,Pacific Mini Games,Port Vila,Vanuatu,False,Draw,1165.0,1253.0,-88.0,2017
2017-12-10,Ethiopia,Uganda,1.0,1.0,CECAFA Cup,Kakamega,Kenya,True,Draw,1279.0,1455.0,-176.0,2017
2017-12-11,Kenya,Tanzania,1.0,0.0,CECAFA Cup,Machakos,Kenya,False,Home Win,1380.0,1317.0,63.0,2017
2017-12-12,Japan,China,2.0,1.0,EAFF Championship,Chōfu,Japan,False,Home Win,1751.0,1549.0,202.0,2017
2017-12-14,Kenya,Burundi,1.0,0.0,CECAFA Cup,Kisumu,Kenya,False,Home Win,1380.0,1311.0,69.0,2017
2017-12-14,Qatar,Liechtenstein,1.0,2.0,Friendly,Doha,Qatar,False,Away Win,1488.0,1202.0,286.0,2017
2017-12-17,Burundi,Uganda,1.0,2.0,CECAFA Cup,Machakos,Kenya,True,Away Win,1311.0,1442.0,-131.0,2017
2017-12-17,Kenya,Zanzibar,2.0,2.0,CECAFA Cup,Machakos,Kenya,False,Draw,1380.0,1357.0,23.0,2017
2017-12-23,Bahrain,Iraq,1.0,1.0,Gulf Cup,Kuwait City,Kuwait,True,Draw,1371.0,1505.0,-134.0,2017
2017-12-23,Qatar,Yemen,4.0,0.0,Gulf Cup,Kuwait City,Kuwait,True,Home Win,1488.0,1224.0,264.0,2017
2017-12-25,Jordan,Libya,1.0,1.0,Friendly,Amman,Jordan,False,Draw,1484.0,1462.0,22.0,2017
2017-12-26,Iraq,Qatar,2.0,1.0,Gulf Cup,Kuwait City,Kuwait,True,Home Win,1505.0,1488.0,17.0,2017
2017-12-26,Yemen,Bahrain,0.0,1.0,Gulf Cup,Kuwait City,Kuwait,True,Away Win,1224.0,1371.0,-147.0,2017
2017-12-29,Iraq,Yemen,3.0,0.0,Gulf Cup,Kuwait City,Kuwait,True,Home Win,1505.0,1224.0,281.0,2017
2017-12-29,Qatar,Bahrain,1.0,1.0,Gulf Cup,Kuwait City,Kuwait,True,Draw,1488.0,1371.0,117.0,2017
2018-01-02,Oman,Bahrain,1.0,0.0,Gulf Cup,Kuwait City,Kuwait,True,Home Win,1462.0,1371.0,91.0,2018
2018-01-07,Estonia,Sweden,1.0,1.0,Friendly,Abu Dhabi,United Arab Emirates,True,Draw,1495.0,1791.0,-296.0,2018
2018-01-11,Denmark,Sweden,0.0,1.0,Friendly,Abu Dhabi,United Arab Emirates,True,Away Win,1737.0,1791.0,-54.0,2018
2018-01-11,Indonesia,Iceland,0.0,6.0,Friendly,Sleman,Indonesia,False,Away Win,1195.0,1772.0,-577.0,2018
2018-01-11,Jordan,Finland,1.0,2.0,Friendly,Abu Dhabi,United Arab Emirates,True,Away Win,1484.0,1570.0,-86.0,2018
2018-01-14,Indonesia,Iceland,1.0,4.0,Friendly,Jakarta,Indonesia,False,Away Win,1195.0,1772.0,-577.0,2018
2018-03-21,Laos,Cambodia,0.0,1.0,Friendly,Vientiane,Laos,False,Away Win,779.0,821.0,-42.0,2018
2018-03-21,Madagascar,Togo,0.0,0.0,Friendly,Saint-Leu-la-Forêt,France,True,Draw,1252.0,1395.0,-143.0,2018
2018-03-21,Zambia,Zimbabwe,2.0,2.0,Friendly,Ndola,Zambia,False,Draw,1441.0,1436.0,5.0,2018
2018-03-21,Andorra,Liechtenstein,1.0,0.0,Friendly,La Línea de la Concepción,Spain,True,Home Win,1012.0,1202.0,-190.0,2018
2018-03-21,Iraq,Qatar,2.0,3.0,Friendly,Basra,Iraq,False,Away Win,1505.0,1488.0,17.0,2018
2018-03-22,Belize,Grenada,4.0,2.0,Friendly,Belmopan,Belize,False,Home Win,1199.0,1112.0,87.0,2018
2018-03-22,Algeria,Tanzania,4.0,1.0,Friendly,Algiers,Algeria,False,Home Win,1621.0,1317.0,304.0,2018
2018-03-22,Bahrain,Palestine,0.0,0.0,Friendly,Riffa,Bahrain,False,Draw,1371.0,1406.0,-35.0,2018
2018-03-22,Denmark,Panama,1.0,0.0,Friendly,Brøndby,Denmark,False,Home Win,1737.0,1669.0,68.0,2018
2018-03-22,Kyrgyzstan,Myanmar,5.0,1.0,AFC Asian Cup qualification,Incheon,South Korea,True,Home Win,1206.0,1080.0,126.0,2018
2018-03-22,Macao,Mauritius,0.0,1.0,Friendly,Macau,Macau,False,Away Win,623.0,1103.0,-480.0,2018
2018-03-22,Philippines,Fiji,3.0,2.0,Friendly,Manila,Philippines,False,Home Win,1241.0,1253.0,-12.0,2018
2018-03-22,Nicaragua,Cuba,3.0,1.0,Friendly,Managua,Nicaragua,False,Home Win,1252.0,1310.0,-58.0,2018
2018-03-22,Thailand,Gabon,0.0,0.0,Friendly,Bangkok,Thailand,False,Draw,1394.0,1420.0,-26.0,2018
2018-03-22,Malta,Luxembourg,0.0,1.0,Friendly,Attard,Malta,False,Away Win,1226.0,1306.0,-80.0,2018
2018-03-23,Hungary,Kazakhstan,2.0,3.0,Friendly,Budapest,Hungary,False,Away Win,1614.0,1368.0,246.0,2018
2018-03-23,Greece,Switzerland,0.0,1.0,Friendly,Athens,Greece,False,Away Win,1666.0,1865.0,-199.0,2018
2018-03-23,Germany,Spain,1.0,1.0,Friendly,Düsseldorf,Germany,False,Draw,2040.0,2002.0,38.0,2018
2018-03-23,France,Colombia,2.0,3.0,Friendly,Saint-Denis,France,False,Away Win,1979.0,1932.0,47.0,2018
2018-03-23,Curaçao,Bolivia,1.0,1.0,Friendly,Willemstad,Curaçao,False,Draw,1267.0,1706.0,-439.0,2018
2018-03-23,Japan,Mali,1.0,1.0,Friendly,Liège,Belgium,True,Draw,1751.0,1531.0,220.0,2018
2018-03-23,Azerbaijan,Belarus,0.0,1.0,Friendly,Baku,Azerbaijan,False,Away Win,1423.0,1509.0,-86.0,2018
2018-03-23,Austria,Slovenia,3.0,0.0,Friendly,Klagenfurt,Austria,False,Home Win,1791.0,1642.0,149.0,2018
2018-03-23,Uruguay,Czechia,2.0,0.0,Friendly,Nanning,China,True,Home Win,1876.0,1697.0,179.0,2018
2018-03-23,Cyprus,Montenegro,0.0,0.0,Friendly,Nicosia,Cyprus,False,Draw,1421.0,1596.0,-175.0,2018
2018-03-23,Italy,Argentina,0.0,2.0,Friendly,Manchester,England,True,Away Win,1918.0,2004.0,-86.0,2018
2018-03-23,Turkey,Ireland,1.0,0.0,Friendly,Antalya,Turkey,False,Home Win,1823.0,1758.0,65.0,2018
2018-03-23,Senegal,Uzbekistan,1.0,1.0,Friendly,Casablanca,Morocco,True,Draw,1702.0,1638.0,64.0,2018
2018-03-23,Tunisia,Iran,1.0,0.0,Friendly,Radès,Tunisia,False,Home Win,1560.0,1786.0,-226.0,2018
2018-03-23,Singapore,Maldives,3.0,2.0,Friendly,Kallang,Singapore,False,Home Win,1078.0,946.0,132.0,2018
2018-03-23,Norway,Australia,4.0,1.0,Friendly,Oslo,Norway,False,Home Win,1561.0,1713.0,-152.0,2018
2018-03-23,Serbia,Morocco,1.0,2.0,Friendly,Turin,Italy,True,Away Win,1716.0,1652.0,64.0,2018
2018-03-23,Russia,Brazil,0.0,3.0,Friendly,Moscow,Russia,False,Away Win,1696.0,2112.0,-416.0,2018
2018-03-23,Portugal,Egypt,2.0,1.0,Friendly,Zürich,Switzerland,True,Home Win,2000.0,1619.0,381.0,2018
2018-03-23,Poland,Nigeria,0.0,1.0,Friendly,Wrocław,Poland,False,Away Win,1872.0,1629.0,243.0,2018
2018-03-23,Peru,Croatia,2.0,0.0,Friendly,Miami Gardens,United States,True,Home Win,1890.0,1818.0,72.0,2018
2018-03-23,Mexico,Iceland,3.0,0.0,Friendly,Santa Clara,United States,True,Home Win,1829.0,1772.0,57.0,2018
2018-03-23,Netherlands,England,0.0,1.0,Friendly,Amsterdam,Netherlands,False,Away Win,1872.0,1917.0,-45.0,2018
2018-03-24,Botswana,Lesotho,1.0,0.0,Friendly,Gaborone,Botswana,False,Home Win,1240.0,1251.0,-11.0,2018
2018-03-24,Georgia,Lithuania,4.0,0.0,Friendly,Tbilisi,Georgia,False,Home Win,1474.0,1447.0,27.0,2018
2018-03-24,Angola,Zimbabwe,2.0,2.0,Friendly,Ndola,Zambia,True,Draw,1217.0,1436.0,-219.0,2018
2018-03-24,Armenia,Estonia,0.0,0.0,Friendly,Yerevan,Armenia,False,Draw,1500.0,1495.0,5.0,2018
2018-03-24,Comoros,Kenya,2.0,2.0,Friendly,Marrakesh,Morocco,True,Draw,1019.0,1380.0,-361.0,2018
2018-03-24,Mauritania,Guinea,2.0,0.0,Friendly,Nouakchott,Mauritania,False,Home Win,1330.0,1534.0,-204.0,2018
2018-03-24,Qatar,Syria,2.0,2.0,Friendly,Basra,Iraq,True,Draw,1488.0,1612.0,-124.0,2018
2018-03-24,Sweden,Chile,1.0,2.0,Friendly,Solna,Sweden,False,Away Win,1791.0,1859.0,-68.0,2018
2018-03-24,Israel,Romania,1.0,2.0,Friendly,Netanya,Israel,False,Away Win,1574.0,1667.0,-93.0,2018
2018-03-25,Barbados,Bermuda,0.0,0.0,Friendly,Bridgetown,Barbados,False,Draw,1134.0,1212.0,-78.0,2018
2018-03-25,Gibraltar,Latvia,1.0,0.0,Friendly,Gibraltar,Gibraltar,False,Home Win,1078.0,1375.0,-297.0,2018
2018-03-25,Nicaragua,Cuba,3.0,3.0,Friendly,Managua,Nicaragua,False,Draw,1252.0,1310.0,-58.0,2018
2018-03-25,Thailand,Slovakia,2.0,3.0,Friendly,Bangkok,Thailand,False,Away Win,1394.0,1766.0,-372.0,2018
2018-03-26,Curaçao,Bolivia,1.0,0.0,Friendly,Willemstad,Curaçao,False,Home Win,1267.0,1706.0,-439.0,2018
2018-03-26,Albania,Norway,0.0,1.0,Friendly,Elbasan,Albania,False,Away Win,1635.0,1561.0,74.0,2018
2018-03-26,Bulgaria,Kazakhstan,2.0,1.0,Friendly,Felcsút,Hungary,True,Home Win,1610.0,1368.0,242.0,2018
2018-03-26,Finland,Malta,5.0,0.0,Friendly,Belek,Turkey,True,Home Win,1570.0,1226.0,344.0,2018
2018-03-26,Portugal,Netherlands,0.0,3.0,Friendly,Geneva,Switzerland,True,Away Win,2000.0,1872.0,128.0,2018
2018-03-26,China,Czechia,1.0,4.0,Friendly,Nanning,China,False,Away Win,1549.0,1697.0,-148.0,2018
2018-03-27,England,Italy,1.0,1.0,Friendly,London,England,False,Draw,1917.0,1918.0,-1.0,2018
2018-03-27,Algeria,Iran,1.0,2.0,Friendly,Graz,Austria,True,Away Win,1621.0,1786.0,-165.0,2018
2018-03-27,Armenia,Lithuania,0.0,1.0,Friendly,Yerevan,Armenia,False,Away Win,1500.0,1447.0,53.0,2018
2018-03-27,Australia,Colombia,0.0,0.0,Friendly,London,England,True,Draw,1713.0,1932.0,-219.0,2018
2018-03-27,Bahrain,Turkmenistan,4.0,0.0,AFC Asian Cup qualification,Riffa,Bahrain,False,Home Win,1371.0,1255.0,116.0,2018
2018-03-27,Myanmar,Macao,1.0,0.0,AFC Asian Cup qualification,Yangon,Myanmar,False,Home Win,1080.0,623.0,457.0,2018
2018-03-27,Denmark,Chile,0.0,0.0,Friendly,Aalborg,Denmark,False,Draw,1737.0,1859.0,-122.0,2018
2018-03-27,Maldives,Bhutan,7.0,0.0,AFC Asian Cup qualification,Malé,Maldives,False,Home Win,946.0,595.0,351.0,2018
2018-03-27,Lebanon,Malaysia,2.0,1.0,AFC Asian Cup qualification,Beirut,Lebanon,False,Home Win,1440.0,1081.0,359.0,2018
2018-03-27,Greece,Egypt,1.0,0.0,Friendly,Zürich,Switzerland,True,Home Win,1666.0,1619.0,47.0,2018
2018-03-27,Hungary,Scotland,0.0,1.0,Friendly,Budapest,Hungary,False,Away Win,1614.0,1685.0,-71.0,2018
2018-03-27,Iraq,Syria,1.0,1.0,Friendly,Basra,Iraq,False,Draw,1505.0,1612.0,-107.0,2018
2018-03-27,Jordan,Vietnam,1.0,1.0,AFC Asian Cup qualification,Amman,Jordan,False,Draw,1484.0,1286.0,198.0,2018
2018-03-27,Kyrgyzstan,India,2.0,1.0,AFC Asian Cup qualification,Bishkek,Kyrgyzstan,False,Home Win,1206.0,1069.0,137.0,2018
2018-03-27,Laos,Bangladesh,2.0,2.0,Friendly,Vientiane,Laos,False,Draw,779.0,852.0,-73.0,2018
2018-03-27,Afghanistan,Cambodia,2.0,1.0,AFC Asian Cup qualification,Dushanbe,Tajikistan,True,Home Win,1141.0,821.0,320.0,2018
2018-03-27,Germany,Brazil,0.0,1.0,Friendly,Berlin,Germany,False,Away Win,2040.0,2112.0,-72.0,2018
2018-03-27,Luxembourg,Austria,0.0,4.0,Friendly,Luxembourg,Luxembourg,False,Away Win,1306.0,1791.0,-485.0,2018
2018-03-27,Georgia,Estonia,2.0,0.0,Friendly,Tbilisi,Georgia,False,Home Win,1474.0,1495.0,-21.0,2018
2018-03-27,Mexico,Croatia,0.0,1.0,Friendly,Arlington,United States,True,Away Win,1829.0,1818.0,11.0,2018
2018-03-27,Romania,Sweden,1.0,0.0,Friendly,Craiova,Romania,False,Home Win,1667.0,1791.0,-124.0,2018
2018-03-27,Montenegro,Turkey,2.0,2.0,Friendly,Podgorica,Montenegro,False,Draw,1596.0,1823.0,-227.0,2018
2018-03-27,Morocco,Uzbekistan,2.0,0.0,Friendly,Casablanca,Morocco,False,Home Win,1652.0,1638.0,14.0,2018
2018-03-27,Namibia,Lesotho,2.0,1.0,Friendly,Windhoek,Namibia,False,Home Win,1345.0,1251.0,94.0,2018
2018-03-27,Oman,Palestine,1.0,0.0,AFC Asian Cup qualification,Muscat,Oman,False,Home Win,1462.0,1406.0,56.0,2018
2018-03-27,Peru,Iceland,3.0,1.0,Friendly,Harrison,United States,True,Home Win,1890.0,1772.0,118.0,2018
2018-03-27,Philippines,Tajikistan,2.0,1.0,AFC Asian Cup qualification,Manila,Philippines,False,Home Win,1241.0,1222.0,19.0,2018
2018-03-27,Russia,France,1.0,3.0,Friendly,Saint Petersburg,Russia,False,Away Win,1696.0,1979.0,-283.0,2018
2018-03-27,Taiwan,Singapore,1.0,0.0,AFC Asian Cup qualification,Taipei,Taiwan,False,Home Win,930.0,1078.0,-148.0,2018
2018-03-27,Slovenia,Belarus,0.0,2.0,Friendly,Ljubljana,Slovenia,False,Away Win,1642.0,1509.0,133.0,2018
2018-03-27,Spain,Argentina,6.0,1.0,Friendly,Madrid,Spain,False,Home Win,2002.0,2004.0,-2.0,2018
2018-03-27,Switzerland,Panama,6.0,0.0,Friendly,Lucerne,Switzerland,False,Home Win,1865.0,1669.0,196.0,2018
2018-03-27,Uganda,Malawi,0.0,0.0,Friendly,Kampala,Uganda,False,Draw,1442.0,1334.0,108.0,2018
2018-03-27,Yemen,Nepal,2.0,1.0,AFC Asian Cup qualification,Doha,Qatar,True,Home Win,1224.0,893.0,331.0,2018
2018-03-27,Serbia,Nigeria,2.0,0.0,Friendly,London,England,True,Home Win,1716.0,1629.0,87.0,2018
2018-04-01,Malaysia,Bhutan,7.0,0.0,Friendly,Kuala Lumpur,Malaysia,False,Home Win,1055.0,588.0,467.0,2018
2018-04-18,Zimbabwe,Botswana,0.0,1.0,Friendly,Harare,Zimbabwe,False,Away Win,1436.0,1240.0,196.0,2018
2018-05-08,Iraq,Palestine,0.0,0.0,Friendly,Basra,Iraq,False,Draw,1560.0,1403.0,157.0,2018
2018-05-19,Iran,Uzbekistan,1.0,0.0,Friendly,Tehran,Iran,False,Home Win,1796.0,1608.0,188.0,2018
2018-05-20,Jordan,Cyprus,3.0,0.0,Friendly,Amman,Jordan,False,Home Win,1467.0,1421.0,46.0,2018
2018-05-26,China,Myanmar,1.0,0.0,Friendly,Nanjing,China,False,Home Win,1549.0,1072.0,477.0,2018
2018-05-27,Madagascar,Mozambique,2.0,1.0,COSAFA Cup,Polokwane,South Africa,True,Home Win,1252.0,1311.0,-59.0,2018
2018-05-27,Comoros,Seychelles,1.0,1.0,COSAFA Cup,Polokwane,South Africa,True,Draw,1019.0,943.0,76.0,2018
2018-05-28,Portugal,Tunisia,2.0,2.0,Friendly,Braga,Portugal,False,Draw,2000.0,1643.0,357.0,2018
2018-05-28,France,Ireland,2.0,0.0,Friendly,Saint-Denis,France,False,Home Win,1983.0,1758.0,225.0,2018
2018-05-28,Angola,Botswana,1.0,2.0,COSAFA Cup,Polokwane,South Africa,True,Away Win,1217.0,1240.0,-23.0,2018
2018-05-28,Malawi,Mauritius,0.0,1.0,COSAFA Cup,Polokwane,South Africa,True,Away Win,1306.0,1074.0,232.0,2018
2018-05-28,Turkey,Iran,2.0,1.0,Friendly,Istanbul,Turkey,False,Home Win,1719.0,1796.0,-77.0,2018
2018-05-29,Armenia,Malta,1.0,1.0,Friendly,Wattens,Austria,True,Draw,1463.0,1226.0,237.0,2018
2018-05-29,Albania,Kosovo,0.0,3.0,Friendly,Zürich,Switzerland,True,Away Win,1635.0,1405.0,230.0,2018
2018-05-29,Madagascar,Seychelles,1.0,1.0,COSAFA Cup,Polokwane,South Africa,True,Draw,1252.0,943.0,309.0,2018
2018-05-29,Argentina,Haiti,4.0,0.0,Friendly,Buenos Aires,Argentina,False,Home Win,1983.0,1479.0,504.0,2018
2018-05-29,Peru,Scotland,2.0,0.0,Friendly,Lima,Peru,False,Home Win,1906.0,1717.0,189.0,2018
2018-05-29,Comoros,Mozambique,0.0,3.0,COSAFA Cup,Polokwane,South Africa,True,Away Win,1019.0,1311.0,-292.0,2018
2018-05-29,Azerbaijan,Kyrgyzstan,3.0,0.0,Friendly,Baku,Azerbaijan,False,Home Win,1392.0,1246.0,146.0,2018
2018-05-30,Japan,Ghana,0.0,2.0,Friendly,Yokohama,Japan,False,Away Win,1693.0,1617.0,76.0,2018
2018-05-30,Austria,Russia,1.0,0.0,Friendly,Innsbruck,Austria,False,Home Win,1725.0,1684.0,41.0,2018
2018-05-30,Malawi,Botswana,1.0,1.0,COSAFA Cup,Polokwane,South Africa,True,Draw,1306.0,1240.0,66.0,2018
2018-05-30,Angola,Mauritius,1.0,0.0,COSAFA Cup,Polokwane,South Africa,True,Home Win,1217.0,1074.0,143.0,2018
2018-05-30,Estonia,Lithuania,2.0,0.0,Baltic Cup,Rakvere,Estonia,False,Home Win,1503.0,1411.0,92.0,2018
2018-05-31,Luxembourg,Senegal,0.0,0.0,Friendly,Luxembourg,Luxembourg,False,Draw,1325.0,1742.0,-417.0,2018
2018-05-31,Ukraine,Morocco,0.0,0.0,Friendly,Geneva,Switzerland,True,Draw,1742.0,1709.0,33.0,2018
2018-05-31,Romania,Chile,3.0,2.0,Friendly,Graz,Austria,True,Home Win,1705.0,1873.0,-168.0,2018
2018-05-31,Comoros,Madagascar,0.0,1.0,COSAFA Cup,Polokwane,South Africa,True,Away Win,1019.0,1252.0,-233.0,2018
2018-05-31,Slovakia,Netherlands,1.0,1.0,Friendly,Trnava,Slovakia,False,Draw,1766.0,1872.0,-106.0,2018
2018-05-31,Mozambique,Seychelles,2.0,1.0,COSAFA Cup,Polokwane,South Africa,True,Home Win,1311.0,943.0,368.0,2018
2018-06-01,France,Italy,3.0,1.0,Friendly,Nice,France,False,Home Win,1983.0,1897.0,86.0,2018
2018-06-01,Turkey,Tunisia,2.0,2.0,Friendly,Geneva,Switzerland,True,Draw,1719.0,1643.0,76.0,2018
2018-06-01,Czechia,Australia,0.0,4.0,Friendly,Sankt Pölten,Austria,True,Away Win,1697.0,1715.0,-18.0,2018
2018-06-01,Colombia,Egypt,0.0,0.0,Friendly,Bergamo,Italy,True,Draw,1934.0,1637.0,297.0,2018
2018-06-01,Malta,Georgia,0.0,1.0,Friendly,Schwaz,Austria,True,Away Win,1226.0,1503.0,-277.0,2018
2018-06-01,Botswana,Mauritius,6.0,0.0,COSAFA Cup,Polokwane,South Africa,True,Home Win,1240.0,1074.0,166.0,2018
2018-06-01,Angola,Malawi,0.0,0.0,COSAFA Cup,Polokwane,South Africa,True,Draw,1217.0,1306.0,-89.0,2018
2018-06-01,India,Taiwan,5.0,0.0,Intercontinental Cup,Mumbai,India,False,Home Win,1151.0,997.0,154.0,2018
2018-06-02,Mexico,Scotland,1.0,0.0,Friendly,Mexico City,Mexico,False,Home Win,1858.0,1717.0,141.0,2018
2018-06-02,Thailand,China,0.0,2.0,Friendly,Bangkok,Thailand,False,Away Win,1394.0,1549.0,-155.0,2018
2018-06-02,England,Nigeria,2.0,1.0,Friendly,London,England,False,Home Win,1940.0,1698.0,242.0,2018
2018-06-02,Montenegro,Slovenia,0.0,2.0,Friendly,Podgorica,Montenegro,False,Away Win,1609.0,1606.0,3.0,2018
2018-06-02,Sweden,Denmark,0.0,0.0,Friendly,Solna,Sweden,False,Draw,1795.0,1841.0,-46.0,2018
2018-06-02,Belgium,Portugal,0.0,0.0,Friendly,Brussels,Belgium,False,Draw,1929.0,2000.0,-71.0,2018
2018-06-02,Austria,Germany,2.0,1.0,Friendly,Klagenfurt,Austria,False,Home Win,1725.0,2091.0,-366.0,2018
2018-06-02,Niger,Uganda,2.0,1.0,Friendly,Niamey,Niger,False,Home Win,1287.0,1452.0,-165.0,2018
2018-06-02,Zambia,Namibia,0.0,0.0,COSAFA Cup,Polokwane,South Africa,True,Draw,1441.0,1386.0,55.0,2018
2018-06-02,Latvia,Estonia,1.0,0.0,Baltic Cup,Riga,Latvia,False,Home Win,1375.0,1503.0,-128.0,2018
2018-06-02,Iceland,Norway,2.0,3.0,Friendly,Reykjavík,Iceland,False,Away Win,1787.0,1561.0,226.0,2018
2018-06-03,Albania,Ukraine,1.0,4.0,Friendly,Évian-les-Bains,France,True,Away Win,1635.0,1742.0,-107.0,2018
2018-06-03,Spain,Switzerland,1.0,1.0,Friendly,Villarreal,Spain,False,Draw,2048.0,1878.0,170.0,2018
2018-06-03,Croatia,Brazil,0.0,2.0,Friendly,Liverpool,England,True,Away Win,1853.0,2130.0,-277.0,2018
2018-06-03,Barbados,Belize,0.0,0.0,Friendly,Bridgetown,Barbados,False,Draw,1134.0,1199.0,-65.0,2018
2018-06-03,Zimbabwe,Botswana,1.0,1.0,COSAFA Cup,Polokwane,South Africa,True,Draw,1436.0,1313.0,123.0,2018
2018-06-04,Slovakia,Morocco,1.0,2.0,Friendly,Geneva,Switzerland,True,Away Win,1766.0,1709.0,57.0,2018
2018-06-04,Serbia,Chile,0.0,1.0,Friendly,Graz,Austria,True,Away Win,1770.0,1873.0,-103.0,2018
2018-06-04,India,Kenya,3.0,0.0,Intercontinental Cup,Mumbai,India,False,Home Win,1162.0,1372.0,-210.0,2018
2018-06-04,Italy,Netherlands,1.0,1.0,Friendly,Turin,Italy,False,Draw,1892.0,1872.0,20.0,2018
2018-06-05,Russia,Turkey,1.0,1.0,Friendly,Moscow,Russia,False,Draw,1684.0,1726.0,-42.0,2018
2018-06-05,Romania,Finland,2.0,0.0,Friendly,Ploiești,Romania,False,Home Win,1705.0,1570.0,135.0,2018
2018-06-05,Luxembourg,Georgia,1.0,0.0,Friendly,Luxembourg,Luxembourg,False,Home Win,1325.0,1506.0,-181.0,2018
2018-06-05,Kazakhstan,Azerbaijan,3.0,0.0,Friendly,Astana,Kazakhstan,False,Home Win,1368.0,1392.0,-24.0,2018
2018-06-05,Lithuania,Latvia,1.0,1.0,Baltic Cup,Vilnius,Lithuania,False,Draw,1411.0,1375.0,36.0,2018
2018-06-06,Belgium,Egypt,3.0,0.0,Friendly,Brussels,Belgium,False,Home Win,1929.0,1641.0,288.0,2018
2018-06-06,Norway,Panama,1.0,0.0,Friendly,Oslo,Norway,False,Home Win,1561.0,1661.0,-100.0,2018
2018-06-06,Czechia,Nigeria,1.0,0.0,Friendly,Schwechat,Austria,True,Home Win,1702.0,1698.0,4.0,2018
2018-06-06,Zambia,Madagascar,1.0,0.0,COSAFA Cup,Polokwane,South Africa,True,Home Win,1441.0,1252.0,189.0,2018
2018-06-06,Lesotho,Zimbabwe,0.0,0.0,COSAFA Cup,Polokwane,South Africa,True,Draw,1254.0,1436.0,-182.0,2018
2018-06-06,Belarus,Hungary,1.0,1.0,Friendly,Brest,Belarus,False,Draw,1530.0,1583.0,-53.0,2018
2018-06-07,Uruguay,Uzbekistan,3.0,0.0,Friendly,Montevideo,Uruguay,False,Home Win,1876.0,1608.0,268.0,2018
2018-06-07,Portugal,Algeria,3.0,0.0,Friendly,Lisbon,Portugal,False,Home Win,2000.0,1505.0,495.0,2018
2018-06-07,Iceland,Ghana,2.0,2.0,Friendly,Reykjavík,Iceland,False,Draw,1787.0,1617.0,170.0,2018
2018-06-08,Switzerland,Japan,2.0,0.0,Friendly,Lugano,Switzerland,False,Home Win,1878.0,1693.0,185.0,2018
2018-06-08,Lithuania,Iran,0.0,1.0,Friendly,Moscow,Russia,True,Away Win,1411.0,1796.0,-385.0,2018
2018-06-08,Croatia,Senegal,2.0,1.0,Friendly,Osijek,Croatia,False,Home Win,1853.0,1742.0,111.0,2018
2018-06-08,Poland,Chile,2.0,2.0,Friendly,Poznań,Poland,False,Draw,1830.0,1873.0,-43.0,2018
2018-06-08,Taiwan,Kenya,0.0,4.0,Intercontinental Cup,Mumbai,India,True,Away Win,986.0,1372.0,-386.0,2018
2018-06-08,Madagascar,Lesotho,0.0,1.0,COSAFA Cup,Polokwane,South Africa,True,Away Win,1252.0,1254.0,-2.0,2018
2018-06-09,Denmark,Mexico,2.0,0.0,Friendly,Brøndby,Denmark,False,Home Win,1841.0,1858.0,-17.0,2018
2018-06-09,Serbia,Bolivia,5.0,1.0,Friendly,Graz,Austria,True,Home Win,1770.0,1706.0,64.0,2018
2018-06-09,Sweden,Peru,0.0,0.0,Friendly,Gothenburg,Sweden,False,Draw,1795.0,1906.0,-111.0,2018
2018-06-09,Hungary,Australia,1.0,2.0,Friendly,Budapest,Hungary,False,Away Win,1583.0,1734.0,-151.0,2018
2018-06-09,Zambia,Zimbabwe,2.0,4.0,COSAFA Cup,Polokwane,South Africa,True,Away Win,1441.0,1436.0,5.0,2018
2018-06-09,Finland,Belarus,2.0,0.0,Friendly,Tampere,Finland,False,Home Win,1570.0,1530.0,40.0,2018
2018-06-09,Tunisia,Spain,0.0,1.0,Friendly,Krasnodar,Russia,True,Away Win,1653.0,2048.0,-395.0,2018
2018-06-09,Latvia,Azerbaijan,1.0,3.0,Friendly,Riga,Latvia,False,Away Win,1375.0,1392.0,-17.0,2018
2018-06-09,Estonia,Morocco,1.0,3.0,Friendly,Tallinn,Estonia,False,Away Win,1503.0,1709.0,-206.0,2018
2018-06-10,Austria,Brazil,0.0,3.0,Friendly,Vienna,Austria,False,Away Win,1725.0,2130.0,-405.0,2018
2018-06-10,India,Kenya,2.0,0.0,Intercontinental Cup,Mumbai,India,False,Home Win,1162.0,1372.0,-210.0,2018
2018-06-12,Japan,Paraguay,4.0,2.0,Friendly,Innsbruck,Austria,True,Home Win,1693.0,1745.0,-52.0,2018
2018-06-12,Poland,Lithuania,4.0,0.0,Friendly,Warsaw,Poland,False,Home Win,1830.0,1411.0,419.0,2018
2018-06-15,Egypt,Uruguay,0.0,1.0,FIFA World Cup,Ekaterinburg,Russia,True,Away Win,1641.0,1876.0,-235.0,2018
2018-06-15,Morocco,Iran,0.0,1.0,FIFA World Cup,Saint Petersburg,Russia,True,Away Win,1709.0,1796.0,-87.0,2018
2018-06-15,Portugal,Spain,3.0,3.0,FIFA World Cup,Sochi,Russia,True,Draw,2000.0,2048.0,-48.0,2018
2018-06-16,France,Australia,2.0,1.0,FIFA World Cup,Kazan,Russia,True,Home Win,1994.0,1734.0,260.0,2018
2018-06-16,Argentina,Iceland,1.0,1.0,FIFA World Cup,Moscow,Russia,True,Draw,1983.0,1787.0,196.0,2018
2018-06-16,Peru,Denmark,0.0,1.0,FIFA World Cup,Saransk,Russia,True,Away Win,1906.0,1841.0,65.0,2018
2018-06-16,Croatia,Nigeria,2.0,0.0,FIFA World Cup,Kaliningrad,Russia,True,Home Win,1853.0,1698.0,155.0,2018
2018-06-17,Germany,Mexico,0.0,1.0,FIFA World Cup,Moscow,Russia,True,Away Win,2091.0,1858.0,233.0,2018
2018-06-17,Brazil,Switzerland,1.0,1.0,FIFA World Cup,Rostov-on-Don,Russia,True,Draw,2130.0,1878.0,252.0,2018
2018-06-18,Belgium,Panama,3.0,0.0,FIFA World Cup,Sochi,Russia,True,Home Win,1929.0,1661.0,268.0,2018
2018-06-18,Tunisia,England,1.0,2.0,FIFA World Cup,Volgograd,Russia,True,Away Win,1653.0,1940.0,-287.0,2018
2018-06-19,Colombia,Japan,1.0,2.0,FIFA World Cup,Saransk,Russia,True,Away Win,1927.0,1693.0,234.0,2018
2018-06-19,Poland,Senegal,1.0,2.0,FIFA World Cup,Moscow,Russia,True,Away Win,1830.0,1742.0,88.0,2018
2018-06-19,Russia,Egypt,3.0,1.0,FIFA World Cup,Saint Petersburg,Russia,False,Home Win,1684.0,1641.0,43.0,2018
2018-06-20,Portugal,Morocco,1.0,0.0,FIFA World Cup,Moscow,Russia,True,Home Win,2000.0,1709.0,291.0,2018
2018-06-20,Iran,Spain,0.0,1.0,FIFA World Cup,Kazan,Russia,True,Away Win,1796.0,2048.0,-252.0,2018
2018-06-21,Denmark,Australia,1.0,1.0,FIFA World Cup,Samara,Russia,True,Draw,1841.0,1734.0,107.0,2018
2018-06-21,France,Peru,1.0,0.0,FIFA World Cup,Ekaterinburg,Russia,True,Home Win,1994.0,1906.0,88.0,2018
2018-06-21,Argentina,Croatia,0.0,3.0,FIFA World Cup,Nizhny Novgorod,Russia,True,Away Win,1983.0,1853.0,130.0,2018
2018-06-22,Nigeria,Iceland,2.0,0.0,FIFA World Cup,Volgograd,Russia,True,Home Win,1698.0,1787.0,-89.0,2018
2018-06-22,Serbia,Switzerland,1.0,2.0,FIFA World Cup,Kaliningrad,Russia,True,Away Win,1770.0,1878.0,-108.0,2018
2018-06-23,Belgium,Tunisia,5.0,2.0,FIFA World Cup,Moscow,Russia,True,Home Win,1929.0,1653.0,276.0,2018
2018-06-23,Germany,Sweden,2.0,1.0,FIFA World Cup,Sochi,Russia,True,Home Win,2091.0,1795.0,296.0,2018
2018-06-24,England,Panama,6.0,1.0,FIFA World Cup,Nizhny Novgorod,Russia,True,Home Win,1940.0,1661.0,279.0,2018
2018-06-24,Japan,Senegal,2.0,2.0,FIFA World Cup,Ekaterinburg,Russia,True,Draw,1693.0,1742.0,-49.0,2018
2018-06-24,Poland,Colombia,0.0,3.0,FIFA World Cup,Kazan,Russia,True,Away Win,1830.0,1927.0,-97.0,2018
2018-06-25,Russia,Uruguay,0.0,3.0,FIFA World Cup,Samara,Russia,False,Away Win,1684.0,1876.0,-192.0,2018
2018-06-25,Spain,Morocco,2.0,2.0,FIFA World Cup,Kaliningrad,Russia,True,Draw,2048.0,1709.0,339.0,2018
2018-06-25,Iran,Portugal,1.0,1.0,FIFA World Cup,Saransk,Russia,True,Draw,1796.0,2000.0,-204.0,2018
2018-06-26,Australia,Peru,0.0,2.0,FIFA World Cup,Sochi,Russia,True,Away Win,1734.0,1906.0,-172.0,2018
2018-06-26,Denmark,France,0.0,0.0,FIFA World Cup,Moscow,Russia,True,Draw,1841.0,1994.0,-153.0,2018
2018-06-26,Nigeria,Argentina,1.0,2.0,FIFA World Cup,Saint Petersburg,Russia,True,Away Win,1698.0,1983.0,-285.0,2018
2018-06-26,Iceland,Croatia,1.0,2.0,FIFA World Cup,Rostov-on-Don,Russia,True,Away Win,1787.0,1853.0,-66.0,2018
2018-06-27,Mexico,Sweden,0.0,3.0,FIFA World Cup,Ekaterinburg,Russia,True,Away Win,1858.0,1795.0,63.0,2018
2018-06-27,Serbia,Brazil,0.0,2.0,FIFA World Cup,Moscow,Russia,True,Away Win,1770.0,2130.0,-360.0,2018
2018-06-28,Japan,Poland,0.0,1.0,FIFA World Cup,Volgograd,Russia,True,Away Win,1693.0,1830.0,-137.0,2018
2018-06-28,Senegal,Colombia,0.0,1.0,FIFA World Cup,Samara,Russia,True,Away Win,1742.0,1927.0,-185.0,2018
2018-06-28,Panama,Tunisia,1.0,2.0,FIFA World Cup,Saransk,Russia,True,Away Win,1661.0,1653.0,8.0,2018
2018-06-28,England,Belgium,0.0,1.0,FIFA World Cup,Kaliningrad,Russia,True,Away Win,1940.0,1929.0,11.0,2018
2018-06-30,France,Argentina,4.0,3.0,FIFA World Cup,Kazan,Russia,True,Home Win,1994.0,1983.0,11.0,2018
2018-06-30,Uruguay,Portugal,2.0,1.0,FIFA World Cup,Sochi,Russia,True,Home Win,1876.0,2000.0,-124.0,2018
2018-07-01,Russia,Spain,1.0,1.0,FIFA World Cup,Moscow,Russia,False,Draw,1684.0,2048.0,-364.0,2018
2018-07-01,Croatia,Denmark,1.0,1.0,FIFA World Cup,Nizhny Novgorod,Russia,True,Draw,1853.0,1841.0,12.0,2018
2018-07-02,Brazil,Mexico,2.0,0.0,FIFA World Cup,Samara,Russia,True,Home Win,2130.0,1858.0,272.0,2018
2018-07-02,Belgium,Japan,3.0,2.0,FIFA World Cup,Rostov-on-Don,Russia,True,Home Win,1929.0,1693.0,236.0,2018
2018-07-03,Sweden,Switzerland,1.0,0.0,FIFA World Cup,Saint Petersburg,Russia,True,Home Win,1795.0,1878.0,-83.0,2018
2018-07-03,Colombia,England,1.0,1.0,FIFA World Cup,Moscow,Russia,True,Draw,1927.0,1940.0,-13.0,2018
2018-07-05,Malaysia,Fiji,1.0,0.0,Friendly,Kuala Lumpur,Malaysia,False,Home Win,1055.0,1253.0,-198.0,2018
2018-07-06,Uruguay,France,0.0,2.0,FIFA World Cup,Nizhny Novgorod,Russia,True,Away Win,1876.0,1994.0,-118.0,2018
2018-07-06,Brazil,Belgium,1.0,2.0,FIFA World Cup,Kazan,Russia,True,Away Win,2130.0,1929.0,201.0,2018
2018-07-07,Sweden,England,0.0,2.0,FIFA World Cup,Samara,Russia,True,Away Win,1795.0,1940.0,-145.0,2018
2018-07-07,Russia,Croatia,2.0,2.0,FIFA World Cup,Sochi,Russia,False,Draw,1684.0,1853.0,-169.0,2018
2018-07-10,France,Belgium,1.0,0.0,FIFA World Cup,Saint Petersburg,Russia,True,Home Win,1994.0,1929.0,65.0,2018
2018-07-11,Croatia,England,2.0,1.0,FIFA World Cup,Moscow,Russia,True,Home Win,1853.0,1940.0,-87.0,2018
2018-07-14,Belgium,England,2.0,0.0,FIFA World Cup,Saint Petersburg,Russia,True,Home Win,1929.0,1940.0,-11.0,2018
2018-07-15,France,Croatia,4.0,2.0,FIFA World Cup,Moscow,Russia,True,Home Win,1994.0,1853.0,141.0,2018
2018-08-04,Belize,Barbados,1.0,0.0,Friendly,San Pedro,Belize,False,Home Win,1199.0,1134.0,65.0,2018
2018-08-04,Palestine,Iraq,0.0,3.0,Friendly,Al-Ram,Palestine,False,Away Win,1403.0,1560.0,-157.0,2018
2018-08-15,Guatemala,Cuba,3.0,0.0,Friendly,Guatemala City,Guatemala,False,Home Win,1510.0,1310.0,200.0,2018
2018-08-18,Grenada,Jamaica,1.0,5.0,Friendly,St. George's,Grenada,False,Away Win,1112.0,1495.0,-383.0,2018
2018-08-18,Guatemala,Cuba,1.0,0.0,Friendly,Quetzaltenango,Guatemala,False,Home Win,1510.0,1310.0,200.0,2018
2018-08-20,Barbados,Jamaica,2.0,2.0,Friendly,Bridgetown,Barbados,False,Draw,1134.0,1495.0,-361.0,2018
2018-08-26,Barbados,Cuba,0.0,0.0,Friendly,Bridgetown,Barbados,False,Draw,1134.0,1310.0,-176.0,2018
2018-08-29,Barbados,Cuba,0.0,2.0,Friendly,Bridgetown,Barbados,False,Away Win,1137.0,1287.0,-150.0,2018
2018-09-02,Ethiopia,Burundi,1.0,1.0,Friendly,Hawassa,Ethiopia,False,Draw,1279.0,1311.0,-32.0,2018
2018-09-02,Mongolia,Macao,4.0,1.0,EAFF Championship,Ulaanbaatar,Mongolia,False,Home Win,660.0,674.0,-14.0,2018
2018-09-04,Bangladesh,Bhutan,2.0,0.0,SAFF Cup,Dhaka,Bangladesh,False,Home Win,809.0,588.0,221.0,2018
2018-09-05,Slovakia,Denmark,3.0,0.0,Friendly,Trnava,Slovakia,False,Home Win,1766.0,1841.0,-75.0,2018
2018-09-06,Germany,France,0.0,0.0,UEFA Nations League,Munich,Germany,False,Draw,2091.0,1994.0,97.0,2018
2018-09-06,Bahrain,Philippines,1.0,1.0,Friendly,East Riffa,Bahrain,False,Draw,1418.0,1190.0,228.0,2018
2018-09-06,Kazakhstan,Georgia,0.0,2.0,UEFA Nations League,Astana,Kazakhstan,False,Away Win,1368.0,1506.0,-138.0,2018
2018-09-06,Armenia,Liechtenstein,2.0,1.0,UEFA Nations League,Yerevan,Armenia,False,Home Win,1463.0,1202.0,261.0,2018
2018-09-06,Latvia,Andorra,0.0,0.0,UEFA Nations League,Riga,Latvia,False,Draw,1375.0,1012.0,363.0,2018
2018-09-06,Czechia,Ukraine,1.0,2.0,UEFA Nations League,Uherské Hradiště,Czech Republic,False,Away Win,1702.0,1742.0,-40.0,2018
2018-09-06,Slovenia,Bulgaria,1.0,2.0,UEFA Nations League,Ljubljana,Slovenia,False,Away Win,1606.0,1610.0,-4.0,2018
2018-09-06,Austria,Sweden,2.0,0.0,Friendly,Vienna,Austria,False,Home Win,1725.0,1795.0,-70.0,2018
2018-09-06,Norway,Cyprus,2.0,0.0,UEFA Nations League,Oslo,Norway,False,Home Win,1561.0,1421.0,140.0,2018
2018-09-06,Jordan,Lebanon,0.0,1.0,Friendly,Amman,Jordan,False,Away Win,1467.0,1458.0,9.0,2018
2018-09-06,Kyrgyzstan,Palestine,1.0,1.0,Friendly,Bishkek,Kyrgyzstan,False,Draw,1246.0,1403.0,-157.0,2018
2018-09-06,Dominica,Suriname,0.0,0.0,CONCACAF Nations League qualification,Les Abymes,Guadeloupe,True,Draw,968.0,1209.0,-241.0,2018
2018-09-06,Nepal,Bhutan,4.0,0.0,SAFF Cup,Dhaka,Bangladesh,True,Home Win,899.0,588.0,311.0,2018
2018-09-06,Guyana,Barbados,3.0,0.0,CONCACAF Nations League qualification,Leonora,Guyana,False,Home Win,1250.0,1137.0,113.0,2018
2018-09-06,Uzbekistan,Syria,1.0,1.0,Friendly,Tashkent,Uzbekistan,False,Draw,1608.0,1611.0,-3.0,2018
2018-09-06,Netherlands,Peru,2.0,1.0,Friendly,Amsterdam,Netherlands,False,Home Win,1872.0,1906.0,-34.0,2018
2018-09-06,Portugal,Croatia,1.0,1.0,Friendly,Faro-Loulé,Portugal,False,Draw,2000.0,1853.0,147.0,2018
2018-09-07,Taiwan,Malaysia,2.0,0.0,Friendly,Taipei,Taiwan,False,Home Win,986.0,1055.0,-69.0,2018
2018-09-07,Azerbaijan,Kosovo,0.0,0.0,UEFA Nations League,Baku,Azerbaijan,False,Draw,1392.0,1405.0,-13.0,2018
2018-09-07,Italy,Poland,1.0,1.0,UEFA Nations League,Bologna,Italy,False,Draw,1892.0,1830.0,62.0,2018
2018-09-07,Turkey,Russia,1.0,2.0,UEFA Nations League,Trabzon,Turkey,False,Away Win,1726.0,1684.0,42.0,2018
2018-09-07,Albania,Israel,1.0,0.0,UEFA Nations League,Elbasan,Albania,False,Home Win,1635.0,1574.0,61.0,2018
2018-09-07,Lithuania,Serbia,0.0,1.0,UEFA Nations League,Vilnius,Lithuania,False,Away Win,1411.0,1770.0,-359.0,2018
2018-09-07,Romania,Montenegro,0.0,0.0,UEFA Nations League,Ploiești,Romania,False,Draw,1705.0,1609.0,96.0,2018
2018-09-07,Mexico,Uruguay,1.0,4.0,Friendly,Houston,United States,True,Away Win,1858.0,1876.0,-18.0,2018
2018-09-07,Qatar,China,1.0,0.0,Friendly,Doha,Qatar,False,Home Win,1488.0,1549.0,-61.0,2018
2018-09-07,Scotland,Belgium,0.0,4.0,Friendly,Glasgow,Scotland,False,Away Win,1717.0,1929.0,-212.0,2018
2018-09-07,Singapore,Mauritius,1.0,1.0,Friendly,Bishan,Singapore,False,Draw,1043.0,1072.0,-29.0,2018
2018-09-07,Venezuela,Colombia,1.0,2.0,Friendly,Miami Gardens,United States,True,Away Win,1747.0,1927.0,-180.0,2018
2018-09-07,Ecuador,Jamaica,2.0,0.0,Friendly,Harrison,United States,True,Home Win,1747.0,1495.0,252.0,2018
2018-09-07,Argentina,Guatemala,3.0,0.0,Friendly,Los Angeles,United States,True,Home Win,1983.0,1510.0,473.0,2018
2018-09-08,Gabon,Burundi,1.0,1.0,African Cup of Nations qualification,Libreville,Gabon,False,Draw,1420.0,1311.0,109.0,2018
2018-09-08,Egypt,Niger,6.0,0.0,African Cup of Nations qualification,Alexandria,Egypt,False,Home Win,1641.0,1287.0,354.0,2018
2018-09-08,Switzerland,Iceland,6.0,0.0,UEFA Nations League,St. Gallen,Switzerland,False,Home Win,1878.0,1787.0,91.0,2018
2018-09-08,England,Spain,1.0,2.0,UEFA Nations League,London,England,False,Away Win,1940.0,2048.0,-108.0,2018
2018-09-08,Estonia,Greece,0.0,1.0,UEFA Nations League,Tallinn,Estonia,False,Away Win,1503.0,1664.0,-161.0,2018
2018-09-08,Comoros,Cameroon,1.0,1.0,African Cup of Nations qualification,Mitsamiouli,Comoros,False,Draw,1019.0,1691.0,-672.0,2018
2018-09-08,Gambia,Algeria,1.0,1.0,African Cup of Nations qualification,Bakau,Gambia,False,Draw,1298.0,1505.0,-207.0,2018
2018-09-08,Kenya,Ghana,1.0,0.0,African Cup of Nations qualification,Nairobi,Kenya,False,Home Win,1372.0,1617.0,-245.0,2018
2018-09-08,Namibia,Zambia,1.0,1.0,African Cup of Nations qualification,Windhoek,Namibia,False,Draw,1386.0,1441.0,-55.0,2018
2018-09-08,Bangladesh,Nepal,0.0,2.0,SAFF Cup,Dhaka,Bangladesh,False,Away Win,809.0,899.0,-90.0,2018
2018-09-08,Morocco,Malawi,3.0,0.0,African Cup of Nations qualification,Casablanca,Morocco,False,Home Win,1709.0,1274.0,435.0,2018
2018-09-08,Seychelles,Nigeria,0.0,3.0,African Cup of Nations qualification,Victoria,Seychelles,False,Away Win,943.0,1698.0,-755.0,2018
2018-09-08,Mozambique,Guinea-Bissau,2.0,2.0,African Cup of Nations qualification,Maputo,Mozambique,False,Draw,1311.0,1288.0,23.0,2018
2018-09-08,Uganda,Tanzania,0.0,0.0,African Cup of Nations qualification,Kira,Uganda,False,Draw,1452.0,1312.0,140.0,2018
2018-09-08,Finland,Hungary,1.0,0.0,UEFA Nations League,Tampere,Finland,False,Home Win,1570.0,1583.0,-13.0,2018
2018-09-09,Germany,Peru,2.0,1.0,Friendly,Sinsheim,Germany,False,Home Win,2091.0,1906.0,185.0,2018
2018-09-09,Ukraine,Slovakia,1.0,0.0,UEFA Nations League,Lviv,Ukraine,False,Home Win,1742.0,1766.0,-24.0,2018
2018-09-09,Bulgaria,Norway,1.0,0.0,UEFA Nations League,Sofia,Bulgaria,False,Home Win,1610.0,1561.0,49.0,2018
2018-09-09,Cyprus,Slovenia,2.0,1.0,UEFA Nations League,Nicosia,Cyprus,False,Home Win,1421.0,1606.0,-185.0,2018
2018-09-09,Georgia,Latvia,1.0,0.0,UEFA Nations League,Tbilisi,Georgia,False,Home Win,1506.0,1375.0,131.0,2018
2018-09-09,Liechtenstein,Gibraltar,2.0,0.0,UEFA Nations League,Vaduz,Liechtenstein,False,Home Win,1202.0,1078.0,124.0,2018
2018-09-09,France,Netherlands,2.0,1.0,UEFA Nations League,Paris,France,False,Home Win,1994.0,1872.0,122.0,2018
2018-09-09,Lebanon,Oman,0.0,0.0,Friendly,Amman,Jordan,True,Draw,1458.0,1540.0,-82.0,2018
2018-09-09,Congo,Zimbabwe,1.0,1.0,African Cup of Nations qualification,Brazzaville,Congo,False,Draw,1403.0,1436.0,-33.0,2018
2018-09-09,India,Maldives,2.0,0.0,SAFF Cup,Dhaka,Bangladesh,True,Home Win,1162.0,945.0,217.0,2018
2018-09-09,Aruba,Bermuda,3.0,1.0,CONCACAF Nations League qualification,Willemstad,Curaçao,True,Home Win,929.0,1212.0,-283.0,2018
2018-09-09,Madagascar,Senegal,2.0,2.0,African Cup of Nations qualification,Antananarivo,Madagascar,False,Draw,1252.0,1742.0,-490.0,2018
2018-09-09,Togo,Benin,0.0,0.0,African Cup of Nations qualification,Lomé,Togo,False,Draw,1395.0,1415.0,-20.0,2018
2018-09-09,Eswatini,Tunisia,0.0,2.0,African Cup of Nations qualification,Manzini,Eswatini,False,Away Win,1255.0,1653.0,-398.0,2018
2018-09-09,Angola,Botswana,1.0,0.0,African Cup of Nations qualification,Luanda,Angola,False,Home Win,1252.0,1313.0,-61.0,2018
2018-09-10,Andorra,Kazakhstan,1.0,1.0,UEFA Nations League,Andorra la Vella,Andorra,False,Draw,1012.0,1368.0,-356.0,2018
2018-09-10,Portugal,Italy,1.0,0.0,UEFA Nations League,Lisbon,Portugal,False,Home Win,2000.0,1892.0,108.0,2018
2018-09-10,Sweden,Turkey,2.0,3.0,UEFA Nations League,Stockholm,Sweden,False,Away Win,1795.0,1726.0,69.0,2018
2018-09-10,Scotland,Albania,2.0,0.0,UEFA Nations League,Glasgow,Scotland,False,Home Win,1717.0,1635.0,82.0,2018
2018-09-10,Montenegro,Lithuania,2.0,0.0,UEFA Nations League,Podgorica,Montenegro,False,Home Win,1609.0,1411.0,198.0,2018
2018-09-10,Serbia,Romania,2.0,2.0,UEFA Nations League,Belgrade,Serbia,False,Draw,1770.0,1705.0,65.0,2018
2018-09-10,Malta,Azerbaijan,1.0,1.0,UEFA Nations League,Attard,Malta,False,Draw,1204.0,1392.0,-188.0,2018
2018-09-10,Cambodia,Malaysia,1.0,3.0,Friendly,Phnom Penh,Cambodia,False,Away Win,821.0,1055.0,-234.0,2018
2018-09-10,Kyrgyzstan,Syria,2.0,1.0,Friendly,Bishkek,Kyrgyzstan,False,Home Win,1246.0,1611.0,-365.0,2018
2018-09-10,Russia,Czechia,5.0,1.0,Friendly,Rostov-on-Don,Russia,False,Home Win,1684.0,1702.0,-18.0,2018
2018-09-10,Curaçao,Grenada,10.0,0.0,CONCACAF Nations League qualification,Willemstad,Curaçao,False,Home Win,1267.0,1112.0,155.0,2018
2018-09-10,Bahrain,China,0.0,0.0,Friendly,East Riffa,Bahrain,False,Draw,1418.0,1549.0,-131.0,2018
2018-09-11,Gabon,Zambia,0.0,1.0,Friendly,Libreville,Gabon,False,Away Win,1420.0,1441.0,-21.0,2018
2018-09-11,Iceland,Belgium,0.0,3.0,UEFA Nations League,Reykjavík,Iceland,False,Away Win,1787.0,1929.0,-142.0,2018
2018-09-11,Spain,Croatia,6.0,0.0,UEFA Nations League,Elche,Spain,False,Home Win,2048.0,1853.0,195.0,2018
2018-09-11,Hungary,Greece,2.0,1.0,UEFA Nations League,Budapest,Hungary,False,Home Win,1583.0,1664.0,-81.0,2018
2018-09-11,Finland,Estonia,1.0,0.0,UEFA Nations League,Turku,Finland,False,Home Win,1570.0,1503.0,67.0,2018
2018-09-11,Colombia,Argentina,0.0,0.0,Friendly,East Rutherford,United States,True,Draw,1927.0,1983.0,-56.0,2018
2018-09-11,Ecuador,Guatemala,2.0,0.0,Friendly,Bridgeview,United States,True,Home Win,1747.0,1510.0,237.0,2018
2018-09-11,England,Switzerland,1.0,0.0,Friendly,London,England,False,Home Win,1940.0,1878.0,62.0,2018
2018-09-11,Kenya,Malawi,1.0,0.0,Friendly,Nairobi,Kenya,False,Home Win,1372.0,1274.0,98.0,2018
2018-09-11,Indonesia,Mauritius,1.0,0.0,Friendly,Cikarang,Indonesia,False,Home Win,1195.0,1072.0,123.0,2018
2018-09-11,Liberia,Nigeria,1.0,2.0,Friendly,Monrovia,Liberia,False,Away Win,1329.0,1698.0,-369.0,2018
2018-09-11,Panama,Venezuela,0.0,2.0,Friendly,Panama City,Panama,False,Away Win,1661.0,1747.0,-86.0,2018
2018-09-11,Poland,Ireland,1.0,1.0,Friendly,Wrocław,Poland,False,Draw,1830.0,1758.0,72.0,2018
2018-09-11,Qatar,Palestine,3.0,0.0,Friendly,Doha,Qatar,False,Home Win,1488.0,1403.0,85.0,2018
2018-09-11,Singapore,Fiji,2.0,0.0,Friendly,Bishan,Singapore,False,Home Win,1043.0,1253.0,-210.0,2018
2018-09-11,Uzbekistan,Iran,0.0,1.0,Friendly,Tashkent,Uzbekistan,False,Away Win,1608.0,1796.0,-188.0,2018
2018-09-11,Jordan,Oman,0.0,0.0,Friendly,Amman,Jordan,False,Draw,1467.0,1540.0,-73.0,2018
2018-09-12,Nepal,Maldives,0.0,3.0,SAFF Cup,Dhaka,Bangladesh,True,Away Win,899.0,945.0,-46.0,2018
2018-09-15,Maldives,India,2.0,1.0,SAFF Cup,Dhaka,Bangladesh,True,Home Win,945.0,1162.0,-217.0,2018
2018-09-30,Botswana,Namibia,1.0,0.0,Friendly,Gaborone,Botswana,False,Home Win,1313.0,1386.0,-73.0,2018
2018-10-10,Albania,Jordan,0.0,0.0,Friendly,Elbasan,Albania,False,Draw,1635.0,1467.0,168.0,2018
2018-10-10,Indonesia,Myanmar,3.0,0.0,Friendly,Cikarang,Indonesia,False,Home Win,1195.0,1072.0,123.0,2018
2018-10-10,Italy,Ukraine,1.0,1.0,Friendly,Genoa,Italy,False,Draw,1892.0,1742.0,150.0,2018
2018-10-10,Ethiopia,Kenya,0.0,0.0,African Cup of Nations qualification,Bahir Dar,Ethiopia,False,Draw,1279.0,1372.0,-93.0,2018
2018-10-10,Zambia,Guinea-Bissau,2.0,1.0,African Cup of Nations qualification,Lusaka,Zambia,False,Home Win,1441.0,1288.0,153.0,2018
2018-10-11,Montenegro,Serbia,0.0,2.0,UEFA Nations League,Podgorica,Montenegro,False,Away Win,1609.0,1770.0,-161.0,2018
2018-10-11,Israel,Scotland,2.0,1.0,UEFA Nations League,Haifa,Israel,False,Home Win,1574.0,1717.0,-143.0,2018
2018-10-11,Kosovo,Malta,3.0,1.0,UEFA Nations League,Pristina,Kosovo,False,Home Win,1405.0,1204.0,201.0,2018
2018-10-11,Lithuania,Romania,1.0,2.0,UEFA Nations League,Vilnius,Lithuania,False,Away Win,1411.0,1705.0,-294.0,2018
2018-10-11,Poland,Portugal,2.0,3.0,UEFA Nations League,Chorzów,Poland,False,Away Win,1830.0,2000.0,-170.0,2018
2018-10-11,Russia,Sweden,0.0,0.0,UEFA Nations League,Kaliningrad,Russia,False,Draw,1684.0,1795.0,-111.0,2018
2018-10-11,Bahrain,Syria,0.0,1.0,Friendly,East Riffa,Bahrain,False,Away Win,1418.0,1611.0,-193.0,2018
2018-10-11,Congo,Liberia,3.0,1.0,African Cup of Nations qualification,Brazzaville,Congo,False,Home Win,1403.0,1329.0,74.0,2018
2018-10-11,France,Iceland,2.0,2.0,Friendly,Guingamp,France,False,Draw,1994.0,1787.0,207.0,2018
2018-10-11,Argentina,Iraq,4.0,0.0,Friendly,Riyadh,Saudi Arabia,True,Home Win,1983.0,1560.0,423.0,2018
2018-10-12,Peru,Chile,3.0,0.0,Friendly,Miami Gardens,United States,True,Home Win,1906.0,1873.0,33.0,2018
2018-10-12,Qatar,Ecuador,4.0,3.0,Friendly,Doha,Qatar,False,Home Win,1488.0,1747.0,-259.0,2018
2018-10-12,Croatia,England,0.0,0.0,UEFA Nations League,Rijeka,Croatia,False,Draw,1853.0,1940.0,-87.0,2018
2018-10-12,Estonia,Finland,0.0,1.0,UEFA Nations League,Tallinn,Estonia,False,Away Win,1503.0,1570.0,-67.0,2018
2018-10-12,Greece,Hungary,1.0,0.0,UEFA Nations League,Athens,Greece,False,Home Win,1664.0,1583.0,81.0,2018
2018-10-12,Belarus,Luxembourg,1.0,0.0,UEFA Nations League,Minsk,Belarus,False,Home Win,1530.0,1325.0,205.0,2018
2018-10-12,Japan,Panama,3.0,0.0,Kirin Challenge Cup,Niigata,Japan,False,Home Win,1693.0,1661.0,32.0,2018
2018-10-12,Algeria,Benin,2.0,0.0,African Cup of Nations qualification,Blida,Algeria,False,Home Win,1505.0,1415.0,90.0,2018
2018-10-12,Belgium,Switzerland,2.0,1.0,UEFA Nations League,Brussels,Belgium,False,Home Win,1929.0,1878.0,51.0,2018
2018-10-12,Togo,Gambia,1.0,1.0,African Cup of Nations qualification,Lomé,Togo,False,Draw,1395.0,1298.0,97.0,2018
2018-10-12,Angola,Mauritania,4.0,1.0,African Cup of Nations qualification,Luanda,Angola,False,Home Win,1252.0,1330.0,-78.0,2018
2018-10-12,Egypt,Eswatini,4.0,1.0,African Cup of Nations qualification,Cairo,Egypt,False,Home Win,1641.0,1255.0,386.0,2018
2018-10-12,Grenada,Cuba,0.0,2.0,CONCACAF Nations League qualification,St. George's,Grenada,False,Away Win,1112.0,1287.0,-175.0,2018
2018-10-12,Mali,Burundi,0.0,0.0,African Cup of Nations qualification,Bamako,Mali,False,Draw,1531.0,1311.0,220.0,2018
2018-10-12,Guinea,Rwanda,2.0,0.0,African Cup of Nations qualification,Conakry,Guinea,False,Home Win,1534.0,1315.0,219.0,2018
2018-10-12,Cameroon,Malawi,1.0,0.0,African Cup of Nations qualification,Yaoundé,Cameroon,False,Home Win,1691.0,1274.0,417.0,2018
2018-10-12,Singapore,Mongolia,2.0,0.0,Friendly,Bishan,Singapore,False,Home Win,1043.0,660.0,383.0,2018
2018-10-13,China,India,0.0,0.0,Friendly,Suzhou,China,False,Draw,1549.0,1162.0,387.0,2018
2018-10-13,Netherlands,Germany,3.0,0.0,UEFA Nations League,Amsterdam,Netherlands,False,Home Win,1872.0,2091.0,-219.0,2018
2018-10-13,Slovakia,Czechia,1.0,2.0,UEFA Nations League,Trnava,Slovakia,False,Away Win,1766.0,1702.0,64.0,2018
2018-10-13,Ireland,Denmark,0.0,0.0,UEFA Nations League,Dublin,Republic of Ireland,False,Draw,1758.0,1841.0,-83.0,2018
2018-10-13,Norway,Slovenia,1.0,0.0,UEFA Nations League,Oslo,Norway,False,Home Win,1561.0,1606.0,-45.0,2018
2018-10-13,Georgia,Andorra,3.0,0.0,UEFA Nations League,Tbilisi,Georgia,False,Home Win,1506.0,1012.0,494.0,2018
2018-10-13,Latvia,Kazakhstan,1.0,1.0,UEFA Nations League,Riga,Latvia,False,Draw,1375.0,1368.0,7.0,2018
2018-10-13,Armenia,Gibraltar,0.0,1.0,UEFA Nations League,Yerevan,Armenia,False,Away Win,1463.0,1078.0,385.0,2018
2018-10-13,Senegal,Sudan,3.0,0.0,African Cup of Nations qualification,Dakar,Senegal,False,Home Win,1742.0,1299.0,443.0,2018
2018-10-13,Myanmar,Bolivia,0.0,3.0,Friendly,Yangon,Myanmar,False,Away Win,1072.0,1706.0,-634.0,2018
2018-10-13,Nigeria,Libya,4.0,0.0,African Cup of Nations qualification,Uyo,Nigeria,False,Home Win,1698.0,1462.0,236.0,2018
2018-10-13,Oman,Philippines,1.0,1.0,Friendly,Al Rayyan,Qatar,True,Draw,1540.0,1190.0,350.0,2018
2018-10-13,Morocco,Comoros,1.0,0.0,African Cup of Nations qualification,Casablanca,Morocco,False,Home Win,1709.0,1019.0,690.0,2018
2018-10-13,Tunisia,Niger,1.0,0.0,African Cup of Nations qualification,Radès,Tunisia,False,Home Win,1653.0,1287.0,366.0,2018
2018-10-13,Mozambique,Namibia,1.0,2.0,African Cup of Nations qualification,Maputo,Mozambique,False,Away Win,1311.0,1386.0,-75.0,2018
2018-10-13,Uganda,Lesotho,3.0,0.0,African Cup of Nations qualification,Kira,Uganda,False,Home Win,1452.0,1316.0,136.0,2018
2018-10-13,Bulgaria,Cyprus,2.0,1.0,UEFA Nations League,Sofia,Bulgaria,False,Home Win,1610.0,1421.0,189.0,2018
2018-10-14,Azerbaijan,Malta,1.0,1.0,UEFA Nations League,Baku,Azerbaijan,False,Draw,1392.0,1204.0,188.0,2018
2018-10-14,Poland,Italy,0.0,1.0,UEFA Nations League,Chorzów,Poland,False,Away Win,1830.0,1892.0,-62.0,2018
2018-10-14,Israel,Albania,2.0,0.0,UEFA Nations League,Beer Sheva,Israel,False,Home Win,1574.0,1635.0,-61.0,2018
2018-10-14,Romania,Serbia,0.0,0.0,UEFA Nations League,Bucharest,Romania,False,Draw,1705.0,1770.0,-65.0,2018
2018-10-14,Lithuania,Montenegro,1.0,4.0,UEFA Nations League,Vilnius,Lithuania,False,Away Win,1411.0,1609.0,-198.0,2018
2018-10-14,Russia,Turkey,2.0,0.0,UEFA Nations League,Sochi,Russia,False,Home Win,1684.0,1726.0,-42.0,2018
2018-10-14,Scotland,Portugal,1.0,3.0,Friendly,Glasgow,Scotland,False,Away Win,1717.0,2000.0,-283.0,2018
2018-10-14,Guinea-Bissau,Zambia,2.0,1.0,African Cup of Nations qualification,Bissau,Guinea-Bissau,False,Home Win,1288.0,1441.0,-153.0,2018
2018-10-14,Nicaragua,Anguilla,6.0,0.0,CONCACAF Nations League qualification,Heredia,Costa Rica,True,Home Win,1252.0,566.0,686.0,2018
2018-10-14,Kenya,Ethiopia,3.0,0.0,African Cup of Nations qualification,Nairobi,Kenya,False,Home Win,1372.0,1279.0,93.0,2018
2018-10-15,Estonia,Hungary,3.0,3.0,UEFA Nations League,Tallinn,Estonia,False,Draw,1503.0,1583.0,-80.0,2018
2018-10-15,Iceland,Switzerland,1.0,2.0,UEFA Nations League,Reykjavík,Iceland,False,Away Win,1787.0,1878.0,-91.0,2018
2018-10-15,Spain,England,2.0,3.0,UEFA Nations League,Seville,Spain,False,Away Win,2048.0,1940.0,108.0,2018
2018-10-15,Croatia,Jordan,2.0,1.0,Friendly,Rijeka,Croatia,False,Home Win,1853.0,1467.0,386.0,2018
2018-10-15,Finland,Greece,2.0,0.0,UEFA Nations League,Tampere,Finland,False,Home Win,1570.0,1664.0,-94.0,2018
2018-10-16,Oman,Ecuador,0.0,0.0,Friendly,Doha,Qatar,True,Draw,1540.0,1747.0,-207.0,2018
2018-10-16,France,Germany,2.0,1.0,UEFA Nations League,Paris,France,False,Home Win,1994.0,2091.0,-97.0,2018
2018-10-16,Ukraine,Czechia,1.0,0.0,UEFA Nations League,Kharkiv,Ukraine,False,Home Win,1742.0,1702.0,40.0,2018
2018-10-16,Norway,Bulgaria,1.0,0.0,UEFA Nations League,Oslo,Norway,False,Home Win,1561.0,1610.0,-49.0,2018
2018-10-16,Slovenia,Cyprus,1.0,1.0,UEFA Nations League,Ljubljana,Slovenia,False,Draw,1606.0,1421.0,185.0,2018
2018-10-16,Kazakhstan,Andorra,4.0,0.0,UEFA Nations League,Astana,Kazakhstan,False,Home Win,1368.0,1012.0,356.0,2018
2018-10-16,Bahrain,Myanmar,4.0,1.0,Friendly,East Riffa,Bahrain,False,Home Win,1418.0,1072.0,346.0,2018
2018-10-16,Mexico,Chile,0.0,1.0,Friendly,Querétaro,Mexico,False,Away Win,1858.0,1873.0,-15.0,2018
2018-10-16,Cambodia,Singapore,1.0,2.0,Friendly,Phnom Penh,Cambodia,False,Away Win,821.0,1043.0,-222.0,2018
2018-10-16,China,Syria,2.0,0.0,Friendly,Nanjing,China,False,Home Win,1549.0,1611.0,-62.0,2018
2018-10-16,Denmark,Austria,2.0,0.0,Friendly,Herning,Denmark,False,Home Win,1841.0,1725.0,116.0,2018
2018-10-16,Iran,Bolivia,2.0,1.0,Friendly,Tehran,Iran,False,Home Win,1796.0,1706.0,90.0,2018
2018-10-16,Japan,Uruguay,4.0,3.0,Kirin Challenge Cup,Saitama,Japan,False,Home Win,1693.0,1876.0,-183.0,2018
2018-10-16,Laos,Mongolia,1.0,4.0,Friendly,Vientiane,Laos,False,Away Win,770.0,660.0,110.0,2018
2018-10-16,Malaysia,Kyrgyzstan,0.0,1.0,Friendly,Malacca City,Malaysia,False,Away Win,1055.0,1246.0,-191.0,2018
2018-10-16,Belgium,Netherlands,1.0,1.0,Friendly,Brussels,Belgium,False,Draw,1929.0,1872.0,57.0,2018
2018-10-16,Gibraltar,Liechtenstein,2.0,1.0,UEFA Nations League,Gibraltar,Gibraltar,False,Home Win,1078.0,1202.0,-124.0,2018
2018-10-16,Latvia,Georgia,0.0,3.0,UEFA Nations League,Riga,Latvia,False,Away Win,1375.0,1506.0,-131.0,2018
2018-10-16,Eswatini,Egypt,0.0,2.0,African Cup of Nations qualification,Manzini,Eswatini,False,Away Win,1255.0,1641.0,-386.0,2018
2018-10-16,Guadeloupe,Aruba,0.0,0.0,CONCACAF Nations League qualification,Les Abymes,Guadeloupe,False,Draw,1285.0,929.0,356.0,2018
2018-10-16,Argentina,Brazil,0.0,1.0,Superclásico de las Américas,Jeddah,Saudi Arabia,True,Away Win,1983.0,2130.0,-147.0,2018
2018-10-16,Malawi,Cameroon,0.0,0.0,African Cup of Nations qualification,Blantyre,Malawi,False,Draw,1274.0,1691.0,-417.0,2018
2018-10-16,Burundi,Mali,1.0,1.0,African Cup of Nations qualification,Bujumbura,Burundi,False,Draw,1311.0,1531.0,-220.0,2018
2018-10-16,Benin,Algeria,1.0,0.0,African Cup of Nations qualification,Cotonou,Benin,False,Home Win,1415.0,1505.0,-90.0,2018
2018-10-16,Liberia,Congo,2.0,1.0,African Cup of Nations qualification,Monrovia,Liberia,False,Home Win,1329.0,1403.0,-74.0,2018
2018-10-16,Mauritania,Angola,1.0,0.0,African Cup of Nations qualification,Nouakchott,Mauritania,False,Home Win,1330.0,1252.0,78.0,2018
2018-10-16,Sweden,Slovakia,1.0,1.0,Friendly,Stockholm,Sweden,False,Draw,1795.0,1766.0,29.0,2018
2018-10-16,Uzbekistan,Qatar,2.0,0.0,Friendly,Tashkent,Uzbekistan,False,Home Win,1608.0,1488.0,120.0,2018
2018-10-16,Canada,Dominica,5.0,0.0,CONCACAF Nations League qualification,Toronto,Canada,False,Home Win,1521.0,968.0,553.0,2018
2018-10-16,Comoros,Morocco,2.0,2.0,African Cup of Nations qualification,Mitsamiouli,Comoros,False,Draw,1019.0,1709.0,-690.0,2018
2018-10-16,Gambia,Togo,0.0,1.0,African Cup of Nations qualification,Bakau,Gambia,False,Away Win,1298.0,1395.0,-97.0,2018
2018-10-16,Libya,Nigeria,2.0,3.0,African Cup of Nations qualification,Sfax,Tunisia,True,Away Win,1462.0,1698.0,-236.0,2018
2018-10-16,Rwanda,Guinea,1.0,1.0,African Cup of Nations qualification,Kigali,Rwanda,False,Draw,1315.0,1534.0,-219.0,2018
2018-10-16,Niger,Tunisia,1.0,2.0,African Cup of Nations qualification,Niamey,Niger,False,Away Win,1287.0,1653.0,-366.0,2018
2018-10-16,Namibia,Mozambique,1.0,0.0,African Cup of Nations qualification,Windhoek,Namibia,False,Home Win,1386.0,1311.0,75.0,2018
2018-10-16,Lesotho,Uganda,0.0,2.0,African Cup of Nations qualification,Maseru,Lesotho,False,Away Win,1316.0,1452.0,-136.0,2018
2018-10-16,Sudan,Senegal,0.0,1.0,African Cup of Nations qualification,Khartoum,Sudan,False,Away Win,1299.0,1742.0,-443.0,2018
2018-11-03,Malaysia,Maldives,3.0,0.0,Friendly,Kuala Lumpur,Malaysia,False,Home Win,1055.0,945.0,110.0,2018
2018-11-08,Cambodia,Malaysia,0.0,1.0,AFF Championship,Phnom Penh,Cambodia,False,Away Win,821.0,1055.0,-234.0,2018
2018-11-08,Laos,Vietnam,0.0,3.0,AFF Championship,Vientiane,Laos,False,Away Win,770.0,1288.0,-518.0,2018
2018-11-09,Singapore,Indonesia,1.0,0.0,AFF Championship,Kallang,Singapore,False,Home Win,1043.0,1195.0,-152.0,2018
2018-11-12,Myanmar,Cambodia,4.0,1.0,AFF Championship,Mandalay,Myanmar,False,Home Win,1072.0,821.0,251.0,2018
2018-11-12,Malaysia,Laos,3.0,1.0,AFF Championship,Kuala Lumpur,Malaysia,False,Home Win,1055.0,770.0,285.0,2018
2018-11-13,Philippines,Singapore,1.0,0.0,AFF Championship,Bacolod,Philippines,False,Home Win,1190.0,1043.0,147.0,2018
2018-11-13,Taiwan,Mongolia,2.0,1.0,EAFF Championship,Taipei,Taiwan,False,Home Win,986.0,660.0,326.0,2018
2018-11-14,Switzerland,Qatar,0.0,1.0,Friendly,Lugano,Switzerland,False,Away Win,1878.0,1488.0,390.0,2018
2018-11-15,Andorra,Georgia,1.0,1.0,UEFA Nations League,Andorra la Vella,Andorra,False,Draw,1012.0,1506.0,-494.0,2018
2018-11-15,Belgium,Iceland,2.0,0.0,UEFA Nations League,Brussels,Belgium,False,Home Win,1929.0,1787.0,142.0,2018
2018-11-15,Croatia,Spain,3.0,2.0,UEFA Nations League,Zagreb,Croatia,False,Home Win,1853.0,2048.0,-195.0,2018
2018-11-15,Hungary,Estonia,2.0,0.0,UEFA Nations League,Budapest,Hungary,False,Home Win,1583.0,1503.0,80.0,2018
2018-11-15,Greece,Finland,1.0,0.0,UEFA Nations League,Athens,Greece,False,Home Win,1664.0,1570.0,94.0,2018
2018-11-15,Kazakhstan,Latvia,1.0,1.0,UEFA Nations League,Astana,Kazakhstan,False,Draw,1368.0,1375.0,-7.0,2018
2018-11-15,Luxembourg,Belarus,0.0,2.0,UEFA Nations League,Luxembourg,Luxembourg,False,Away Win,1325.0,1530.0,-205.0,2018
2018-11-15,Israel,Guatemala,7.0,0.0,Friendly,Netanya,Israel,False,Home Win,1574.0,1510.0,64.0,2018
2018-11-15,Peru,Ecuador,0.0,2.0,Friendly,Lima,Peru,False,Away Win,1906.0,1747.0,159.0,2018
2018-11-15,Poland,Czechia,0.0,1.0,Friendly,Gdańsk,Poland,False,Away Win,1830.0,1702.0,128.0,2018
2018-11-15,Uzbekistan,Lebanon,0.0,0.0,Friendly,Robina,Australia,True,Draw,1608.0,1458.0,150.0,2018
2018-11-15,Germany,Russia,3.0,0.0,Friendly,Leipzig,Germany,False,Home Win,2091.0,1684.0,407.0,2018
2018-11-16,Netherlands,France,2.0,0.0,UEFA Nations League,Rotterdam,Netherlands,False,Home Win,1872.0,1994.0,-122.0,2018
2018-11-16,Slovakia,Ukraine,4.0,1.0,UEFA Nations League,Trnava,Slovakia,False,Home Win,1766.0,1742.0,24.0,2018
2018-11-16,Argentina,Mexico,2.0,0.0,Friendly,Córdoba,Argentina,False,Home Win,1983.0,1858.0,125.0,2018
2018-11-16,Gibraltar,Armenia,2.0,6.0,UEFA Nations League,Gibraltar,Gibraltar,False,Away Win,1078.0,1463.0,-385.0,2018
2018-11-16,Slovenia,Norway,1.0,1.0,UEFA Nations League,Ljubljana,Slovenia,False,Draw,1606.0,1561.0,45.0,2018
2018-11-16,Brazil,Uruguay,1.0,0.0,Friendly,London,England,True,Home Win,2130.0,1876.0,254.0,2018
2018-11-16,Morocco,Cameroon,2.0,0.0,African Cup of Nations qualification,Casablanca,Morocco,False,Home Win,1709.0,1691.0,18.0,2018
2018-11-16,Cyprus,Bulgaria,1.0,1.0,UEFA Nations League,Nicosia,Cyprus,False,Draw,1421.0,1610.0,-189.0,2018
2018-11-16,Vietnam,Malaysia,2.0,0.0,AFF Championship,Hanoi,Vietnam,False,Home Win,1288.0,1055.0,233.0,2018
2018-11-16,Oman,Syria,1.0,1.0,Friendly,Muscat,Oman,False,Draw,1540.0,1611.0,-71.0,2018
2018-11-16,Laos,Myanmar,1.0,3.0,AFF Championship,Vientiane,Laos,False,Away Win,770.0,1072.0,-302.0,2018
2018-11-16,Honduras,Panama,1.0,0.0,Friendly,Tegucigalpa,Honduras,False,Home Win,1626.0,1661.0,-35.0,2018
2018-11-16,Egypt,Tunisia,3.0,2.0,African Cup of Nations qualification,Alexandria,Egypt,False,Home Win,1641.0,1653.0,-12.0,2018
2018-11-16,Japan,Venezuela,1.0,1.0,Kirin Challenge Cup,Ōita,Japan,False,Draw,1693.0,1747.0,-54.0,2018
2018-11-17,Romania,Lithuania,3.0,0.0,UEFA Nations League,Ploiești,Romania,False,Home Win,1705.0,1411.0,294.0,2018
2018-11-17,Thailand,Indonesia,4.0,2.0,AFF Championship,Bangkok,Thailand,False,Home Win,1394.0,1195.0,199.0,2018
2018-11-17,Italy,Portugal,0.0,0.0,UEFA Nations League,Milan,Italy,False,Draw,1892.0,2000.0,-108.0,2018
2018-11-17,Turkey,Sweden,0.0,1.0,UEFA Nations League,Konya,Turkey,False,Away Win,1726.0,1795.0,-69.0,2018
2018-11-17,Albania,Scotland,0.0,4.0,UEFA Nations League,Shkodër,Albania,False,Away Win,1635.0,1717.0,-82.0,2018
2018-11-17,Serbia,Montenegro,2.0,1.0,UEFA Nations League,Belgrade,Serbia,False,Home Win,1770.0,1609.0,161.0,2018
2018-11-17,Malta,Kosovo,0.0,5.0,UEFA Nations League,Attard,Malta,False,Away Win,1204.0,1405.0,-201.0,2018
2018-11-17,Gambia,Benin,3.0,1.0,African Cup of Nations qualification,Bakau,Gambia,False,Home Win,1298.0,1415.0,-117.0,2018
2018-11-17,Namibia,Guinea-Bissau,0.0,0.0,African Cup of Nations qualification,Windhoek,Namibia,False,Draw,1386.0,1288.0,98.0,2018
2018-11-17,Jamaica,Suriname,2.0,1.0,CONCACAF Nations League qualification,Kingston,Jamaica,False,Home Win,1495.0,1209.0,286.0,2018
2018-11-17,Nicaragua,Haiti,0.0,2.0,CONCACAF Nations League qualification,Managua,Nicaragua,False,Away Win,1252.0,1479.0,-227.0,2018
2018-11-17,Comoros,Malawi,2.0,1.0,African Cup of Nations qualification,Moroni,Comoros,False,Home Win,1019.0,1274.0,-255.0,2018
2018-11-17,Gabon,Mali,0.0,1.0,African Cup of Nations qualification,Libreville,Gabon,False,Away Win,1420.0,1531.0,-111.0,2018
2018-11-17,Seychelles,Libya,1.0,8.0,African Cup of Nations qualification,Victoria,Seychelles,False,Away Win,943.0,1462.0,-519.0,2018
2018-11-17,Jordan,India,2.0,1.0,Friendly,Amman,Jordan,False,Home Win,1467.0,1162.0,305.0,2018
2018-11-18,Switzerland,Belgium,5.0,2.0,UEFA Nations League,Lucerne,Switzerland,False,Home Win,1878.0,1929.0,-51.0,2018
2018-11-18,England,Croatia,2.0,1.0,UEFA Nations League,London,England,False,Home Win,1940.0,1853.0,87.0,2018
2018-11-18,Greece,Estonia,0.0,1.0,UEFA Nations League,Athens,Greece,False,Away Win,1664.0,1503.0,161.0,2018
2018-11-18,Hungary,Finland,2.0,0.0,UEFA Nations League,Budapest,Hungary,False,Home Win,1583.0,1570.0,13.0,2018
2018-11-18,Ethiopia,Ghana,0.0,2.0,African Cup of Nations qualification,Addis Ababa,Ethiopia,False,Away Win,1279.0,1617.0,-338.0,2018
2018-11-18,Lesotho,Tanzania,1.0,0.0,African Cup of Nations qualification,Maseru,Lesotho,False,Home Win,1316.0,1312.0,4.0,2018
2018-11-18,Liberia,Zimbabwe,1.0,0.0,African Cup of Nations qualification,Monrovia,Liberia,False,Home Win,1329.0,1436.0,-107.0,2018
2018-11-18,Mauritania,Botswana,2.0,1.0,African Cup of Nations qualification,Nouakchott,Mauritania,False,Home Win,1330.0,1313.0,17.0,2018
2018-11-18,Eswatini,Niger,1.0,2.0,African Cup of Nations qualification,Manzini,Eswatini,False,Away Win,1255.0,1287.0,-32.0,2018
2018-11-18,Mozambique,Zambia,1.0,0.0,African Cup of Nations qualification,Maputo,Mozambique,False,Home Win,1311.0,1441.0,-130.0,2018
2018-11-18,Madagascar,Sudan,1.0,3.0,African Cup of Nations qualification,Antananarivo,Madagascar,False,Away Win,1252.0,1299.0,-47.0,2018
2018-11-18,Togo,Algeria,1.0,4.0,African Cup of Nations qualification,Lomé,Togo,False,Away Win,1395.0,1505.0,-110.0,2018
2018-11-19,Cyprus,Norway,0.0,2.0,UEFA Nations League,Nicosia,Cyprus,False,Away Win,1421.0,1561.0,-140.0,2018
2018-11-19,Germany,Netherlands,2.0,2.0,UEFA Nations League,Gelsenkirchen,Germany,False,Draw,2091.0,1872.0,219.0,2018
2018-11-19,Czechia,Slovakia,1.0,0.0,UEFA Nations League,Prague,Czech Republic,False,Home Win,1702.0,1766.0,-64.0,2018
2018-11-19,Bulgaria,Slovenia,1.0,1.0,UEFA Nations League,Sofia,Bulgaria,False,Draw,1610.0,1606.0,4.0,2018
2018-11-19,Liechtenstein,Armenia,2.0,2.0,UEFA Nations League,Vaduz,Liechtenstein,False,Draw,1202.0,1463.0,-261.0,2018
2018-11-19,Denmark,Ireland,0.0,0.0,UEFA Nations League,Aarhus,Denmark,False,Draw,1841.0,1758.0,83.0,2018
2018-11-19,Georgia,Kazakhstan,2.0,1.0,UEFA Nations League,Tbilisi,Georgia,False,Home Win,1506.0,1368.0,138.0,2018
2018-11-19,Iceland,Qatar,2.0,2.0,Friendly,Eupen,Belgium,True,Draw,1787.0,1488.0,299.0,2018
2018-11-19,Oman,Bahrain,2.0,1.0,Friendly,Muscat,Oman,False,Home Win,1540.0,1418.0,122.0,2018
2018-11-19,Curaçao,Guadeloupe,6.0,0.0,CONCACAF Nations League qualification,Willemstad,Curaçao,False,Home Win,1267.0,1285.0,-18.0,2018
2018-11-19,Andorra,Latvia,0.0,0.0,UEFA Nations League,Andorra la Vella,Andorra,False,Draw,1012.0,1375.0,-363.0,2018
2018-11-20,Brazil,Cameroon,1.0,0.0,Friendly,London,England,True,Home Win,2130.0,1691.0,439.0,2018
2018-11-20,Portugal,Poland,1.0,1.0,UEFA Nations League,Guimarães,Portugal,False,Draw,1974.0,1830.0,144.0,2018
2018-11-20,Sweden,Russia,2.0,0.0,UEFA Nations League,Stockholm,Sweden,False,Home Win,1834.0,1684.0,150.0,2018
2018-11-20,Scotland,Israel,3.0,2.0,UEFA Nations League,Glasgow,Scotland,False,Home Win,1712.0,1574.0,138.0,2018
2018-11-20,Montenegro,Romania,0.0,1.0,UEFA Nations League,Podgorica,Montenegro,False,Away Win,1606.0,1733.0,-127.0,2018
2018-11-20,Serbia,Lithuania,4.0,1.0,UEFA Nations League,Belgrade,Serbia,False,Home Win,1804.0,1340.0,464.0,2018
2018-11-20,Kosovo,Azerbaijan,4.0,0.0,UEFA Nations League,Pristina,Kosovo,False,Home Win,1474.0,1425.0,49.0,2018
2018-11-20,Argentina,Mexico,2.0,0.0,Friendly,Mendoza,Argentina,False,Home Win,1983.0,1858.0,125.0,2018
2018-11-20,Australia,Lebanon,3.0,0.0,Friendly,Sydney,Australia,False,Home Win,1722.0,1458.0,264.0,2018
2018-11-20,China,Palestine,1.0,1.0,Friendly,Wuhan,China,False,Draw,1549.0,1403.0,146.0,2018
2018-11-20,France,Uruguay,1.0,0.0,Friendly,Paris,France,False,Home Win,1994.0,1876.0,118.0,2018
2018-11-20,Chile,Honduras,4.0,1.0,Friendly,Temuco,Chile,False,Home Win,1873.0,1626.0,247.0,2018
2018-11-20,Iraq,Bolivia,0.0,0.0,Friendly,Al-Ain,Iraq,False,Draw,1560.0,1706.0,-146.0,2018
2018-11-20,Japan,Kyrgyzstan,4.0,0.0,Kirin Challenge Cup,Toyota,Japan,False,Home Win,1693.0,1246.0,447.0,2018
2018-11-20,Nigeria,Uganda,0.0,0.0,Friendly,Asaba,Nigeria,False,Draw,1720.0,1463.0,257.0,2018
2018-11-20,Panama,Ecuador,1.0,2.0,Friendly,Panama City,Panama,False,Away Win,1661.0,1747.0,-86.0,2018
2018-11-20,Tunisia,Morocco,0.0,1.0,Friendly,Radès,Tunisia,False,Away Win,1653.0,1709.0,-56.0,2018
2018-11-20,Turkey,Ukraine,0.0,0.0,Friendly,Antalya,Turkey,False,Draw,1692.0,1742.0,-50.0,2018
2018-11-20,Myanmar,Vietnam,0.0,0.0,AFF Championship,Yangon,Myanmar,False,Draw,1072.0,1288.0,-216.0,2018
2018-11-20,Cambodia,Laos,3.0,1.0,AFF Championship,Phnom Penh,Cambodia,False,Home Win,821.0,770.0,51.0,2018
2018-11-20,Iran,Venezuela,1.0,1.0,Friendly,Doha,Qatar,True,Draw,1796.0,1747.0,49.0,2018
2018-11-21,Philippines,Thailand,1.0,1.0,AFF Championship,Bacolod,Philippines,False,Draw,1202.0,1412.0,-210.0,2018
2018-11-24,Vietnam,Cambodia,3.0,0.0,AFF Championship,Hanoi,Vietnam,False,Home Win,1288.0,821.0,467.0,2018
2018-11-24,Malaysia,Myanmar,3.0,0.0,AFF Championship,Kuala Lumpur,Malaysia,False,Home Win,1055.0,1072.0,-17.0,2018
2018-11-25,Indonesia,Philippines,0.0,0.0,AFF Championship,Jakarta,Indonesia,False,Draw,1208.0,1202.0,6.0,2018
2018-11-25,Thailand,Singapore,3.0,0.0,AFF Championship,Bangkok,Thailand,False,Home Win,1412.0,1043.0,369.0,2018
2018-12-01,Malaysia,Thailand,0.0,0.0,AFF Championship,Kuala Lumpur,Malaysia,False,Draw,1055.0,1412.0,-357.0,2018
2018-12-02,Philippines,Vietnam,1.0,2.0,AFF Championship,Bacolod,Philippines,False,Away Win,1202.0,1288.0,-86.0,2018
2018-12-05,Thailand,Malaysia,2.0,2.0,AFF Championship,Bangkok,Thailand,False,Draw,1412.0,1055.0,357.0,2018
2018-12-06,Vietnam,Philippines,2.0,1.0,AFF Championship,Hanoi,Vietnam,False,Home Win,1288.0,1202.0,86.0,2018
2018-12-11,Malaysia,Vietnam,2.0,2.0,AFF Championship,Kuala Lumpur,Malaysia,False,Draw,1055.0,1288.0,-233.0,2018
2018-12-13,Oman,Tajikistan,2.0,1.0,Friendly,Muscat,Oman,False,Home Win,1540.0,1199.0,341.0,2018
2018-12-15,Vietnam,Malaysia,1.0,0.0,AFF Championship,Hanoi,Vietnam,False,Home Win,1288.0,1055.0,233.0,2018
2018-12-16,Oman,Tajikistan,1.0,0.0,Friendly,Muscat,Oman,False,Home Win,1540.0,1199.0,341.0,2018
2018-12-20,Bahrain,Tajikistan,5.0,0.0,Friendly,Isa Town,Bahrain,False,Home Win,1418.0,1199.0,219.0,2018
2018-12-20,Jordan,Kyrgyzstan,0.0,1.0,Friendly,Doha,Qatar,True,Away Win,1469.0,1246.0,223.0,2018
2018-12-23,Qatar,Jordan,2.0,0.0,Friendly,Doha,Qatar,False,Home Win,1488.0,1469.0,19.0,2018
2018-12-24,Iraq,China,2.0,1.0,Friendly,Doha,Qatar,True,Home Win,1560.0,1549.0,11.0,2018
2018-12-24,Palestine,Iran,1.0,1.0,Friendly,Doha,Qatar,True,Draw,1403.0,1796.0,-393.0,2018
2018-12-25,Afghanistan,Turkmenistan,0.0,2.0,Friendly,Antalya,Turkey,True,Away Win,1158.0,1243.0,-85.0,2018
2018-12-25,Qatar,Kyrgyzstan,1.0,0.0,Friendly,Doha,Qatar,False,Home Win,1488.0,1246.0,242.0,2018
2018-12-27,Bahrain,Lebanon,1.0,0.0,Friendly,East Riffa,Bahrain,False,Home Win,1418.0,1458.0,-40.0,2018
2018-12-27,India,Oman,0.0,0.0,Friendly,Abu Dhabi,United Arab Emirates,True,Draw,1213.0,1540.0,-327.0,2018
2018-12-27,Qatar,Algeria,0.0,1.0,Friendly,Doha,Qatar,False,Away Win,1488.0,1505.0,-17.0,2018
2018-12-28,China,Jordan,1.0,1.0,Friendly,Doha,Qatar,True,Draw,1549.0,1469.0,80.0,2018
2018-12-28,Iraq,Palestine,1.0,0.0,Friendly,Doha,Qatar,True,Home Win,1560.0,1403.0,157.0,2018
2018-12-30,Australia,Oman,5.0,0.0,Friendly,Dubai,United Arab Emirates,True,Home Win,1722.0,1540.0,182.0,2018
2018-12-30,Yemen,Syria,0.0,1.0,Friendly,Abu Dhabi,United Arab Emirates,True,Away Win,1197.0,1611.0,-414.0,2018
2018-12-31,Kyrgyzstan,Palestine,2.0,1.0,Friendly,Doha,Qatar,True,Home Win,1246.0,1395.0,-149.0,2018
2018-12-31,Philippines,Vietnam,2.0,4.0,Friendly,Doha,Qatar,True,Away Win,1202.0,1288.0,-86.0,2018
2018-12-31,Qatar,Iran,1.0,2.0,Friendly,Doha,Qatar,False,Away Win,1488.0,1796.0,-308.0,2018
2019-01-02,Oman,Thailand,2.0,0.0,Friendly,Abu Dhabi,United Arab Emirates,True,Home Win,1540.0,1412.0,128.0,2019
2019-01-06,Thailand,India,1.0,4.0,AFC Asian Cup,Abu Dhabi,United Arab Emirates,True,Away Win,1412.0,1213.0,199.0,2019
2019-01-06,Australia,Jordan,0.0,1.0,AFC Asian Cup,Al Ain,United Arab Emirates,True,Away Win,1722.0,1448.0,274.0,2019
2019-01-06,Syria,Palestine,0.0,0.0,AFC Asian Cup,Sharjah,United Arab Emirates,True,Draw,1611.0,1395.0,216.0,2019
2019-01-07,China,Kyrgyzstan,2.0,1.0,AFC Asian Cup,Al Ain,United Arab Emirates,True,Home Win,1517.0,1246.0,271.0,2019
2019-01-07,Iran,Yemen,5.0,0.0,AFC Asian Cup,Abu Dhabi,United Arab Emirates,True,Home Win,1796.0,1197.0,599.0,2019
2019-01-08,Finland,Sweden,1.0,0.0,Friendly,Doha,Qatar,True,Home Win,1570.0,1834.0,-264.0,2019
2019-01-08,Iraq,Vietnam,3.0,2.0,AFC Asian Cup,Abu Dhabi,United Arab Emirates,True,Home Win,1583.0,1288.0,295.0,2019
2019-01-09,Uzbekistan,Oman,2.0,1.0,AFC Asian Cup,Sharjah,United Arab Emirates,True,Home Win,1608.0,1540.0,68.0,2019
2019-01-09,Qatar,Lebanon,2.0,0.0,AFC Asian Cup,Al Ain,United Arab Emirates,True,Home Win,1488.0,1458.0,30.0,2019
2019-01-09,Japan,Turkmenistan,3.0,2.0,AFC Asian Cup,Abu Dhabi,United Arab Emirates,True,Home Win,1693.0,1252.0,441.0,2019
2019-01-10,Bahrain,Thailand,0.0,1.0,AFC Asian Cup,Dubai,United Arab Emirates,True,Away Win,1418.0,1412.0,6.0,2019
2019-01-10,Jordan,Syria,2.0,0.0,AFC Asian Cup,Al Ain,United Arab Emirates,True,Home Win,1448.0,1611.0,-163.0,2019
2019-01-11,Estonia,Finland,2.0,1.0,Friendly,Doha,Qatar,True,Home Win,1503.0,1570.0,-67.0,2019
2019-01-11,Iceland,Sweden,2.0,2.0,Friendly,Doha,Qatar,True,Draw,1787.0,1834.0,-47.0,2019
2019-01-11,Palestine,Australia,0.0,3.0,AFC Asian Cup,Dubai,United Arab Emirates,True,Away Win,1395.0,1722.0,-327.0,2019
2019-01-11,Philippines,China,0.0,3.0,AFC Asian Cup,Abu Dhabi,United Arab Emirates,True,Away Win,1202.0,1517.0,-315.0,2019
2019-01-12,Vietnam,Iran,0.0,2.0,AFC Asian Cup,Abu Dhabi,United Arab Emirates,True,Away Win,1288.0,1796.0,-508.0,2019
2019-01-12,Yemen,Iraq,0.0,3.0,AFC Asian Cup,Sharjah,United Arab Emirates,True,Away Win,1197.0,1583.0,-386.0,2019
2019-01-13,Oman,Japan,0.0,1.0,AFC Asian Cup,Abu Dhabi,United Arab Emirates,True,Away Win,1540.0,1693.0,-153.0,2019
2019-01-13,Turkmenistan,Uzbekistan,0.0,4.0,AFC Asian Cup,Dubai,United Arab Emirates,True,Away Win,1252.0,1608.0,-356.0,2019
2019-01-14,India,Bahrain,0.0,1.0,AFC Asian Cup,Sharjah,United Arab Emirates,True,Away Win,1213.0,1418.0,-205.0,2019
2019-01-15,Estonia,Iceland,0.0,0.0,Friendly,Doha,Qatar,True,Draw,1503.0,1787.0,-284.0,2019
2019-01-15,Australia,Syria,3.0,2.0,AFC Asian Cup,Al Ain,United Arab Emirates,True,Home Win,1722.0,1611.0,111.0,2019
2019-01-15,Palestine,Jordan,0.0,0.0,AFC Asian Cup,Abu Dhabi,United Arab Emirates,True,Draw,1395.0,1448.0,-53.0,2019
2019-01-16,Kyrgyzstan,Philippines,3.0,1.0,AFC Asian Cup,Dubai,United Arab Emirates,True,Home Win,1246.0,1202.0,44.0,2019
2019-01-16,Iran,Iraq,0.0,0.0,AFC Asian Cup,Dubai,United Arab Emirates,True,Draw,1796.0,1583.0,213.0,2019
2019-01-16,Vietnam,Yemen,2.0,0.0,AFC Asian Cup,Al Ain,United Arab Emirates,True,Home Win,1288.0,1197.0,91.0,2019
2019-01-17,Japan,Uzbekistan,2.0,1.0,AFC Asian Cup,Al Ain,United Arab Emirates,True,Home Win,1693.0,1608.0,85.0,2019
2019-01-17,Oman,Turkmenistan,3.0,1.0,AFC Asian Cup,Abu Dhabi,United Arab Emirates,True,Home Win,1540.0,1252.0,288.0,2019
2019-01-20,Iran,Oman,2.0,0.0,AFC Asian Cup,Abu Dhabi,United Arab Emirates,True,Home Win,1796.0,1540.0,256.0,2019
2019-01-20,Jordan,Vietnam,1.0,1.0,AFC Asian Cup,Dubai,United Arab Emirates,True,Draw,1448.0,1288.0,160.0,2019
2019-01-20,Thailand,China,1.0,2.0,AFC Asian Cup,Al Ain,United Arab Emirates,True,Away Win,1412.0,1517.0,-105.0,2019
2019-01-21,Australia,Uzbekistan,0.0,0.0,AFC Asian Cup,Al Ain,United Arab Emirates,True,Draw,1722.0,1608.0,114.0,2019
2019-01-22,Qatar,Iraq,1.0,0.0,AFC Asian Cup,Abu Dhabi,United Arab Emirates,True,Home Win,1488.0,1583.0,-95.0,2019
2019-01-24,China,Iran,0.0,3.0,AFC Asian Cup,Abu Dhabi,United Arab Emirates,True,Away Win,1517.0,1796.0,-279.0,2019
2019-01-24,Vietnam,Japan,0.0,1.0,AFC Asian Cup,Dubai,United Arab Emirates,True,Away Win,1288.0,1693.0,-405.0,2019
2019-01-28,Iran,Japan,0.0,3.0,AFC Asian Cup,Al Ain,United Arab Emirates,True,Away Win,1796.0,1693.0,103.0,2019
2019-02-01,Japan,Qatar,1.0,3.0,AFC Asian Cup,Abu Dhabi,United Arab Emirates,True,Away Win,1693.0,1488.0,205.0,2019
2019-02-27,Cuba,Bermuda,5.0,0.0,Friendly,Havana,Cuba,False,Home Win,1338.0,1212.0,126.0,2019
2019-03-03,Bolivia,Nicaragua,2.0,2.0,Friendly,Villa Tunari,Bolivia,False,Draw,1706.0,1279.0,427.0,2019
2019-03-04,Barbados,Grenada,3.0,0.0,Friendly,Kingstown,Saint Vincent and the Grenadines,True,Home Win,1137.0,1112.0,25.0,2019
2019-03-09,Cambodia,Bangladesh,0.0,1.0,Friendly,Phnom Penh,Cambodia,False,Away Win,821.0,809.0,12.0,2019
2019-03-19,Myanmar,Taiwan,0.0,0.0,Friendly,Mandalay,Myanmar,False,Draw,1072.0,986.0,86.0,2019
2019-03-20,Germany,Serbia,1.0,1.0,Friendly,Wolfsburg,Germany,False,Draw,2091.0,1804.0,287.0,2019
2019-03-21,Kosovo,Denmark,2.0,2.0,Friendly,Pristina,Kosovo,False,Draw,1474.0,1841.0,-367.0,2019
2019-03-21,Kuwait,Nepal,0.0,0.0,Friendly,Al Ahmadi,Kuwait,False,Draw,1439.0,899.0,540.0,2019
2019-03-21,Netherlands,Belarus,4.0,0.0,UEFA Euro qualification,Rotterdam,Netherlands,False,Home Win,1872.0,1530.0,342.0,2019
2019-03-21,Croatia,Azerbaijan,2.0,1.0,UEFA Euro qualification,Zagreb,Croatia,False,Home Win,1853.0,1425.0,428.0,2019
2019-03-21,Slovakia,Hungary,2.0,0.0,UEFA Euro qualification,Trnava,Slovakia,False,Home Win,1766.0,1583.0,183.0,2019
2019-03-21,Austria,Poland,0.0,1.0,UEFA Euro qualification,Vienna,Austria,False,Away Win,1725.0,1830.0,-105.0,2019
2019-03-21,Israel,Slovenia,1.0,1.0,UEFA Euro qualification,Haifa,Israel,False,Draw,1574.0,1606.0,-32.0,2019
2019-03-21,Belgium,Russia,3.0,1.0,UEFA Euro qualification,Brussels,Belgium,False,Home Win,1929.0,1684.0,245.0,2019
2019-03-21,Kazakhstan,Scotland,3.0,0.0,UEFA Euro qualification,Astana,Kazakhstan,False,Home Win,1368.0,1712.0,-344.0,2019
2019-03-22,Mexico,Chile,3.0,1.0,Friendly,San Diego,United States,True,Home Win,1858.0,1873.0,-15.0,2019
2019-03-22,Japan,Colombia,0.0,1.0,Kirin Challenge Cup,Yokohama,Japan,False,Away Win,1693.0,1927.0,-234.0,2019
2019-03-22,Luxembourg,Lithuania,2.0,1.0,UEFA Euro qualification,Luxembourg,Luxembourg,False,Home Win,1325.0,1340.0,-15.0,2019
2019-03-22,Portugal,Ukraine,0.0,0.0,UEFA Euro qualification,Lisbon,Portugal,False,Draw,1974.0,1742.0,232.0,2019
2019-03-22,England,Czechia,5.0,0.0,UEFA Euro qualification,London,England,False,Home Win,1940.0,1702.0,238.0,2019
2019-03-22,Peru,Paraguay,1.0,0.0,Friendly,Harrison,United States,True,Home Win,1906.0,1745.0,161.0,2019
2019-03-22,Bulgaria,Montenegro,1.0,1.0,UEFA Euro qualification,Sofia,Bulgaria,False,Draw,1610.0,1606.0,4.0,2019
2019-03-22,Argentina,Venezuela,1.0,3.0,Friendly,Madrid,Spain,True,Away Win,1983.0,1747.0,236.0,2019
2019-03-22,Botswana,Angola,0.0,1.0,African Cup of Nations qualification,Francistown,Botswana,False,Away Win,1313.0,1252.0,61.0,2019
2019-03-22,Algeria,Gambia,1.0,1.0,African Cup of Nations qualification,Blida,Algeria,False,Draw,1505.0,1303.0,202.0,2019
2019-03-22,Malawi,Morocco,0.0,0.0,African Cup of Nations qualification,Blantyre,Malawi,False,Draw,1250.0,1709.0,-459.0,2019
2019-03-22,Albania,Turkey,0.0,2.0,UEFA Euro qualification,Shkodër,Albania,False,Away Win,1499.0,1692.0,-193.0,2019
2019-03-22,Nigeria,Seychelles,3.0,1.0,African Cup of Nations qualification,Asaba,Nigeria,False,Home Win,1720.0,966.0,754.0,2019
2019-03-22,Tunisia,Eswatini,4.0,0.0,African Cup of Nations qualification,Radès,Tunisia,False,Home Win,1653.0,1255.0,398.0,2019
2019-03-22,Andorra,Iceland,0.0,2.0,UEFA Euro qualification,Andorra la Vella,Andorra,False,Away Win,1012.0,1787.0,-775.0,2019
2019-03-23,Liechtenstein,Greece,0.0,2.0,UEFA Euro qualification,Vaduz,Liechtenstein,False,Away Win,1202.0,1664.0,-462.0,2019
2019-03-23,Brazil,Panama,1.0,1.0,Friendly,Porto,Portugal,True,Draw,2130.0,1661.0,469.0,2019
2019-03-23,Oman,Singapore,1.0,1.0,Friendly,Kuala Lumpur,Malaysia,True,Draw,1540.0,1043.0,497.0,2019
2019-03-23,Georgia,Switzerland,0.0,2.0,UEFA Euro qualification,Tbilisi,Georgia,False,Away Win,1506.0,1878.0,-372.0,2019
2019-03-23,Gibraltar,Ireland,0.0,1.0,UEFA Euro qualification,Gibraltar,Gibraltar,False,Away Win,1078.0,1758.0,-680.0,2019
2019-03-23,Sweden,Romania,2.0,1.0,UEFA Euro qualification,Stockholm,Sweden,False,Home Win,1834.0,1733.0,101.0,2019
2019-03-23,Spain,Norway,2.0,1.0,UEFA Euro qualification,Valencia,Spain,False,Home Win,2048.0,1561.0,487.0,2019
2019-03-23,Italy,Finland,2.0,0.0,UEFA Euro qualification,Udine,Italy,False,Home Win,1882.0,1570.0,312.0,2019
2019-03-23,Guadeloupe,Martinique,0.0,1.0,CONCACAF Nations League qualification,Les Abymes,Guadeloupe,False,Away Win,1285.0,1451.0,-166.0,2019
2019-03-23,Malaysia,Afghanistan,2.0,1.0,Friendly,Kuala Lumpur,Malaysia,False,Home Win,1055.0,1152.0,-97.0,2019
2019-03-23,Cameroon,Comoros,3.0,0.0,African Cup of Nations qualification,Yaoundé,Cameroon,False,Home Win,1691.0,1090.0,601.0,2019
2019-03-23,Ghana,Kenya,1.0,0.0,African Cup of Nations qualification,Accra,Ghana,False,Home Win,1617.0,1372.0,245.0,2019
2019-03-23,Niger,Egypt,1.0,1.0,African Cup of Nations qualification,Niamey,Niger,False,Draw,1287.0,1641.0,-354.0,2019
2019-03-23,Zambia,Namibia,4.0,1.0,African Cup of Nations qualification,Lusaka,Zambia,False,Home Win,1441.0,1381.0,60.0,2019
2019-03-23,Guyana,Belize,2.0,1.0,CONCACAF Nations League qualification,Leonora,Guyana,False,Home Win,1250.0,1199.0,51.0,2019
2019-03-23,Burundi,Gabon,1.0,1.0,African Cup of Nations qualification,Bujumbura,Burundi,False,Draw,1311.0,1404.0,-93.0,2019
2019-03-23,Guinea-Bissau,Mozambique,2.0,2.0,African Cup of Nations qualification,Bissau,Guinea-Bissau,False,Draw,1309.0,1311.0,-2.0,2019
2019-03-23,Senegal,Madagascar,2.0,0.0,African Cup of Nations qualification,Thiès,Senegal,False,Home Win,1755.0,1252.0,503.0,2019
2019-03-24,Kazakhstan,Russia,0.0,4.0,UEFA Euro qualification,Astana,Kazakhstan,False,Away Win,1368.0,1684.0,-316.0,2019
2019-03-24,Fiji,Mauritius,1.0,0.0,Friendly,Lautoka,Fiji,False,Home Win,1253.0,1072.0,181.0,2019
2019-03-24,Netherlands,Germany,2.0,3.0,UEFA Euro qualification,Amsterdam,Netherlands,False,Away Win,1872.0,2091.0,-219.0,2019
2019-03-24,Israel,Austria,4.0,2.0,UEFA Euro qualification,Haifa,Israel,False,Home Win,1574.0,1725.0,-151.0,2019
2019-03-24,Poland,Latvia,2.0,0.0,UEFA Euro qualification,Warsaw,Poland,False,Home Win,1830.0,1375.0,455.0,2019
2019-03-24,Zimbabwe,Congo,2.0,0.0,African Cup of Nations qualification,Harare,Zimbabwe,False,Home Win,1436.0,1403.0,33.0,2019
2019-03-24,Cyprus,Belgium,0.0,2.0,UEFA Euro qualification,Nicosia,Cyprus,False,Away Win,1421.0,1929.0,-508.0,2019
2019-03-24,Benin,Togo,2.0,1.0,African Cup of Nations qualification,Cotonou,Benin,False,Home Win,1386.0,1395.0,-9.0,2019
2019-03-24,Tanzania,Uganda,3.0,0.0,African Cup of Nations qualification,Dar es Salaam,Tanzania,False,Home Win,1312.0,1463.0,-151.0,2019
2019-03-24,Haiti,Cuba,2.0,1.0,CONCACAF Nations League qualification,Port-au-Prince,Haiti,False,Home Win,1521.0,1338.0,183.0,2019
2019-03-24,Barbados,Nicaragua,0.0,1.0,CONCACAF Nations League qualification,Bridgetown,Barbados,False,Away Win,1137.0,1279.0,-142.0,2019
2019-03-24,Hungary,Croatia,2.0,1.0,UEFA Euro qualification,Budapest,Hungary,False,Home Win,1583.0,1853.0,-270.0,2019
2019-03-25,Myanmar,Indonesia,0.0,2.0,Friendly,Mandalay,Myanmar,False,Away Win,1072.0,1208.0,-136.0,2019
2019-03-25,Azerbaijan,Lithuania,0.0,0.0,Friendly,Baku,Azerbaijan,False,Draw,1425.0,1340.0,85.0,2019
2019-03-25,Kuwait,Nepal,1.0,0.0,Friendly,Al Ahmadi,Kuwait,False,Home Win,1439.0,899.0,540.0,2019
2019-03-25,Kosovo,Bulgaria,1.0,1.0,UEFA Euro qualification,Pristina,Kosovo,False,Draw,1474.0,1610.0,-136.0,2019
2019-03-25,Montenegro,England,1.0,5.0,UEFA Euro qualification,Podgorica,Montenegro,False,Away Win,1606.0,1940.0,-334.0,2019
2019-03-25,Portugal,Serbia,1.0,1.0,UEFA Euro qualification,Lisbon,Portugal,False,Draw,1974.0,1804.0,170.0,2019
2019-03-25,Andorra,Albania,0.0,3.0,UEFA Euro qualification,Andorra la Vella,Andorra,False,Away Win,1012.0,1499.0,-487.0,2019
2019-03-25,Luxembourg,Ukraine,1.0,2.0,UEFA Euro qualification,Luxembourg,Luxembourg,False,Away Win,1325.0,1742.0,-417.0,2019
2019-03-25,France,Iceland,4.0,0.0,UEFA Euro qualification,Paris,France,False,Home Win,1994.0,1787.0,207.0,2019
2019-03-26,Algeria,Tunisia,1.0,0.0,Friendly,Blida,Algeria,False,Home Win,1505.0,1653.0,-148.0,2019
2019-03-26,Nigeria,Egypt,1.0,0.0,Friendly,Asaba,Nigeria,False,Home Win,1720.0,1641.0,79.0,2019
2019-03-26,Ghana,Mauritania,3.0,1.0,Friendly,Accra,Ghana,False,Home Win,1617.0,1330.0,287.0,2019
2019-03-26,Gibraltar,Estonia,0.0,1.0,Friendly,Gibraltar,Gibraltar,False,Away Win,1078.0,1503.0,-425.0,2019
2019-03-26,Honduras,Ecuador,0.0,0.0,Friendly,Harrison,United States,True,Draw,1626.0,1747.0,-121.0,2019
2019-03-26,Japan,Bolivia,1.0,0.0,Kirin Challenge Cup,Kobe,Japan,False,Home Win,1693.0,1706.0,-13.0,2019
2019-03-26,Morocco,Argentina,0.0,1.0,Friendly,Tangier,Morocco,False,Away Win,1709.0,1983.0,-274.0,2019
2019-03-26,Nicaragua,Guatemala,0.0,1.0,Friendly,Managua,Nicaragua,False,Away Win,1279.0,1510.0,-231.0,2019
2019-03-26,Italy,Liechtenstein,6.0,0.0,UEFA Euro qualification,Parma,Italy,False,Home Win,1882.0,1202.0,680.0,2019
2019-03-26,Paraguay,Mexico,2.0,4.0,Friendly,Santa Clara,United States,True,Away Win,1745.0,1858.0,-113.0,2019
2019-03-26,Senegal,Mali,2.0,1.0,Friendly,Dakar,Senegal,False,Home Win,1755.0,1527.0,228.0,2019
2019-03-26,Ireland,Georgia,1.0,0.0,UEFA Euro qualification,Dublin,Republic of Ireland,False,Home Win,1758.0,1506.0,252.0,2019
2019-03-26,Switzerland,Denmark,3.0,3.0,UEFA Euro qualification,Basel,Switzerland,False,Draw,1878.0,1841.0,37.0,2019
2019-03-26,Malta,Spain,0.0,2.0,UEFA Euro qualification,Attard,Malta,False,Away Win,1179.0,2048.0,-869.0,2019
2019-03-26,Norway,Sweden,3.0,3.0,UEFA Euro qualification,Oslo,Norway,False,Draw,1561.0,1834.0,-273.0,2019
2019-03-26,Czechia,Brazil,1.0,3.0,Friendly,Prague,Czech Republic,False,Away Win,1702.0,2130.0,-428.0,2019
2019-03-26,Armenia,Finland,0.0,2.0,UEFA Euro qualification,Yerevan,Armenia,False,Away Win,1463.0,1570.0,-107.0,2019
2019-05-25,Eswatini,Mauritius,2.0,2.0,COSAFA Cup,Durban,South Africa,True,Draw,1255.0,1072.0,183.0,2019
2019-05-26,Mozambique,Namibia,1.0,2.0,COSAFA Cup,Durban,South Africa,True,Away Win,1311.0,1381.0,-70.0,2019
2019-05-26,Malawi,Seychelles,3.0,0.0,COSAFA Cup,Durban,South Africa,True,Home Win,1250.0,966.0,284.0,2019
2019-05-27,Eswatini,Comoros,2.0,2.0,COSAFA Cup,Durban,South Africa,True,Draw,1255.0,1090.0,165.0,2019
2019-05-28,Seychelles,Mozambique,0.0,0.0,COSAFA Cup,Durban,South Africa,True,Draw,966.0,1311.0,-345.0,2019
2019-05-28,Namibia,Malawi,1.0,2.0,COSAFA Cup,Durban,South Africa,True,Away Win,1381.0,1250.0,131.0,2019
2019-05-29,Comoros,Mauritius,2.0,1.0,COSAFA Cup,Durban,South Africa,True,Home Win,1090.0,1072.0,18.0,2019
2019-05-30,Mozambique,Malawi,1.0,1.0,COSAFA Cup,Durban,South Africa,True,Draw,1311.0,1250.0,61.0,2019
2019-05-30,Namibia,Seychelles,3.0,0.0,COSAFA Cup,Durban,South Africa,True,Home Win,1381.0,966.0,415.0,2019
2019-05-30,Turkey,Greece,2.0,1.0,Friendly,Antalya,Turkey,False,Home Win,1692.0,1664.0,28.0,2019
2019-06-01,Lesotho,Uganda,0.0,0.0,COSAFA Cup,Durban,South Africa,True,Draw,1316.0,1463.0,-147.0,2019
2019-06-01,Zimbabwe,Comoros,2.0,0.0,COSAFA Cup,Durban,South Africa,True,Home Win,1436.0,1090.0,346.0,2019
2019-06-01,Venezuela,Ecuador,1.0,1.0,Friendly,Miami Gardens,United States,True,Draw,1747.0,1747.0,0.0,2019
2019-06-02,Zambia,Malawi,2.0,2.0,COSAFA Cup,Durban,South Africa,True,Draw,1441.0,1250.0,191.0,2019
2019-06-02,France,Bolivia,2.0,0.0,Friendly,Nantes,France,False,Home Win,1994.0,1706.0,288.0,2019
2019-06-02,Luxembourg,Madagascar,3.0,3.0,Friendly,Luxembourg,Luxembourg,False,Draw,1325.0,1252.0,73.0,2019
2019-06-02,Malaysia,Nepal,2.0,0.0,Friendly,Kuala Lumpur,Malaysia,False,Home Win,1055.0,899.0,156.0,2019
2019-06-02,Turkey,Uzbekistan,2.0,0.0,Friendly,Alanya,Turkey,False,Home Win,1692.0,1608.0,84.0,2019
2019-06-03,Colombia,Panama,3.0,0.0,Friendly,Bogotá,Colombia,False,Home Win,1927.0,1661.0,266.0,2019
2019-06-03,Vanuatu,Tahiti,2.0,0.0,Friendly,Port Vila,Vanuatu,False,Home Win,1206.0,1250.0,-44.0,2019
2019-06-04,Comoros,Malawi,1.0,2.0,COSAFA Cup,Durban,South Africa,True,Away Win,1090.0,1250.0,-160.0,2019
2019-06-05,Brazil,Qatar,2.0,0.0,Friendly,Brasília,Brazil,False,Home Win,2130.0,1488.0,642.0,2019
2019-06-05,Mexico,Venezuela,3.0,1.0,Friendly,Atlanta,United States,True,Home Win,1858.0,1747.0,111.0,2019
2019-06-05,Paraguay,Honduras,1.0,1.0,Friendly,Ciudad del Este,Paraguay,False,Draw,1745.0,1626.0,119.0,2019
2019-06-05,Portugal,Switzerland,3.0,1.0,UEFA Nations League,Porto,Portugal,False,Home Win,1974.0,1878.0,96.0,2019
2019-06-05,Lesotho,Botswana,1.0,2.0,COSAFA Cup,Durban,South Africa,True,Away Win,1316.0,1313.0,3.0,2019
2019-06-05,Zimbabwe,Zambia,0.0,0.0,COSAFA Cup,Durban,South Africa,True,Draw,1436.0,1441.0,-5.0,2019
2019-06-06,Chile,Haiti,2.0,1.0,Friendly,Coquimbo,Chile,False,Home Win,1873.0,1521.0,352.0,2019
2019-06-06,Taiwan,Nepal,1.0,1.0,Friendly,Kaohsiung,Taiwan,False,Draw,986.0,899.0,87.0,2019
2019-06-06,Slovakia,Jordan,5.0,1.0,Friendly,Trnava,Slovakia,False,Home Win,1766.0,1448.0,318.0,2019
2019-06-06,Bermuda,Guyana,1.0,0.0,Friendly,Hamilton,Bermuda,False,Home Win,1212.0,1250.0,-38.0,2019
2019-06-06,Iran,Syria,5.0,0.0,Friendly,Tehran,Iran,False,Home Win,1796.0,1611.0,185.0,2019
2019-06-06,Tajikistan,Afghanistan,1.0,1.0,Friendly,Dushanbe,Tajikistan,False,Draw,1199.0,1152.0,47.0,2019
2019-06-06,England,Netherlands,1.0,3.0,UEFA Nations League,Guimarães,Portugal,True,Away Win,1940.0,1872.0,68.0,2019
2019-06-06,Laos,Bangladesh,0.0,1.0,FIFA World Cup qualification,Vientiane,Laos,False,Away Win,770.0,809.0,-39.0,2019
2019-06-07,Sweden,Malta,3.0,0.0,UEFA Euro qualification,Stockholm,Sweden,False,Home Win,1834.0,1179.0,655.0,2019
2019-06-07,Czechia,Bulgaria,2.0,1.0,UEFA Euro qualification,Prague,Czech Republic,False,Home Win,1702.0,1610.0,92.0,2019
2019-06-07,Montenegro,Kosovo,1.0,1.0,UEFA Euro qualification,Podgorica,Montenegro,False,Draw,1606.0,1474.0,132.0,2019
2019-06-07,Lithuania,Luxembourg,1.0,1.0,UEFA Euro qualification,Vilnius,Lithuania,False,Draw,1340.0,1325.0,15.0,2019
2019-06-07,Ukraine,Serbia,5.0,0.0,UEFA Euro qualification,Lviv,Ukraine,False,Home Win,1742.0,1804.0,-62.0,2019
2019-06-07,Georgia,Gibraltar,3.0,0.0,UEFA Euro qualification,Tbilisi,Georgia,False,Home Win,1506.0,1078.0,428.0,2019
2019-06-07,Norway,Romania,2.0,2.0,UEFA Euro qualification,Oslo,Norway,False,Draw,1561.0,1733.0,-172.0,2019
2019-06-07,Lesotho,Zimbabwe,2.0,2.0,COSAFA Cup,Durban,South Africa,True,Draw,1316.0,1436.0,-120.0,2019
2019-06-07,Denmark,Ireland,1.0,1.0,UEFA Euro qualification,Copenhagen,Denmark,False,Draw,1841.0,1758.0,83.0,2019
2019-06-07,Latvia,Israel,0.0,3.0,UEFA Euro qualification,Riga,Latvia,False,Away Win,1375.0,1574.0,-199.0,2019
2019-06-07,Argentina,Nicaragua,5.0,1.0,Friendly,San Juan,Argentina,False,Home Win,1983.0,1279.0,704.0,2019
2019-06-07,China,Philippines,2.0,0.0,Friendly,Guangzhou,China,False,Home Win,1517.0,1202.0,315.0,2019
2019-06-07,Fiji,Tahiti,1.0,1.0,Friendly,Port Vila,Vanuatu,True,Draw,1253.0,1250.0,3.0,2019
2019-06-07,Kenya,Madagascar,1.0,0.0,Friendly,Bondoufle,Kenya,False,Home Win,1372.0,1252.0,120.0,2019
2019-06-07,Tunisia,Iraq,2.0,0.0,Friendly,Radès,Tunisia,False,Home Win,1653.0,1583.0,70.0,2019
2019-06-07,Uruguay,Panama,3.0,0.0,Friendly,Montevideo,Uruguay,False,Home Win,1876.0,1661.0,215.0,2019
2019-06-07,Austria,Slovenia,1.0,0.0,UEFA Euro qualification,Klagenfurt,Austria,False,Home Win,1725.0,1606.0,119.0,2019
2019-06-08,Scotland,Cyprus,2.0,1.0,UEFA Euro qualification,Glasgow,Scotland,False,Home Win,1712.0,1421.0,291.0,2019
2019-06-08,Azerbaijan,Hungary,1.0,3.0,UEFA Euro qualification,Baku,Azerbaijan,False,Away Win,1425.0,1583.0,-158.0,2019
2019-06-08,Belarus,Germany,0.0,2.0,UEFA Euro qualification,Borisov,Belarus,False,Away Win,1530.0,2091.0,-561.0,2019
2019-06-08,Turkey,France,2.0,0.0,UEFA Euro qualification,Konya,Turkey,False,Home Win,1692.0,1994.0,-302.0,2019
2019-06-08,Greece,Italy,0.0,3.0,UEFA Euro qualification,Athens,Greece,False,Away Win,1664.0,1882.0,-218.0,2019
2019-06-08,Belgium,Kazakhstan,3.0,0.0,UEFA Euro qualification,Brussels,Belgium,False,Home Win,1929.0,1368.0,561.0,2019
2019-06-08,Iceland,Albania,1.0,0.0,UEFA Euro qualification,Reykjavík,Iceland,False,Home Win,1787.0,1499.0,288.0,2019
2019-06-08,Armenia,Liechtenstein,3.0,0.0,UEFA Euro qualification,Yerevan,Armenia,False,Home Win,1463.0,1202.0,261.0,2019
2019-06-08,Angola,Guinea-Bissau,2.0,0.0,Friendly,Penafiel,Portugal,True,Home Win,1252.0,1309.0,-57.0,2019
2019-06-08,Botswana,Zambia,0.0,1.0,COSAFA Cup,Durban,South Africa,True,Away Win,1313.0,1441.0,-128.0,2019
2019-06-08,Nigeria,Zimbabwe,0.0,0.0,Friendly,Asaba,Nigeria,False,Draw,1720.0,1436.0,284.0,2019
2019-06-09,Brazil,Honduras,7.0,0.0,Friendly,Porto Alegre,Brazil,False,Home Win,2130.0,1626.0,504.0,2019
2019-06-09,Cameroon,Zambia,2.0,1.0,Friendly,Majadahonda,Cameroon,False,Home Win,1691.0,1441.0,250.0,2019
2019-06-09,Mexico,Ecuador,3.0,2.0,Friendly,Arlington,United States,True,Home Win,1858.0,1747.0,111.0,2019
2019-06-09,Turkmenistan,Uganda,0.0,0.0,Friendly,Abu Dhabi,United Arab Emirates,True,Draw,1252.0,1463.0,-211.0,2019
2019-06-09,Switzerland,England,0.0,0.0,UEFA Nations League,Guimarães,Portugal,True,Draw,1878.0,1940.0,-62.0,2019
2019-06-09,Portugal,Netherlands,1.0,0.0,UEFA Nations League,Porto,Portugal,False,Home Win,1974.0,1872.0,102.0,2019
2019-06-09,Paraguay,Guatemala,2.0,0.0,Friendly,Asunción,Paraguay,False,Home Win,1745.0,1510.0,235.0,2019
2019-06-09,Peru,Colombia,0.0,3.0,Friendly,Lima,Peru,False,Away Win,1906.0,1927.0,-21.0,2019
2019-06-10,Ireland,Gibraltar,2.0,0.0,UEFA Euro qualification,Dublin,Republic of Ireland,False,Home Win,1758.0,1078.0,680.0,2019
2019-06-10,Czechia,Montenegro,3.0,0.0,UEFA Euro qualification,Olomouc,Czech Republic,False,Home Win,1702.0,1606.0,96.0,2019
2019-06-10,Bulgaria,Kosovo,2.0,3.0,UEFA Euro qualification,Sofia,Bulgaria,False,Away Win,1610.0,1474.0,136.0,2019
2019-06-10,Serbia,Lithuania,4.0,1.0,UEFA Euro qualification,Belgrade,Serbia,False,Home Win,1804.0,1340.0,464.0,2019
2019-06-10,Ukraine,Luxembourg,1.0,0.0,UEFA Euro qualification,Lviv,Ukraine,False,Home Win,1742.0,1325.0,417.0,2019
2019-06-10,Denmark,Georgia,5.0,1.0,UEFA Euro qualification,Copenhagen,Denmark,False,Home Win,1841.0,1506.0,335.0,2019
2019-06-10,Spain,Sweden,3.0,0.0,UEFA Euro qualification,Madrid,Spain,False,Home Win,2048.0,1834.0,214.0,2019
2019-06-10,Poland,Israel,4.0,0.0,UEFA Euro qualification,Warsaw,Poland,False,Home Win,1830.0,1574.0,256.0,2019
2019-06-10,Latvia,Slovenia,0.0,5.0,UEFA Euro qualification,Riga,Latvia,False,Away Win,1375.0,1606.0,-231.0,2019
2019-06-10,Vanuatu,Fiji,0.0,0.0,Friendly,Port Vila,Vanuatu,False,Draw,1206.0,1253.0,-47.0,2019
2019-06-10,Malta,Romania,0.0,4.0,UEFA Euro qualification,Attard,Malta,False,Away Win,1179.0,1733.0,-554.0,2019
2019-06-11,Liechtenstein,Finland,0.0,2.0,UEFA Euro qualification,Vaduz,Liechtenstein,False,Away Win,1202.0,1570.0,-368.0,2019
2019-06-11,Belgium,Scotland,3.0,0.0,UEFA Euro qualification,Brussels,Belgium,False,Home Win,1929.0,1712.0,217.0,2019
2019-06-11,Andorra,France,0.0,4.0,UEFA Euro qualification,Andorra la Vella,Andorra,False,Away Win,1012.0,1994.0,-982.0,2019
2019-06-11,Germany,Estonia,8.0,0.0,UEFA Euro qualification,Mainz,Germany,False,Home Win,2091.0,1503.0,588.0,2019
2019-06-11,Iceland,Turkey,2.0,1.0,UEFA Euro qualification,Reykjavík,Iceland,False,Home Win,1787.0,1692.0,95.0,2019
2019-06-11,Azerbaijan,Slovakia,1.0,5.0,UEFA Euro qualification,Baku,Azerbaijan,False,Away Win,1425.0,1766.0,-341.0,2019
2019-06-11,Algeria,Burundi,1.0,1.0,Friendly,Doha,Qatar,True,Draw,1505.0,1311.0,194.0,2019
2019-06-11,Greece,Armenia,2.0,3.0,UEFA Euro qualification,Athens,Greece,False,Away Win,1664.0,1463.0,201.0,2019
2019-06-11,Russia,Cyprus,1.0,0.0,UEFA Euro qualification,Nizhny Novgorod,Russia,False,Home Win,1684.0,1421.0,263.0,2019
2019-06-11,Benin,Guinea,1.0,0.0,Friendly,Marrakesh,Morocco,True,Home Win,1386.0,1534.0,-148.0,2019
2019-06-11,Bangladesh,Laos,0.0,0.0,FIFA World Cup qualification,Dhaka,Bangladesh,False,Draw,809.0,770.0,39.0,2019
2019-06-11,Uzbekistan,Syria,2.0,0.0,Friendly,Tashkent,Uzbekistan,False,Home Win,1608.0,1611.0,-3.0,2019
2019-06-11,Kyrgyzstan,Palestine,2.0,2.0,Friendly,Bishkek,Kyrgyzstan,False,Draw,1246.0,1395.0,-149.0,2019
2019-06-11,Jordan,Indonesia,4.0,1.0,Friendly,Amman,Jordan,False,Home Win,1448.0,1208.0,240.0,2019
2019-06-11,Croatia,Tunisia,1.0,2.0,Friendly,Varaždin,Croatia,False,Away Win,1853.0,1653.0,200.0,2019
2019-06-11,China,Tajikistan,1.0,0.0,Friendly,Guangzhou,China,False,Home Win,1517.0,1199.0,318.0,2019
2019-06-11,Singapore,Myanmar,1.0,2.0,Friendly,Kallang,Singapore,False,Away Win,1043.0,1072.0,-29.0,2019
2019-06-12,Morocco,Gambia,0.0,1.0,Friendly,Marrakesh,Morocco,False,Away Win,1709.0,1303.0,406.0,2019
2019-06-13,Egypt,Tanzania,1.0,0.0,Friendly,Alexandria,Egypt,False,Home Win,1641.0,1312.0,329.0,2019
2019-06-14,Cameroon,Mali,1.0,1.0,Friendly,Al Wakrah,Qatar,True,Draw,1691.0,1527.0,164.0,2019
2019-06-14,Madagascar,Mauritania,1.0,3.0,Friendly,Marrakesh,Morocco,True,Away Win,1252.0,1330.0,-78.0,2019
2019-06-14,Brazil,Bolivia,3.0,0.0,Copa América,São Paulo,Brazil,False,Home Win,2130.0,1706.0,424.0,2019
2019-06-15,Argentina,Colombia,0.0,2.0,Copa América,Salvador,Brazil,True,Away Win,1983.0,1927.0,56.0,2019
2019-06-15,Canada,Martinique,4.0,0.0,Gold Cup,Los Angeles,United States,True,Home Win,1565.0,1451.0,114.0,2019
2019-06-15,Venezuela,Peru,0.0,0.0,Copa América,Porto Alegre,Brazil,True,Draw,1747.0,1906.0,-159.0,2019
2019-06-15,Indonesia,Vanuatu,6.0,0.0,Friendly,Jakarta,Indonesia,False,Home Win,1208.0,1210.0,-2.0,2019
2019-06-15,Tanzania,Zimbabwe,1.0,1.0,Friendly,Cairo,Egypt,True,Draw,1312.0,1436.0,-124.0,2019
2019-06-15,Mexico,Cuba,7.0,0.0,Gold Cup,Los Angeles,United States,True,Home Win,1858.0,1338.0,520.0,2019
2019-06-16,Paraguay,Qatar,2.0,2.0,Copa América,Rio de Janeiro,Brazil,True,Draw,1745.0,1488.0,257.0,2019
2019-06-16,Uruguay,Ecuador,4.0,0.0,Copa América,Belo Horizonte,Brazil,True,Home Win,1876.0,1747.0,129.0,2019
2019-06-16,Haiti,Bermuda,2.0,1.0,Gold Cup,San José,Jamaica,True,Home Win,1521.0,1212.0,309.0,2019
2019-06-16,Algeria,Mali,3.0,2.0,Friendly,Doha,Qatar,True,Home Win,1505.0,1527.0,-22.0,2019
2019-06-16,Egypt,Guinea,3.0,1.0,Friendly,Alexandria,Egypt,False,Home Win,1641.0,1534.0,107.0,2019
2019-06-16,Morocco,Zambia,2.0,3.0,Friendly,Marrakesh,Morocco,False,Away Win,1709.0,1441.0,268.0,2019
2019-06-16,Senegal,Nigeria,1.0,0.0,Friendly,Ismailia,Egypt,True,Home Win,1755.0,1720.0,35.0,2019
2019-06-17,Jamaica,Honduras,3.0,2.0,Gold Cup,Kingston,Jamaica,False,Home Win,1568.0,1626.0,-58.0,2019
2019-06-17,Tunisia,Burundi,2.0,1.0,Friendly,Radès,Tunisia,False,Home Win,1653.0,1311.0,342.0,2019
2019-06-17,Japan,Chile,0.0,4.0,Copa América,São Paulo,Brazil,True,Away Win,1693.0,1873.0,-180.0,2019
2019-06-18,Bolivia,Peru,1.0,3.0,Copa América,Rio de Janeiro,Brazil,True,Away Win,1706.0,1906.0,-200.0,2019
2019-06-18,Brazil,Venezuela,0.0,0.0,Copa América,Salvador,Brazil,False,Draw,2130.0,1747.0,383.0,2019
2019-06-18,Benin,Mauritania,3.0,1.0,Friendly,Marrakesh,Morocco,True,Home Win,1386.0,1330.0,56.0,2019
2019-06-19,Colombia,Qatar,1.0,0.0,Copa América,São Paulo,Brazil,True,Home Win,1927.0,1488.0,439.0,2019
2019-06-19,Argentina,Paraguay,1.0,1.0,Copa América,Belo Horizonte,Brazil,True,Draw,1983.0,1745.0,238.0,2019
2019-06-19,Cuba,Martinique,0.0,3.0,Gold Cup,Denver,United States,True,Away Win,1338.0,1451.0,-113.0,2019
2019-06-19,Mexico,Canada,3.0,1.0,Gold Cup,Denver,United States,True,Home Win,1858.0,1565.0,293.0,2019
2019-06-20,Uruguay,Japan,2.0,2.0,Copa América,Porto Alegre,Brazil,True,Draw,1876.0,1693.0,183.0,2019
2019-06-20,Nicaragua,Haiti,0.0,2.0,Gold Cup,Frisco,United States,True,Away Win,1279.0,1521.0,-242.0,2019
2019-06-21,Egypt,Zimbabwe,1.0,0.0,African Cup of Nations,Cairo,Egypt,False,Home Win,1641.0,1436.0,205.0,2019
2019-06-21,Ecuador,Chile,1.0,2.0,Copa América,Salvador,Brazil,True,Away Win,1747.0,1873.0,-126.0,2019
2019-06-21,Honduras,Curaçao,0.0,1.0,Gold Cup,Houston,United States,True,Away Win,1626.0,1267.0,359.0,2019
2019-06-22,Bolivia,Venezuela,1.0,3.0,Copa América,Belo Horizonte,Brazil,True,Away Win,1706.0,1747.0,-41.0,2019
2019-06-22,Nigeria,Burundi,1.0,0.0,African Cup of Nations,Alexandria,Egypt,True,Home Win,1720.0,1311.0,409.0,2019
2019-06-22,Guyana,Panama,2.0,4.0,Gold Cup,Cleveland,United States,True,Away Win,1250.0,1661.0,-411.0,2019
2019-06-22,Brazil,Peru,5.0,0.0,Copa América,São Paulo,Brazil,False,Home Win,2130.0,1906.0,224.0,2019
2019-06-22,Guinea,Madagascar,2.0,2.0,African Cup of Nations,Alexandria,Egypt,True,Draw,1534.0,1252.0,282.0,2019
2019-06-23,Senegal,Tanzania,2.0,0.0,African Cup of Nations,Cairo,Egypt,True,Home Win,1755.0,1312.0,443.0,2019
2019-06-23,Algeria,Kenya,2.0,0.0,African Cup of Nations,Cairo,Egypt,True,Home Win,1505.0,1372.0,133.0,2019
2019-06-23,Morocco,Namibia,1.0,0.0,African Cup of Nations,Cairo,Egypt,True,Home Win,1709.0,1381.0,328.0,2019
2019-06-23,Colombia,Paraguay,1.0,0.0,Copa América,Salvador,Brazil,True,Home Win,1927.0,1745.0,182.0,2019
2019-06-23,Qatar,Argentina,0.0,2.0,Copa América,Porto Alegre,Brazil,True,Away Win,1488.0,1983.0,-495.0,2019
2019-06-23,Canada,Cuba,7.0,0.0,Gold Cup,Charlotte,United States,True,Home Win,1565.0,1338.0,227.0,2019
2019-06-23,Martinique,Mexico,2.0,3.0,Gold Cup,Charlotte,United States,True,Away Win,1451.0,1858.0,-407.0,2019
2019-06-24,Tunisia,Angola,1.0,1.0,African Cup of Nations,Suez,Egypt,True,Draw,1653.0,1252.0,401.0,2019
2019-06-24,Bermuda,Nicaragua,2.0,0.0,Gold Cup,Harrison,United States,True,Home Win,1212.0,1279.0,-67.0,2019
2019-06-24,Mali,Mauritania,4.0,1.0,African Cup of Nations,Suez,Egypt,True,Home Win,1527.0,1330.0,197.0,2019
2019-06-24,Ecuador,Japan,1.0,1.0,Copa América,Belo Horizonte,Brazil,True,Draw,1747.0,1693.0,54.0,2019
2019-06-24,Chile,Uruguay,0.0,1.0,Copa América,Rio de Janeiro,Brazil,True,Away Win,1873.0,1876.0,-3.0,2019
2019-06-25,Cameroon,Guinea-Bissau,2.0,0.0,African Cup of Nations,Ismailia,Egypt,True,Home Win,1691.0,1309.0,382.0,2019
2019-06-25,Ghana,Benin,2.0,2.0,African Cup of Nations,Ismailia,Egypt,True,Draw,1617.0,1386.0,231.0,2019
2019-06-25,Jamaica,Curaçao,1.0,1.0,Gold Cup,Los Angeles,United States,True,Draw,1568.0,1267.0,301.0,2019
2019-06-26,Uganda,Zimbabwe,1.0,1.0,African Cup of Nations,Cairo,Egypt,True,Draw,1463.0,1436.0,27.0,2019
2019-06-26,Nigeria,Guinea,1.0,0.0,African Cup of Nations,Alexandria,Egypt,True,Home Win,1720.0,1534.0,186.0,2019
2019-06-27,Madagascar,Burundi,1.0,0.0,African Cup of Nations,Alexandria,Egypt,True,Home Win,1252.0,1311.0,-59.0,2019
2019-06-27,Senegal,Algeria,0.0,1.0,African Cup of Nations,Cairo,Egypt,True,Away Win,1755.0,1505.0,250.0,2019
2019-06-27,Kenya,Tanzania,3.0,2.0,African Cup of Nations,Cairo,Egypt,True,Home Win,1372.0,1312.0,60.0,2019
2019-06-27,Brazil,Paraguay,0.0,0.0,Copa América,Porto Alegre,Brazil,False,Draw,2130.0,1745.0,385.0,2019
2019-06-28,Venezuela,Argentina,0.0,2.0,Copa América,Rio de Janeiro,Brazil,True,Away Win,1747.0,1983.0,-236.0,2019
2019-06-28,Tunisia,Mali,1.0,1.0,African Cup of Nations,Suez,Egypt,True,Draw,1653.0,1527.0,126.0,2019
2019-06-28,Colombia,Chile,0.0,0.0,Copa América,São Paulo,Brazil,True,Draw,1927.0,1873.0,54.0,2019
2019-06-29,Mauritania,Angola,0.0,0.0,African Cup of Nations,Suez,Egypt,True,Draw,1330.0,1252.0,78.0,2019
2019-06-29,Cameroon,Ghana,0.0,0.0,African Cup of Nations,Ismailia,Egypt,True,Draw,1691.0,1617.0,74.0,2019
2019-06-29,Benin,Guinea-Bissau,0.0,0.0,African Cup of Nations,Ismailia,Egypt,True,Draw,1386.0,1309.0,77.0,2019
2019-06-29,Uruguay,Peru,0.0,0.0,Copa América,Salvador,Brazil,True,Draw,1876.0,1906.0,-30.0,2019
2019-06-29,Haiti,Canada,3.0,2.0,Gold Cup,Houston,United States,True,Home Win,1521.0,1565.0,-44.0,2019
2019-06-30,Egypt,Uganda,2.0,0.0,African Cup of Nations,Cairo,Egypt,False,Home Win,1641.0,1463.0,178.0,2019
2019-06-30,Burundi,Guinea,0.0,2.0,African Cup of Nations,Cairo,Egypt,True,Away Win,1311.0,1534.0,-223.0,2019
2019-06-30,Madagascar,Nigeria,2.0,0.0,African Cup of Nations,Alexandria,Egypt,True,Home Win,1252.0,1720.0,-468.0,2019
2019-06-30,Jamaica,Panama,1.0,0.0,Gold Cup,Philadelphia,United States,True,Home Win,1568.0,1661.0,-93.0,2019
2019-07-01,Kenya,Senegal,0.0,3.0,African Cup of Nations,Cairo,Egypt,True,Away Win,1372.0,1755.0,-383.0,2019
2019-07-01,Tanzania,Algeria,0.0,3.0,African Cup of Nations,Cairo,Egypt,True,Away Win,1312.0,1505.0,-193.0,2019
2019-07-02,Benin,Cameroon,0.0,0.0,African Cup of Nations,Ismailia,Egypt,True,Draw,1386.0,1691.0,-305.0,2019
2019-07-02,Angola,Mali,0.0,1.0,African Cup of Nations,Ismailia,Egypt,True,Away Win,1252.0,1527.0,-275.0,2019
2019-07-02,Mauritania,Tunisia,0.0,0.0,African Cup of Nations,Suez,Egypt,True,Draw,1330.0,1653.0,-323.0,2019
2019-07-02,Haiti,Mexico,0.0,1.0,Gold Cup,Glendale,United States,True,Away Win,1521.0,1858.0,-337.0,2019
2019-07-02,Guinea-Bissau,Ghana,0.0,2.0,African Cup of Nations,Suez,Egypt,True,Away Win,1309.0,1617.0,-308.0,2019
2019-07-02,Brazil,Argentina,2.0,0.0,Copa América,Belo Horizonte,Brazil,False,Home Win,2130.0,1983.0,147.0,2019
2019-07-03,Chile,Peru,0.0,3.0,Copa América,Porto Alegre,Brazil,True,Away Win,1873.0,1906.0,-33.0,2019
2019-07-05,Morocco,Benin,1.0,1.0,African Cup of Nations,Cairo,Egypt,True,Draw,1709.0,1386.0,323.0,2019
2019-07-05,Uganda,Senegal,0.0,1.0,African Cup of Nations,Cairo,Egypt,True,Away Win,1463.0,1755.0,-292.0,2019
2019-07-06,Nigeria,Cameroon,3.0,2.0,African Cup of Nations,Alexandria,Egypt,True,Home Win,1720.0,1691.0,29.0,2019
2019-07-06,Argentina,Chile,2.0,1.0,Copa América,São Paulo,Brazil,True,Home Win,1983.0,1873.0,110.0,2019
2019-07-07,Algeria,Guinea,3.0,0.0,African Cup of Nations,Cairo,Egypt,True,Home Win,1505.0,1534.0,-29.0,2019
2019-07-07,Brazil,Peru,3.0,1.0,Copa América,Rio de Janeiro,Brazil,False,Home Win,2130.0,1906.0,224.0,2019
2019-07-07,India,Tajikistan,2.0,4.0,Intercontinental Cup,Ahmedabad,India,False,Away Win,1213.0,1199.0,14.0,2019
2019-07-08,Ghana,Tunisia,1.0,1.0,African Cup of Nations,Ismailia,Egypt,True,Draw,1617.0,1653.0,-36.0,2019
2019-07-08,Tahiti,Fiji,1.0,2.0,Pacific Games,Apia,Samoa,True,Away Win,1250.0,1236.0,14.0,2019
2019-07-10,Tuvalu,Tahiti,0.0,7.0,Pacific Games,Apia,Samoa,True,Away Win,757.0,1250.0,-493.0,2019
2019-07-10,Tajikistan,Syria,2.0,0.0,Intercontinental Cup,Ahmedabad,India,True,Home Win,1199.0,1611.0,-412.0,2019
2019-07-10,Senegal,Benin,1.0,0.0,African Cup of Nations,Cairo,Egypt,True,Home Win,1755.0,1386.0,369.0,2019
2019-07-11,Madagascar,Tunisia,0.0,3.0,African Cup of Nations,Cairo,Egypt,True,Away Win,1252.0,1653.0,-401.0,2019
2019-07-14,Algeria,Nigeria,2.0,1.0,African Cup of Nations,Cairo,Egypt,True,Home Win,1505.0,1720.0,-215.0,2019
2019-07-14,Senegal,Tunisia,1.0,0.0,African Cup of Nations,Cairo,Egypt,True,Home Win,1755.0,1653.0,102.0,2019
2019-07-15,Tonga,Vanuatu,0.0,14.0,Pacific Games,Apia,Samoa,True,Away Win,546.0,1210.0,-664.0,2019
2019-07-15,Fiji,Tuvalu,10.0,1.0,Pacific Games,Apia,Samoa,True,Home Win,1236.0,757.0,479.0,2019
2019-07-16,India,Syria,1.0,1.0,Intercontinental Cup,Ahmedabad,India,False,Draw,1213.0,1611.0,-398.0,2019
2019-07-17,Tunisia,Nigeria,0.0,1.0,African Cup of Nations,Cairo,Egypt,True,Away Win,1653.0,1720.0,-67.0,2019
2019-07-18,Mauritius,Seychelles,1.0,1.0,Indian Ocean Island Games,Curepipe,Mauritius,False,Draw,1072.0,966.0,106.0,2019
2019-07-19,Senegal,Algeria,0.0,1.0,African Cup of Nations,Cairo,Egypt,True,Away Win,1755.0,1505.0,250.0,2019
2019-07-20,Seychelles,Madagascar,0.0,0.0,Indian Ocean Island Games,Centre de Flacq,Mauritius,True,Draw,966.0,1252.0,-286.0,2019
2019-07-20,Comoros,Maldives,3.0,0.0,Indian Ocean Island Games,Curepipe,Mauritius,True,Home Win,1090.0,945.0,145.0,2019
2019-07-22,Mauritius,Madagascar,1.0,1.0,Indian Ocean Island Games,Curepipe,Mauritius,False,Draw,1072.0,1252.0,-180.0,2019
2019-07-30,Iraq,Lebanon,1.0,0.0,WAFF Championship,Karbala,Iraq,False,Home Win,1583.0,1458.0,125.0,2019
2019-07-30,Yemen,Palestine,0.0,1.0,WAFF Championship,Karbala,Iraq,True,Away Win,1197.0,1395.0,-198.0,2019
2019-08-02,Iraq,Palestine,2.0,1.0,WAFF Championship,Karbala,Iraq,False,Home Win,1583.0,1395.0,188.0,2019
2019-08-02,Lebanon,Syria,2.0,1.0,WAFF Championship,Karbala,Iraq,True,Home Win,1458.0,1611.0,-153.0,2019
2019-08-04,Jordan,Bahrain,0.0,1.0,WAFF Championship,Erbil,Iraq,True,Away Win,1448.0,1418.0,30.0,2019
2019-08-05,Syria,Yemen,1.0,1.0,WAFF Championship,Karbala,Iraq,True,Draw,1611.0,1197.0,414.0,2019
2019-08-05,Lebanon,Palestine,0.0,0.0,WAFF Championship,Karbala,Iraq,True,Draw,1458.0,1395.0,63.0,2019
2019-08-07,Kuwait,Jordan,1.0,1.0,WAFF Championship,Erbil,Iraq,True,Draw,1439.0,1448.0,-9.0,2019
2019-08-08,Yemen,Lebanon,2.0,1.0,WAFF Championship,Karbala,Iraq,True,Home Win,1197.0,1458.0,-261.0,2019
2019-08-08,Iraq,Syria,0.0,0.0,WAFF Championship,Karbala,Iraq,False,Draw,1583.0,1611.0,-28.0,2019
2019-08-10,Kuwait,Bahrain,0.0,1.0,WAFF Championship,Erbil,Iraq,True,Away Win,1439.0,1418.0,21.0,2019
2019-08-11,Palestine,Syria,4.0,3.0,WAFF Championship,Karbala,Iraq,True,Home Win,1395.0,1611.0,-216.0,2019
2019-08-11,Iraq,Yemen,2.0,1.0,WAFF Championship,Karbala,Iraq,False,Home Win,1583.0,1197.0,386.0,2019
2019-08-14,Iraq,Bahrain,0.0,1.0,WAFF Championship,Karbala,Iraq,False,Away Win,1583.0,1418.0,165.0,2019
2019-08-30,China,Myanmar,4.0,1.0,Friendly,Xianghe,Egypt,True,Home Win,1517.0,1072.0,445.0,2019
2019-08-30,Malaysia,Jordan,0.0,1.0,Friendly,Kuala Lumpur,Malaysia,False,Away Win,1055.0,1448.0,-393.0,2019
2019-09-04,Burundi,Tanzania,1.0,1.0,FIFA World Cup qualification,Bujumbura,Burundi,False,Draw,1311.0,1312.0,-1.0,2019
2019-09-04,Djibouti,Eswatini,2.0,1.0,FIFA World Cup qualification,Djibouti,Djibouti,False,Home Win,752.0,1255.0,-503.0,2019
2019-09-04,Ethiopia,Lesotho,0.0,0.0,FIFA World Cup qualification,Bahir Dar,Ethiopia,False,Draw,1279.0,1316.0,-37.0,2019
2019-09-04,Mauritius,Mozambique,0.0,1.0,FIFA World Cup qualification,Belle Vue Maurel,Mauritius,False,Away Win,1072.0,1311.0,-239.0,2019
2019-09-05,Peru,Ecuador,0.0,1.0,Friendly,Harrison,United States,True,Away Win,1906.0,1747.0,159.0,2019
2019-09-05,Montenegro,Hungary,2.0,1.0,Friendly,Podgorica,Montenegro,False,Home Win,1561.0,1583.0,-22.0,2019
2019-09-05,Ireland,Switzerland,1.0,1.0,UEFA Euro qualification,Dublin,Republic of Ireland,False,Draw,1728.0,1878.0,-150.0,2019
2019-09-05,Philippines,Syria,2.0,5.0,FIFA World Cup qualification,Bacolod,Philippines,False,Away Win,1202.0,1611.0,-409.0,2019
2019-09-05,Norway,Malta,2.0,0.0,UEFA Euro qualification,Oslo,Norway,False,Home Win,1684.0,1190.0,494.0,2019
2019-09-05,Gibraltar,Denmark,0.0,6.0,UEFA Euro qualification,Gibraltar,Gibraltar,False,Away Win,1094.0,1889.0,-795.0,2019
2019-09-05,Dominica,Suriname,1.0,2.0,CONCACAF Nations League,Roseau,Dominica,False,Away Win,968.0,1257.0,-289.0,2019
2019-09-05,Finland,Greece,1.0,0.0,UEFA Euro qualification,Tampere,Finland,False,Home Win,1570.0,1664.0,-94.0,2019
2019-09-05,Japan,Paraguay,2.0,0.0,Kirin Challenge Cup,Kashima,Japan,False,Home Win,1693.0,1745.0,-52.0,2019
2019-09-05,Bermuda,Panama,1.0,4.0,CONCACAF Nations League,Hamilton,Bermuda,False,Away Win,1212.0,1661.0,-449.0,2019
2019-09-05,Argentina,Chile,0.0,0.0,Friendly,Los Angeles,United States,True,Draw,1983.0,1873.0,110.0,2019
2019-09-05,Romania,Spain,1.0,2.0,UEFA Euro qualification,Bucharest,Romania,False,Away Win,1750.0,2027.0,-277.0,2019
2019-09-05,Armenia,Italy,1.0,3.0,UEFA Euro qualification,Yerevan,Armenia,False,Away Win,1463.0,1882.0,-419.0,2019
2019-09-05,Tajikistan,Kyrgyzstan,1.0,0.0,FIFA World Cup qualification,Dushanbe,Tajikistan,False,Home Win,1252.0,1246.0,6.0,2019
2019-09-05,Taiwan,Jordan,1.0,2.0,FIFA World Cup qualification,Taipei,Taiwan,False,Away Win,986.0,1448.0,-462.0,2019
2019-09-05,Palestine,Uzbekistan,2.0,0.0,FIFA World Cup qualification,Al-Ram,Palestine,False,Home Win,1395.0,1608.0,-213.0,2019
2019-09-05,Bahrain,Iraq,1.0,1.0,FIFA World Cup qualification,Riffa,Bahrain,False,Draw,1418.0,1583.0,-165.0,2019
2019-09-05,Singapore,Yemen,2.0,2.0,FIFA World Cup qualification,Kallang,Singapore,False,Draw,1043.0,1197.0,-154.0,2019
2019-09-05,India,Oman,1.0,2.0,FIFA World Cup qualification,Guwahati,India,False,Away Win,1213.0,1540.0,-327.0,2019
2019-09-05,Guatemala,Anguilla,10.0,0.0,CONCACAF Nations League,Guatemala City,Guatemala,False,Home Win,1510.0,566.0,944.0,2019
2019-09-05,Mongolia,Myanmar,1.0,0.0,FIFA World Cup qualification,Ulaanbaatar,Mongolia,False,Home Win,660.0,1072.0,-412.0,2019
2019-09-05,Qatar,Afghanistan,6.0,0.0,FIFA World Cup qualification,Doha,Qatar,False,Home Win,1488.0,1152.0,336.0,2019
2019-09-05,Thailand,Vietnam,0.0,0.0,FIFA World Cup qualification,Pathum Thani,Thailand,False,Draw,1412.0,1288.0,124.0,2019
2019-09-05,Indonesia,Malaysia,2.0,3.0,FIFA World Cup qualification,Jakarta,Indonesia,False,Away Win,1208.0,1055.0,153.0,2019
2019-09-05,Chad,Sudan,1.0,3.0,FIFA World Cup qualification,N'Djamena,Chad,False,Away Win,1250.0,1299.0,-49.0,2019
2019-09-05,Kuwait,Nepal,7.0,0.0,FIFA World Cup qualification,Kuwait City,Kuwait,False,Home Win,1439.0,899.0,540.0,2019
2019-09-05,Seychelles,Rwanda,0.0,3.0,FIFA World Cup qualification,Victoria,Seychelles,False,Away Win,966.0,1315.0,-349.0,2019
2019-09-06,Slovakia,Croatia,0.0,4.0,UEFA Euro qualification,Trnava,Slovakia,False,Away Win,1766.0,1853.0,-87.0,2019
2019-09-06,Brazil,Colombia,2.0,2.0,Friendly,Miami Gardens,United States,True,Draw,2130.0,1927.0,203.0,2019
2019-09-06,Tunisia,Mauritania,1.0,0.0,Friendly,Radès,Tunisia,False,Home Win,1653.0,1330.0,323.0,2019
2019-09-06,Estonia,Belarus,1.0,2.0,UEFA Euro qualification,Tallinn,Estonia,False,Away Win,1503.0,1530.0,-27.0,2019
2019-09-06,Cyprus,Kazakhstan,1.0,1.0,UEFA Euro qualification,Nicosia,Cyprus,False,Draw,1421.0,1368.0,53.0,2019
2019-09-06,Germany,Netherlands,2.0,4.0,UEFA Euro qualification,Hamburg,Germany,False,Away Win,2091.0,1872.0,219.0,2019
2019-09-06,Scotland,Russia,1.0,2.0,UEFA Euro qualification,Glasgow,Scotland,False,Away Win,1712.0,1684.0,28.0,2019
2019-09-06,Aruba,Guyana,0.0,1.0,CONCACAF Nations League,Willemstad,Curaçao,True,Away Win,929.0,1250.0,-321.0,2019
2019-09-06,Comoros,Togo,1.0,1.0,FIFA World Cup qualification,Moroni,Comoros,False,Draw,1090.0,1395.0,-305.0,2019
2019-09-06,Gambia,Angola,0.0,1.0,FIFA World Cup qualification,Bakau,Gambia,False,Away Win,1303.0,1252.0,51.0,2019
2019-09-06,Slovenia,Poland,2.0,0.0,UEFA Euro qualification,Ljubljana,Slovenia,False,Home Win,1571.0,1803.0,-232.0,2019
2019-09-06,Austria,Latvia,6.0,0.0,UEFA Euro qualification,Salzburg,Austria,False,Home Win,1735.0,1250.0,485.0,2019
2019-09-07,Lithuania,Ukraine,0.0,3.0,UEFA Euro qualification,Vilnius,Lithuania,False,Away Win,1321.0,1824.0,-503.0,2019
2019-09-07,Kosovo,Czechia,2.0,1.0,UEFA Euro qualification,Pristina,Kosovo,False,Home Win,1543.0,1737.0,-194.0,2019
2019-09-07,England,Bulgaria,4.0,0.0,UEFA Euro qualification,London,England,False,Home Win,1940.0,1579.0,361.0,2019
2019-09-07,Serbia,Portugal,2.0,4.0,UEFA Euro qualification,Belgrade,Serbia,False,Away Win,1796.0,1974.0,-178.0,2019
2019-09-07,Botswana,Malawi,0.0,0.0,FIFA World Cup qualification,Francistown,Botswana,False,Draw,1313.0,1250.0,63.0,2019
2019-09-07,France,Albania,4.0,1.0,UEFA Euro qualification,Paris,France,False,Home Win,1994.0,1499.0,495.0,2019
2019-09-07,Canada,Cuba,6.0,0.0,CONCACAF Nations League,Toronto,Canada,False,Home Win,1565.0,1338.0,227.0,2019
2019-09-07,Curaçao,Haiti,1.0,0.0,CONCACAF Nations League,Willemstad,Curaçao,False,Home Win,1267.0,1521.0,-254.0,2019
2019-09-07,Turkey,Andorra,1.0,0.0,UEFA Euro qualification,Istanbul,Turkey,False,Home Win,1692.0,1012.0,680.0,2019
2019-09-07,Libya,Niger,2.0,0.0,Friendly,Berrechid,Egypt,True,Home Win,1473.0,1287.0,186.0,2019
2019-09-08,Finland,Italy,1.0,2.0,UEFA Euro qualification,Tampere,Finland,False,Away Win,1570.0,1882.0,-312.0,2019
2019-09-08,Kenya,Uganda,1.0,1.0,Friendly,Nairobi,Kenya,False,Draw,1372.0,1463.0,-91.0,2019
2019-09-08,Switzerland,Gibraltar,4.0,0.0,UEFA Euro qualification,Sion,Switzerland,False,Home Win,1878.0,1094.0,784.0,2019
2019-09-08,Georgia,Denmark,0.0,0.0,UEFA Euro qualification,Tbilisi,Georgia,False,Draw,1526.0,1889.0,-363.0,2019
2019-09-08,Romania,Malta,1.0,0.0,UEFA Euro qualification,Ploiești,Romania,False,Home Win,1750.0,1190.0,560.0,2019
2019-09-08,Sweden,Norway,1.0,1.0,UEFA Euro qualification,Stockholm,Sweden,False,Draw,1826.0,1684.0,142.0,2019
2019-09-08,Panama,Bermuda,0.0,2.0,CONCACAF Nations League,Panama City,Panama,False,Away Win,1661.0,1212.0,449.0,2019
2019-09-08,Belize,Grenada,1.0,2.0,CONCACAF Nations League,Belmopan,Belize,False,Away Win,1199.0,1112.0,87.0,2019
2019-09-08,Suriname,Nicaragua,6.0,0.0,CONCACAF Nations League,Paramaribo,Suriname,False,Home Win,1257.0,1279.0,-22.0,2019
2019-09-08,Lesotho,Ethiopia,1.0,1.0,FIFA World Cup qualification,Maseru,Lesotho,False,Draw,1316.0,1279.0,37.0,2019
2019-09-08,Tanzania,Burundi,1.0,1.0,FIFA World Cup qualification,Dar es Salaam,Tanzania,False,Draw,1312.0,1311.0,1.0,2019
2019-09-08,Greece,Liechtenstein,1.0,1.0,UEFA Euro qualification,Athens,Greece,False,Draw,1664.0,1202.0,462.0,2019
2019-09-09,Azerbaijan,Croatia,1.0,1.0,UEFA Euro qualification,Baku,Azerbaijan,False,Draw,1425.0,1853.0,-428.0,2019
2019-09-09,Algeria,Benin,1.0,0.0,Friendly,Algiers,Algeria,False,Home Win,1702.0,1386.0,316.0,2019
2019-09-09,Hungary,Slovakia,1.0,2.0,UEFA Euro qualification,Budapest,Hungary,False,Away Win,1583.0,1766.0,-183.0,2019
2019-09-09,Estonia,Netherlands,0.0,4.0,UEFA Euro qualification,Tallinn,Estonia,False,Away Win,1503.0,1872.0,-369.0,2019
2019-09-09,Iraq,Uzbekistan,0.0,0.0,Friendly,Amman,Jordan,True,Draw,1583.0,1608.0,-25.0,2019
2019-09-09,Guyana,Jamaica,0.0,4.0,CONCACAF Nations League,Georgetown,Guyana,False,Away Win,1250.0,1568.0,-318.0,2019
2019-09-09,Scotland,Belgium,0.0,4.0,UEFA Euro qualification,Glasgow,Scotland,False,Away Win,1712.0,1929.0,-217.0,2019
2019-09-09,Russia,Kazakhstan,1.0,0.0,UEFA Euro qualification,Kaliningrad,Russia,False,Home Win,1684.0,1368.0,316.0,2019
2019-09-09,Slovenia,Israel,3.0,2.0,UEFA Euro qualification,Ljubljana,Slovenia,False,Home Win,1571.0,1597.0,-26.0,2019
2019-09-09,Poland,Austria,0.0,0.0,UEFA Euro qualification,Warsaw,Poland,False,Draw,1803.0,1735.0,68.0,2019
2019-09-10,Brazil,Peru,0.0,1.0,Friendly,Los Angeles,United States,True,Away Win,2130.0,1906.0,224.0,2019
2019-09-10,Ecuador,Bolivia,3.0,0.0,Friendly,Cuenca,Ecuador,False,Home Win,1747.0,1706.0,41.0,2019
2019-09-10,Honduras,Chile,2.0,1.0,Friendly,San Pedro Sula,Honduras,False,Home Win,1626.0,1873.0,-247.0,2019
2019-09-10,Jordan,Paraguay,2.0,4.0,Friendly,Amman,Jordan,False,Away Win,1448.0,1745.0,-297.0,2019
2019-09-10,Morocco,Niger,1.0,0.0,Friendly,Marrakesh,Morocco,False,Home Win,1709.0,1287.0,422.0,2019
2019-09-10,Oman,Lebanon,1.0,0.0,Friendly,Muscat,Oman,False,Home Win,1540.0,1458.0,82.0,2019
2019-09-10,Ireland,Bulgaria,3.0,1.0,Friendly,Dublin,Republic of Ireland,False,Home Win,1728.0,1579.0,149.0,2019
2019-09-10,Ukraine,Nigeria,2.0,2.0,Friendly,Dnipro,Ukraine,False,Draw,1824.0,1720.0,104.0,2019
2019-09-10,Colombia,Venezuela,0.0,0.0,Friendly,Tampa,United States,True,Draw,1927.0,1747.0,180.0,2019
2019-09-10,Luxembourg,Serbia,1.0,3.0,UEFA Euro qualification,Luxembourg,Luxembourg,False,Away Win,1356.0,1796.0,-440.0,2019
2019-09-10,Lithuania,Portugal,1.0,5.0,UEFA Euro qualification,Vilnius,Lithuania,False,Away Win,1321.0,1974.0,-653.0,2019
2019-09-10,France,Andorra,3.0,0.0,UEFA Euro qualification,Paris,France,False,Home Win,1994.0,1012.0,982.0,2019
2019-09-10,Cuba,Canada,0.0,1.0,CONCACAF Nations League,George Town,Cayman Islands,True,Away Win,1338.0,1565.0,-227.0,2019
2019-09-10,England,Kosovo,5.0,3.0,UEFA Euro qualification,London,England,False,Home Win,1940.0,1543.0,397.0,2019
2019-09-10,Argentina,Mexico,4.0,0.0,Friendly,San Antonio,United States,True,Home Win,1983.0,1858.0,125.0,2019
2019-09-10,Montenegro,Czechia,0.0,3.0,UEFA Euro qualification,Podgorica,Montenegro,False,Away Win,1561.0,1737.0,-176.0,2019
2019-09-10,Haiti,Curaçao,1.0,1.0,CONCACAF Nations League,Port-au-Prince,Haiti,False,Draw,1521.0,1267.0,254.0,2019
2019-09-10,Eswatini,Djibouti,0.0,0.0,FIFA World Cup qualification,Manzini,Eswatini,False,Draw,1255.0,752.0,503.0,2019
2019-09-10,Maldives,China,0.0,5.0,FIFA World Cup qualification,Malé,Maldives,False,Away Win,945.0,1517.0,-572.0,2019
2019-09-10,Cambodia,Bahrain,0.0,1.0,FIFA World Cup qualification,Phnom Penh,Cambodia,False,Away Win,821.0,1418.0,-597.0,2019
2019-09-10,Singapore,Palestine,2.0,1.0,FIFA World Cup qualification,Singapore,Singapore,False,Home Win,1043.0,1395.0,-352.0,2019
2019-09-10,Afghanistan,Bangladesh,1.0,0.0,FIFA World Cup qualification,Dushanbe,Tajikistan,True,Home Win,1152.0,809.0,343.0,2019
2019-09-10,Qatar,India,0.0,0.0,FIFA World Cup qualification,Doha,Qatar,False,Draw,1488.0,1213.0,275.0,2019
2019-09-10,Mongolia,Tajikistan,0.0,1.0,FIFA World Cup qualification,Ulaanbaatar,Mongolia,False,Away Win,660.0,1252.0,-592.0,2019
2019-09-10,Indonesia,Thailand,0.0,3.0,FIFA World Cup qualification,Jakarta,Indonesia,False,Away Win,1208.0,1412.0,-204.0,2019
2019-09-10,Kuwait,Australia,0.0,3.0,FIFA World Cup qualification,Kuwait City,Kuwait,False,Away Win,1439.0,1722.0,-283.0,2019
2019-09-10,Taiwan,Nepal,0.0,2.0,FIFA World Cup qualification,Taipei,Taiwan,False,Away Win,986.0,899.0,87.0,2019
2019-09-10,Malawi,Botswana,1.0,0.0,FIFA World Cup qualification,Blantyre,Malawi,False,Home Win,1250.0,1313.0,-63.0,2019
2019-09-10,Rwanda,Seychelles,7.0,0.0,FIFA World Cup qualification,Kigali,Rwanda,False,Home Win,1315.0,966.0,349.0,2019
2019-09-10,Sudan,Chad,0.0,0.0,FIFA World Cup qualification,Omdurman,Sudan,False,Draw,1299.0,1250.0,49.0,2019
2019-09-10,Albania,Iceland,4.0,2.0,UEFA Euro qualification,Elbasan,Albania,False,Home Win,1499.0,1787.0,-288.0,2019
2019-09-10,Togo,Comoros,2.0,0.0,FIFA World Cup qualification,Lomé,Togo,False,Home Win,1395.0,1090.0,305.0,2019
2019-09-10,Angola,Gambia,2.0,1.0,FIFA World Cup qualification,Luanda,Angola,False,Home Win,1252.0,1303.0,-51.0,2019
2019-09-10,Mozambique,Mauritius,2.0,0.0,FIFA World Cup qualification,Maputo,Mozambique,False,Home Win,1311.0,1072.0,239.0,2019
2019-09-10,Myanmar,Japan,0.0,2.0,FIFA World Cup qualification,Yangon,Myanmar,False,Away Win,1072.0,1693.0,-621.0,2019
2019-09-29,Bangladesh,Bhutan,4.0,1.0,Friendly,Dhaka,Bangladesh,False,Home Win,809.0,588.0,221.0,2019
2019-09-30,Botswana,Liberia,0.0,0.0,Friendly,Gaborone,Botswana,False,Draw,1313.0,1329.0,-16.0,2019
2019-10-03,Bangladesh,Bhutan,2.0,0.0,Friendly,Dhaka,Bangladesh,False,Home Win,809.0,588.0,221.0,2019
2019-10-05,Jordan,Singapore,0.0,0.0,Friendly,Amman,Jordan,False,Draw,1448.0,1043.0,405.0,2019
2019-10-09,Djibouti,Gambia,1.0,1.0,African Cup of Nations qualification,Djibouti,Djibouti,False,Draw,752.0,1303.0,-551.0,2019
2019-10-09,Liberia,Chad,1.0,0.0,African Cup of Nations qualification,Monrovia,Liberia,False,Home Win,1329.0,1250.0,79.0,2019
2019-10-09,Bahrain,Azerbaijan,2.0,3.0,Friendly,Riffa,Bahrain,False,Away Win,1418.0,1425.0,-7.0,2019
2019-10-09,Germany,Argentina,2.0,2.0,Friendly,Dortmund,Germany,False,Draw,2091.0,1983.0,108.0,2019
2019-10-10,Belarus,Estonia,0.0,0.0,UEFA Euro qualification,Minsk,Belarus,False,Draw,1530.0,1503.0,27.0,2019
2019-10-10,Croatia,Hungary,3.0,0.0,UEFA Euro qualification,Split,Croatia,False,Home Win,1853.0,1583.0,270.0,2019
2019-10-10,Austria,Israel,3.0,1.0,UEFA Euro qualification,Vienna,Austria,False,Home Win,1735.0,1597.0,138.0,2019
2019-10-10,Latvia,Poland,0.0,3.0,UEFA Euro qualification,Riga,Latvia,False,Away Win,1250.0,1803.0,-553.0,2019
2019-10-10,Kosovo,Gibraltar,1.0,0.0,Friendly,Pristina,Kosovo,False,Home Win,1543.0,1094.0,449.0,2019
2019-10-10,Brazil,Senegal,1.0,1.0,Friendly,Kallang,Singapore,True,Draw,2130.0,1749.0,381.0,2019
2019-10-10,Serbia,Paraguay,1.0,0.0,Friendly,Belgrade,Serbia,False,Home Win,1796.0,1745.0,51.0,2019
2019-10-10,Niger,Zambia,1.0,1.0,Friendly,Niamey,Niger,False,Draw,1287.0,1441.0,-154.0,2019
2019-10-10,Kazakhstan,Cyprus,1.0,2.0,UEFA Euro qualification,Astana,Kazakhstan,False,Away Win,1368.0,1421.0,-53.0,2019
2019-10-10,Thailand,Congo,1.0,1.0,Friendly,Thanyaburi,Thailand,False,Draw,1412.0,1403.0,9.0,2019
2019-10-10,Oman,Afghanistan,3.0,0.0,FIFA World Cup qualification,Seeb,Oman,False,Home Win,1540.0,1152.0,388.0,2019
2019-10-10,Russia,Scotland,4.0,0.0,UEFA Euro qualification,Moscow,Russia,False,Home Win,1684.0,1712.0,-28.0,2019
2019-10-10,Bangladesh,Qatar,0.0,2.0,FIFA World Cup qualification,Dhaka,Bangladesh,False,Away Win,809.0,1488.0,-679.0,2019
2019-10-10,Jordan,Kuwait,0.0,0.0,FIFA World Cup qualification,Amman,Jordan,False,Draw,1448.0,1439.0,9.0,2019
2019-10-10,Australia,Nepal,5.0,0.0,FIFA World Cup qualification,Canberra,Australia,False,Home Win,1722.0,899.0,823.0,2019
2019-10-10,Iran,Cambodia,14.0,0.0,FIFA World Cup qualification,Tehran,Iran,False,Home Win,1796.0,821.0,975.0,2019
2019-10-10,Uzbekistan,Yemen,5.0,0.0,FIFA World Cup qualification,Tashkent,Uzbekistan,False,Home Win,1608.0,1197.0,411.0,2019
2019-10-10,Venezuela,Bolivia,4.0,1.0,Friendly,Caracas,Venezuela,False,Home Win,1747.0,1706.0,41.0,2019
2019-10-10,Japan,Mongolia,6.0,0.0,FIFA World Cup qualification,Saitama,Japan,False,Home Win,1693.0,660.0,1033.0,2019
2019-10-10,Syria,Maldives,2.0,1.0,FIFA World Cup qualification,Dubai,United Arab Emirates,True,Home Win,1611.0,945.0,666.0,2019
2019-10-10,Vietnam,Malaysia,1.0,0.0,FIFA World Cup qualification,Hanoi,Vietnam,False,Home Win,1288.0,1055.0,233.0,2019
2019-10-10,Lebanon,Turkmenistan,2.0,1.0,FIFA World Cup qualification,Beirut,Lebanon,False,Home Win,1458.0,1252.0,206.0,2019
2019-10-10,Kyrgyzstan,Myanmar,7.0,0.0,FIFA World Cup qualification,Bishkek,Kyrgyzstan,False,Home Win,1246.0,1072.0,174.0,2019
2019-10-11,Turkey,Albania,1.0,0.0,UEFA Euro qualification,Istanbul,Turkey,False,Home Win,1692.0,1499.0,193.0,2019
2019-10-11,Iceland,France,0.0,1.0,UEFA Euro qualification,Reykjavík,Iceland,False,Away Win,1787.0,1994.0,-207.0,2019
2019-10-11,Czechia,England,2.0,1.0,UEFA Euro qualification,Prague,Czech Republic,False,Home Win,1737.0,1940.0,-203.0,2019
2019-10-11,Portugal,Luxembourg,3.0,0.0,UEFA Euro qualification,Lisbon,Portugal,False,Home Win,1974.0,1356.0,618.0,2019
2019-10-11,Ukraine,Lithuania,2.0,0.0,UEFA Euro qualification,Kharkiv,Ukraine,False,Home Win,1824.0,1321.0,503.0,2019
2019-10-11,Montenegro,Bulgaria,0.0,0.0,UEFA Euro qualification,Podgorica,Montenegro,False,Draw,1561.0,1579.0,-18.0,2019
2019-10-11,Nicaragua,Dominica,3.0,1.0,CONCACAF Nations League,Managua,Nicaragua,False,Home Win,1279.0,968.0,311.0,2019
2019-10-11,Uruguay,Peru,1.0,0.0,Friendly,Montevideo,Uruguay,False,Home Win,1876.0,1906.0,-30.0,2019
2019-10-11,Bermuda,Mexico,1.0,5.0,CONCACAF Nations League,Hamilton,Bermuda,False,Away Win,1212.0,1858.0,-646.0,2019
2019-10-11,Morocco,Libya,1.0,1.0,Friendly,Rabat,Morocco,False,Draw,1709.0,1473.0,236.0,2019
2019-10-12,Norway,Spain,1.0,1.0,UEFA Euro qualification,Oslo,Norway,False,Draw,1684.0,2027.0,-343.0,2019
2019-10-12,Georgia,Ireland,0.0,0.0,UEFA Euro qualification,Tbilisi,Georgia,False,Draw,1526.0,1728.0,-202.0,2019
2019-10-12,Denmark,Switzerland,1.0,0.0,UEFA Euro qualification,Copenhagen,Denmark,False,Home Win,1889.0,1878.0,11.0,2019
2019-10-12,Malta,Sweden,0.0,4.0,UEFA Euro qualification,Attard,Malta,False,Away Win,1190.0,1826.0,-636.0,2019
2019-10-12,Liechtenstein,Armenia,1.0,1.0,UEFA Euro qualification,Vaduz,Liechtenstein,False,Draw,1202.0,1463.0,-261.0,2019
2019-10-12,Anguilla,Guatemala,0.0,5.0,CONCACAF Nations League,The Valley,Anguilla,False,Away Win,566.0,1510.0,-944.0,2019
2019-10-12,Guinea,Comoros,0.0,1.0,Friendly,Versailles,France,True,Away Win,1534.0,1090.0,444.0,2019
2019-10-12,Tunisia,Cameroon,0.0,0.0,Friendly,Radès,Tunisia,False,Draw,1653.0,1691.0,-38.0,2019
2019-10-12,Jamaica,Aruba,2.0,0.0,CONCACAF Nations League,Kingston,Jamaica,False,Home Win,1568.0,929.0,639.0,2019
2019-10-12,Colombia,Chile,0.0,0.0,Friendly,Alicante,Spain,True,Draw,1927.0,1873.0,54.0,2019
2019-10-12,Italy,Greece,2.0,0.0,UEFA Euro qualification,Rome,Italy,False,Home Win,1882.0,1664.0,218.0,2019
2019-10-13,Chad,Liberia,1.0,0.0,African Cup of Nations qualification,N'Djamena,Chad,False,Home Win,1250.0,1329.0,-79.0,2019
2019-10-13,Belarus,Netherlands,1.0,2.0,UEFA Euro qualification,Minsk,Belarus,False,Away Win,1530.0,1872.0,-342.0,2019
2019-10-13,Estonia,Germany,0.0,3.0,UEFA Euro qualification,Tallinn,Estonia,False,Away Win,1503.0,2091.0,-588.0,2019
2019-10-13,Hungary,Azerbaijan,1.0,0.0,UEFA Euro qualification,Budapest,Hungary,False,Home Win,1583.0,1425.0,158.0,2019
2019-10-13,Slovenia,Austria,0.0,1.0,UEFA Euro qualification,Ljubljana,Slovenia,False,Away Win,1571.0,1735.0,-164.0,2019
2019-10-13,Cyprus,Russia,0.0,5.0,UEFA Euro qualification,Nicosia,Cyprus,False,Away Win,1421.0,1684.0,-263.0,2019
2019-10-13,Kazakhstan,Belgium,0.0,2.0,UEFA Euro qualification,Astana,Kazakhstan,False,Away Win,1368.0,1929.0,-561.0,2019
2019-10-13,Benin,Zambia,2.0,2.0,Friendly,Porto-Novo,Benin,False,Draw,1386.0,1441.0,-55.0,2019
2019-10-13,Brazil,Nigeria,1.0,1.0,Friendly,Kallang,Singapore,True,Draw,2130.0,1720.0,410.0,2019
2019-10-13,Ecuador,Argentina,1.0,6.0,Friendly,Elche,Spain,True,Away Win,1747.0,1983.0,-236.0,2019
2019-10-13,Ethiopia,Uganda,0.0,1.0,Friendly,Bahir Dar,Ethiopia,False,Away Win,1279.0,1463.0,-184.0,2019
2019-10-13,Kenya,Mozambique,0.0,1.0,Friendly,Kasarani,Kenya,False,Away Win,1372.0,1311.0,61.0,2019
2019-10-13,Lesotho,Malawi,1.0,1.0,Friendly,Maseru,Lesotho,False,Draw,1316.0,1250.0,66.0,2019
2019-10-13,Slovakia,Paraguay,1.0,1.0,Friendly,Bratislava,Slovakia,False,Draw,1766.0,1745.0,21.0,2019
2019-10-13,Honduras,Martinique,1.0,0.0,CONCACAF Nations League,San Pedro Sula,Honduras,False,Home Win,1626.0,1451.0,175.0,2019
2019-10-13,Gambia,Djibouti,1.0,1.0,African Cup of Nations qualification,Bakau,Gambia,False,Draw,1303.0,752.0,551.0,2019
2019-10-14,Lithuania,Serbia,1.0,2.0,UEFA Euro qualification,Vilnius,Lithuania,False,Away Win,1321.0,1796.0,-475.0,2019
2019-10-14,Kosovo,Montenegro,2.0,0.0,UEFA Euro qualification,Pristina,Kosovo,False,Home Win,1543.0,1561.0,-18.0,2019
2019-10-14,Bulgaria,England,0.0,6.0,UEFA Euro qualification,Sofia,Bulgaria,False,Away Win,1579.0,1940.0,-361.0,2019
2019-10-14,Ukraine,Portugal,2.0,1.0,UEFA Euro qualification,Kyiv,Ukraine,False,Home Win,1824.0,1974.0,-150.0,2019
2019-10-14,Iceland,Andorra,2.0,0.0,UEFA Euro qualification,Reykjavík,Iceland,False,Home Win,1787.0,1012.0,775.0,2019
2019-10-14,France,Turkey,1.0,1.0,UEFA Euro qualification,Paris,France,False,Draw,1994.0,1692.0,302.0,2019
2019-10-14,Egypt,Botswana,1.0,0.0,Friendly,Cairo,Egypt,False,Home Win,1641.0,1313.0,328.0,2019
2019-10-14,Rwanda,Tanzania,0.0,0.0,Friendly,Kigali,Rwanda,False,Draw,1315.0,1312.0,3.0,2019
2019-10-14,Dominica,Nicaragua,0.0,4.0,CONCACAF Nations League,Roseau,Dominica,False,Away Win,968.0,1279.0,-311.0,2019
2019-10-15,Switzerland,Ireland,2.0,0.0,UEFA Euro qualification,Geneva,Switzerland,False,Home Win,1878.0,1728.0,150.0,2019
2019-10-15,Sweden,Spain,1.0,1.0,UEFA Euro qualification,Stockholm,Sweden,False,Draw,1826.0,2027.0,-201.0,2019
2019-10-15,Romania,Norway,1.0,1.0,UEFA Euro qualification,Bucharest,Romania,False,Draw,1750.0,1684.0,66.0,2019
2019-10-15,Israel,Latvia,3.0,1.0,UEFA Euro qualification,Beer Sheva,Israel,False,Home Win,1597.0,1250.0,347.0,2019
2019-10-15,Morocco,Gabon,2.0,3.0,Friendly,Tangier,Morocco,False,Away Win,1709.0,1404.0,305.0,2019
2019-10-15,Finland,Armenia,3.0,0.0,UEFA Euro qualification,Turku,Finland,False,Home Win,1570.0,1463.0,107.0,2019
2019-10-15,Bolivia,Haiti,3.0,1.0,Friendly,Santa Cruz,Bolivia,False,Home Win,1706.0,1521.0,185.0,2019
2019-10-15,Gibraltar,Georgia,2.0,3.0,UEFA Euro qualification,Gibraltar,Gibraltar,False,Away Win,1094.0,1526.0,-432.0,2019
2019-10-15,Chile,Guinea,3.0,2.0,Friendly,Alicante,Spain,True,Home Win,1873.0,1534.0,339.0,2019
2019-10-15,Denmark,Luxembourg,4.0,0.0,Friendly,Aalborg,Denmark,False,Home Win,1889.0,1356.0,533.0,2019
2019-10-15,Kuwait,Turkmenistan,1.0,1.0,Friendly,Kuwait City,Kuwait,False,Draw,1439.0,1252.0,187.0,2019
2019-10-15,Liechtenstein,Italy,0.0,5.0,UEFA Euro qualification,Vaduz,Liechtenstein,False,Away Win,1202.0,1882.0,-680.0,2019
2019-10-15,Algeria,Colombia,3.0,0.0,Friendly,Villeneuve-d'Ascq,France,True,Home Win,1702.0,1927.0,-225.0,2019
2019-10-15,Mauritania,Libya,0.0,0.0,Friendly,Nouakchott,Mauritania,False,Draw,1330.0,1473.0,-143.0,2019
2019-10-15,Bermuda,Guatemala,0.0,0.0,Friendly,Hamilton,Bermuda,False,Draw,1212.0,1510.0,-298.0,2019
2019-10-15,Peru,Uruguay,1.0,1.0,Friendly,Lima,Peru,False,Draw,1906.0,1876.0,30.0,2019
2019-10-15,Aruba,Jamaica,0.0,6.0,CONCACAF Nations League,Willemstad,Curaçao,True,Away Win,929.0,1568.0,-639.0,2019
2019-10-15,Philippines,China,0.0,0.0,FIFA World Cup qualification,Bacolod,Philippines,False,Draw,1202.0,1517.0,-315.0,2019
2019-10-15,Jordan,Nepal,3.0,0.0,FIFA World Cup qualification,Amman,Jordan,False,Home Win,1448.0,899.0,549.0,2019
2019-10-15,Taiwan,Australia,1.0,7.0,FIFA World Cup qualification,Kaohsiung,Taiwan,False,Away Win,986.0,1722.0,-736.0,2019
2019-10-15,Singapore,Uzbekistan,1.0,3.0,FIFA World Cup qualification,Kallang,Singapore,False,Away Win,1043.0,1608.0,-565.0,2019
2019-10-15,Cambodia,Iraq,0.0,4.0,FIFA World Cup qualification,Phnom Penh,Cambodia,False,Away Win,821.0,1583.0,-762.0,2019
2019-10-15,Mexico,Panama,3.0,1.0,CONCACAF Nations League,Mexico City,Mexico,False,Home Win,1858.0,1661.0,197.0,2019
2019-10-15,Qatar,Oman,2.0,1.0,FIFA World Cup qualification,Al Wakrah,Qatar,False,Home Win,1488.0,1540.0,-52.0,2019
2019-10-15,Mongolia,Kyrgyzstan,1.0,2.0,FIFA World Cup qualification,Ulaanbaatar,Mongolia,False,Away Win,660.0,1246.0,-586.0,2019
2019-10-15,Tajikistan,Japan,0.0,3.0,FIFA World Cup qualification,Dushanbe,Tajikistan,False,Away Win,1252.0,1693.0,-441.0,2019
2019-10-15,Indonesia,Vietnam,1.0,3.0,FIFA World Cup qualification,Gianyar,Indonesia,False,Away Win,1208.0,1288.0,-80.0,2019
2019-10-15,Bahrain,Iran,1.0,0.0,FIFA World Cup qualification,Riffa,Bahrain,False,Home Win,1418.0,1796.0,-378.0,2019
2019-10-15,India,Bangladesh,1.0,1.0,FIFA World Cup qualification,Kolkata,India,False,Draw,1213.0,809.0,404.0,2019
2019-11-07,Egypt,Liberia,1.0,0.0,Friendly,Alexandria,Egypt,False,Home Win,1641.0,1329.0,312.0,2019
2019-11-07,Nicaragua,Cuba,0.0,0.0,Friendly,Managua,Nicaragua,False,Draw,1279.0,1338.0,-59.0,2019
2019-11-09,Uzbekistan,Kyrgyzstan,3.0,1.0,Friendly,Tashkent,Uzbekistan,False,Home Win,1608.0,1246.0,362.0,2019
2019-11-09,Malaysia,Tajikistan,1.0,0.0,Friendly,Kuala Lumpur,Malaysia,False,Home Win,1055.0,1252.0,-197.0,2019
2019-11-09,Namibia,Zambia,0.0,2.0,Friendly,Windhoek,Namibia,False,Away Win,1381.0,1441.0,-60.0,2019
2019-11-10,Nicaragua,Cuba,0.0,1.0,Friendly,Managua,Nicaragua,False,Away Win,1279.0,1338.0,-59.0,2019
2019-11-13,Namibia,Chad,2.0,1.0,African Cup of Nations qualification,Windhoek,Namibia,False,Home Win,1381.0,1250.0,131.0,2019
2019-11-13,Angola,Gambia,1.0,3.0,African Cup of Nations qualification,Luanda,Angola,False,Away Win,1252.0,1303.0,-51.0,2019
2019-11-13,Guinea-Bissau,Eswatini,3.0,0.0,African Cup of Nations qualification,Bissau,Guinea-Bissau,False,Home Win,1309.0,1255.0,54.0,2019
2019-11-13,Senegal,Congo,2.0,0.0,African Cup of Nations qualification,Thiès,Senegal,False,Home Win,1749.0,1403.0,346.0,2019
2019-11-13,Nigeria,Benin,2.0,1.0,African Cup of Nations qualification,Uyo,Nigeria,False,Home Win,1720.0,1386.0,334.0,2019
2019-11-14,Martinique,Honduras,1.0,1.0,CONCACAF Nations League,Fort-de-France,Martinique,False,Draw,1451.0,1626.0,-175.0,2019
2019-11-14,Mali,Guinea,2.0,2.0,African Cup of Nations qualification,Bamako,Mali,False,Draw,1527.0,1534.0,-7.0,2019
2019-11-14,Mozambique,Rwanda,2.0,0.0,African Cup of Nations qualification,Maputo,Mozambique,False,Home Win,1311.0,1315.0,-4.0,2019
2019-11-14,Bulgaria,Paraguay,0.0,1.0,Friendly,Sofia,Bulgaria,False,Away Win,1579.0,1745.0,-166.0,2019
2019-11-14,Togo,Comoros,0.0,1.0,African Cup of Nations qualification,Lomé,Togo,False,Away Win,1395.0,1090.0,305.0,2019
2019-11-14,Algeria,Zambia,5.0,0.0,African Cup of Nations qualification,Blida,Algeria,False,Home Win,1702.0,1441.0,261.0,2019
2019-11-14,Serbia,Luxembourg,3.0,2.0,UEFA Euro qualification,Belgrade,Serbia,False,Home Win,1796.0,1356.0,440.0,2019
2019-11-14,Egypt,Kenya,1.0,1.0,African Cup of Nations qualification,Alexandria,Egypt,False,Draw,1641.0,1372.0,269.0,2019
2019-11-14,Portugal,Lithuania,6.0,0.0,UEFA Euro qualification,Faro-Loulé,Portugal,False,Home Win,1974.0,1321.0,653.0,2019
2019-11-14,Turkey,Iceland,0.0,0.0,UEFA Euro qualification,Istanbul,Turkey,False,Draw,1692.0,1787.0,-95.0,2019
2019-11-14,Albania,Andorra,2.0,2.0,UEFA Euro qualification,Elbasan,Albania,False,Draw,1499.0,1012.0,487.0,2019
2019-11-14,England,Montenegro,7.0,0.0,UEFA Euro qualification,London,England,False,Home Win,1940.0,1561.0,379.0,2019
2019-11-14,Czechia,Kosovo,2.0,1.0,UEFA Euro qualification,Plzeň,Czech Republic,False,Home Win,1737.0,1543.0,194.0,2019
2019-11-14,Afghanistan,India,1.0,1.0,FIFA World Cup qualification,Dushanbe,Tajikistan,True,Draw,1152.0,1213.0,-61.0,2019
2019-11-14,Malaysia,Thailand,2.0,1.0,FIFA World Cup qualification,Kuala Lumpur,Malaysia,False,Home Win,1055.0,1412.0,-357.0,2019
2019-11-14,Qatar,Singapore,2.0,0.0,Friendly,Doha,Qatar,False,Home Win,1488.0,1043.0,445.0,2019
2019-11-14,Ukraine,Estonia,1.0,0.0,Friendly,Zaporizhia,Ukraine,False,Home Win,1824.0,1503.0,321.0,2019
2019-11-14,Cambodia,Mongolia,1.0,1.0,Friendly,Phnom Penh,Cambodia,False,Draw,821.0,660.0,161.0,2019
2019-11-14,Syria,China,2.0,1.0,FIFA World Cup qualification,Dubai,United Arab Emirates,True,Home Win,1611.0,1517.0,94.0,2019
2019-11-14,Jordan,Australia,0.0,1.0,FIFA World Cup qualification,Amman,Jordan,False,Away Win,1448.0,1722.0,-274.0,2019
2019-11-14,Maldives,Philippines,1.0,2.0,FIFA World Cup qualification,Malé,Maldives,False,Away Win,945.0,1202.0,-257.0,2019
2019-11-14,Iraq,Iran,2.0,1.0,FIFA World Cup qualification,Amman,Jordan,True,Home Win,1583.0,1796.0,-213.0,2019
2019-11-14,Yemen,Palestine,1.0,0.0,FIFA World Cup qualification,Muharraq,Bahrain,True,Home Win,1197.0,1395.0,-198.0,2019
2019-11-14,Oman,Bangladesh,4.0,1.0,FIFA World Cup qualification,Muscat,Oman,False,Home Win,1540.0,809.0,731.0,2019
2019-11-14,Myanmar,Tajikistan,4.0,3.0,FIFA World Cup qualification,Mandalay,Myanmar,False,Home Win,1072.0,1252.0,-180.0,2019
2019-11-14,Kyrgyzstan,Japan,0.0,2.0,FIFA World Cup qualification,Bishkek,Kyrgyzstan,False,Away Win,1246.0,1693.0,-447.0,2019
2019-11-14,Kuwait,Taiwan,9.0,0.0,FIFA World Cup qualification,Kuwait City,Kuwait,False,Home Win,1439.0,986.0,453.0,2019
2019-11-15,Romania,Sweden,0.0,2.0,UEFA Euro qualification,Bucharest,Romania,False,Away Win,1750.0,1826.0,-76.0,2019
2019-11-15,Morocco,Mauritania,0.0,0.0,African Cup of Nations qualification,Rabat,Morocco,False,Draw,1709.0,1330.0,379.0,2019
2019-11-15,Zimbabwe,Botswana,0.0,0.0,African Cup of Nations qualification,Harare,Zimbabwe,False,Draw,1436.0,1313.0,123.0,2019
2019-11-15,Tunisia,Libya,4.0,1.0,African Cup of Nations qualification,Radès,Tunisia,False,Home Win,1653.0,1473.0,180.0,2019
2019-11-15,Denmark,Gibraltar,6.0,0.0,UEFA Euro qualification,Copenhagen,Denmark,False,Home Win,1889.0,1094.0,795.0,2019
2019-11-15,Switzerland,Georgia,1.0,0.0,UEFA Euro qualification,St. Gallen,Switzerland,False,Home Win,1878.0,1526.0,352.0,2019
2019-11-15,Brazil,Argentina,0.0,1.0,Superclásico de las Américas,Riyadh,Saudi Arabia,True,Away Win,2130.0,1983.0,147.0,2019
2019-11-15,Spain,Malta,7.0,0.0,UEFA Euro qualification,Cádiz,Spain,False,Home Win,2027.0,1190.0,837.0,2019
2019-11-15,Armenia,Greece,0.0,1.0,UEFA Euro qualification,Yerevan,Armenia,False,Away Win,1463.0,1664.0,-201.0,2019
2019-11-15,Panama,Mexico,0.0,3.0,CONCACAF Nations League,Panama City,Panama,False,Away Win,1661.0,1858.0,-197.0,2019
2019-11-15,Guyana,Aruba,4.0,2.0,CONCACAF Nations League,Leonora,Guyana,False,Home Win,1250.0,929.0,321.0,2019
2019-11-15,Suriname,Dominica,4.0,0.0,CONCACAF Nations League,Paramaribo,Suriname,False,Home Win,1257.0,968.0,289.0,2019
2019-11-15,Colombia,Peru,1.0,0.0,Friendly,Miami Gardens,United States,True,Home Win,1927.0,1906.0,21.0,2019
2019-11-15,Hungary,Uruguay,1.0,2.0,Friendly,Budapest,Hungary,False,Away Win,1583.0,1876.0,-293.0,2019
2019-11-15,Finland,Liechtenstein,3.0,0.0,UEFA Euro qualification,Helsinki,Finland,False,Home Win,1570.0,1202.0,368.0,2019
2019-11-16,Madagascar,Ethiopia,1.0,0.0,African Cup of Nations qualification,Antananarivo,Madagascar,False,Home Win,1252.0,1279.0,-27.0,2019
2019-11-16,Germany,Belarus,4.0,0.0,UEFA Euro qualification,Mönchengladbach,Germany,False,Home Win,2091.0,1530.0,561.0,2019
2019-11-16,Croatia,Slovakia,3.0,1.0,UEFA Euro qualification,Rijeka,Croatia,False,Home Win,1853.0,1766.0,87.0,2019
2019-11-16,Israel,Poland,1.0,2.0,UEFA Euro qualification,Jerusalem,Israel,False,Away Win,1597.0,1803.0,-206.0,2019
2019-11-16,Cyprus,Scotland,1.0,2.0,UEFA Euro qualification,Nicosia,Cyprus,False,Away Win,1421.0,1712.0,-291.0,2019
2019-11-16,Russia,Belgium,1.0,4.0,UEFA Euro qualification,Saint Petersburg,Russia,False,Away Win,1684.0,1929.0,-245.0,2019
2019-11-16,Slovenia,Latvia,1.0,0.0,UEFA Euro qualification,Ljubljana,Slovenia,False,Home Win,1571.0,1250.0,321.0,2019
2019-11-17,Eswatini,Senegal,1.0,4.0,African Cup of Nations qualification,Manzini,Eswatini,False,Away Win,1255.0,1749.0,-494.0,2019
2019-11-17,Chad,Mali,0.0,2.0,African Cup of Nations qualification,N'Djamena,Chad,False,Away Win,1250.0,1527.0,-277.0,2019
2019-11-17,Guinea,Namibia,2.0,0.0,African Cup of Nations qualification,Conakry,Guinea,False,Home Win,1534.0,1381.0,153.0,2019
2019-11-17,Uganda,Malawi,2.0,0.0,African Cup of Nations qualification,Kira,Uganda,False,Home Win,1463.0,1250.0,213.0,2019
2019-11-17,Gabon,Angola,2.0,1.0,African Cup of Nations qualification,Franceville,Gabon,False,Home Win,1404.0,1252.0,152.0,2019
2019-11-17,Lesotho,Nigeria,2.0,4.0,African Cup of Nations qualification,Maseru,Lesotho,False,Away Win,1316.0,1720.0,-404.0,2019
2019-11-17,Congo,Guinea-Bissau,3.0,0.0,African Cup of Nations qualification,Brazzaville,Congo,False,Home Win,1403.0,1309.0,94.0,2019
2019-11-17,Serbia,Ukraine,2.0,2.0,UEFA Euro qualification,Belgrade,Serbia,False,Draw,1796.0,1824.0,-28.0,2019
2019-11-17,Rwanda,Cameroon,0.0,1.0,African Cup of Nations qualification,Kigali,Rwanda,False,Away Win,1315.0,1691.0,-376.0,2019
2019-11-17,Luxembourg,Portugal,0.0,2.0,UEFA Euro qualification,Luxembourg,Luxembourg,False,Away Win,1356.0,1974.0,-618.0,2019
2019-11-17,Albania,France,0.0,2.0,UEFA Euro qualification,Tirana,Albania,False,Away Win,1499.0,1994.0,-495.0,2019
2019-11-17,Andorra,Turkey,0.0,2.0,UEFA Euro qualification,Andorra la Vella,Andorra,False,Away Win,1012.0,1692.0,-680.0,2019
2019-11-17,Grenada,Belize,3.0,2.0,CONCACAF Nations League,St. George's,Grenada,False,Home Win,1112.0,1199.0,-87.0,2019
2019-11-17,Bulgaria,Czechia,1.0,0.0,UEFA Euro qualification,Sofia,Bulgaria,False,Home Win,1579.0,1737.0,-158.0,2019
2019-11-17,Kosovo,England,0.0,4.0,UEFA Euro qualification,Pristina,Kosovo,False,Away Win,1543.0,1940.0,-397.0,2019
2019-11-18,Gibraltar,Switzerland,1.0,6.0,UEFA Euro qualification,Gibraltar,Gibraltar,False,Away Win,1094.0,1878.0,-784.0,2019
2019-11-18,Comoros,Egypt,0.0,0.0,African Cup of Nations qualification,Moroni,Comoros,False,Draw,1090.0,1641.0,-551.0,2019
2019-11-18,Kenya,Togo,1.0,1.0,African Cup of Nations qualification,Kasarani,Kenya,False,Draw,1372.0,1395.0,-23.0,2019
2019-11-18,Niger,Madagascar,2.0,6.0,African Cup of Nations qualification,Niamey,Niger,False,Away Win,1287.0,1252.0,35.0,2019
2019-11-18,Ireland,Denmark,1.0,1.0,UEFA Euro qualification,Dublin,Republic of Ireland,False,Draw,1728.0,1889.0,-161.0,2019
2019-11-18,Greece,Finland,2.0,1.0,UEFA Euro qualification,Athens,Greece,False,Home Win,1664.0,1570.0,94.0,2019
2019-11-18,Botswana,Algeria,0.0,1.0,African Cup of Nations qualification,Gaborone,Botswana,False,Away Win,1313.0,1702.0,-389.0,2019
2019-11-18,Spain,Romania,5.0,0.0,UEFA Euro qualification,Madrid,Spain,False,Home Win,2027.0,1750.0,277.0,2019
2019-11-18,Italy,Armenia,9.0,1.0,UEFA Euro qualification,Palermo,Italy,False,Home Win,1882.0,1463.0,419.0,2019
2019-11-18,Jamaica,Guyana,1.0,1.0,CONCACAF Nations League,Montego Bay,Jamaica,False,Draw,1568.0,1250.0,318.0,2019
2019-11-18,Nicaragua,Suriname,1.0,2.0,CONCACAF Nations League,Managua,Nicaragua,False,Away Win,1279.0,1257.0,22.0,2019
2019-11-18,Argentina,Uruguay,2.0,2.0,Friendly,Tel Aviv,Israel,True,Draw,1983.0,1876.0,107.0,2019
2019-11-18,Malta,Norway,1.0,2.0,UEFA Euro qualification,Attard,Malta,False,Away Win,1190.0,1684.0,-494.0,2019
2019-11-19,Mexico,Bermuda,2.0,1.0,CONCACAF Nations League,Mexico City,Mexico,False,Home Win,1858.0,1212.0,646.0,2019
2019-11-19,Belgium,Cyprus,6.0,1.0,UEFA Euro qualification,Brussels,Belgium,False,Home Win,1929.0,1421.0,508.0,2019
2019-11-19,Scotland,Kazakhstan,3.0,1.0,UEFA Euro qualification,Glasgow,Scotland,False,Home Win,1712.0,1368.0,344.0,2019
2019-11-19,Latvia,Austria,1.0,0.0,UEFA Euro qualification,Riga,Latvia,False,Home Win,1250.0,1735.0,-485.0,2019
2019-11-19,Poland,Slovenia,3.0,2.0,UEFA Euro qualification,Warsaw,Poland,False,Home Win,1803.0,1571.0,232.0,2019
2019-11-19,Japan,Venezuela,1.0,4.0,Kirin Challenge Cup,Suita,Japan,False,Away Win,1693.0,1747.0,-54.0,2019
2019-11-19,Libya,Tanzania,2.0,1.0,African Cup of Nations qualification,Monastir,Tunisia,True,Home Win,1473.0,1312.0,161.0,2019
2019-11-19,Netherlands,Estonia,5.0,0.0,UEFA Euro qualification,Amsterdam,Netherlands,False,Home Win,1872.0,1503.0,369.0,2019
2019-11-19,Zambia,Zimbabwe,1.0,2.0,African Cup of Nations qualification,Lusaka,Zambia,False,Away Win,1441.0,1436.0,5.0,2019
2019-11-19,Burundi,Morocco,0.0,3.0,African Cup of Nations qualification,Bujumbura,Burundi,False,Away Win,1311.0,1709.0,-398.0,2019
2019-11-19,Ecuador,Colombia,0.0,1.0,Friendly,Harrison,United States,True,Away Win,1747.0,1927.0,-180.0,2019
2019-11-19,Croatia,Georgia,2.0,1.0,Friendly,Pula,Croatia,False,Home Win,1853.0,1526.0,327.0,2019
2019-11-19,Slovakia,Azerbaijan,2.0,0.0,UEFA Euro qualification,Trnava,Slovakia,False,Home Win,1766.0,1425.0,341.0,2019
2019-11-19,Uzbekistan,Palestine,2.0,0.0,FIFA World Cup qualification,Tashkent,Uzbekistan,False,Home Win,1608.0,1395.0,213.0,2019
2019-11-19,Afghanistan,Qatar,0.0,1.0,FIFA World Cup qualification,Dushanbe,Tajikistan,True,Away Win,1152.0,1488.0,-336.0,2019
2019-11-19,Malaysia,Indonesia,2.0,0.0,FIFA World Cup qualification,Kuala Lumpur,Malaysia,False,Home Win,1055.0,1208.0,-153.0,2019
2019-11-19,Vietnam,Thailand,0.0,0.0,FIFA World Cup qualification,Hanoi,Vietnam,False,Draw,1288.0,1412.0,-124.0,2019
2019-11-19,Kyrgyzstan,Tajikistan,1.0,1.0,FIFA World Cup qualification,Bishkek,Kyrgyzstan,False,Draw,1246.0,1252.0,-6.0,2019
2019-11-19,Oman,India,1.0,0.0,FIFA World Cup qualification,Muscat,Oman,False,Home Win,1540.0,1213.0,327.0,2019
2019-11-19,Myanmar,Mongolia,1.0,0.0,FIFA World Cup qualification,Mandalay,Myanmar,False,Home Win,1072.0,660.0,412.0,2019
2019-11-19,Yemen,Singapore,1.0,2.0,FIFA World Cup qualification,Muharraq,Bahrain,True,Away Win,1197.0,1043.0,154.0,2019
2019-11-19,Iraq,Bahrain,0.0,0.0,FIFA World Cup qualification,Amman,Jordan,True,Draw,1583.0,1418.0,165.0,2019
2019-11-19,Jordan,Taiwan,5.0,0.0,FIFA World Cup qualification,Amman,Jordan,False,Home Win,1448.0,986.0,462.0,2019
2019-11-19,Nepal,Kuwait,0.0,1.0,FIFA World Cup qualification,Thimphu,Bhutan,True,Away Win,899.0,1439.0,-540.0,2019
2019-11-19,Syria,Philippines,1.0,0.0,FIFA World Cup qualification,Dubai,United Arab Emirates,True,Home Win,1611.0,1202.0,409.0,2019
2019-11-19,Montenegro,Belarus,2.0,0.0,Friendly,Podgorica,Montenegro,False,Home Win,1561.0,1530.0,31.0,2019
2019-11-26,Qatar,Iraq,1.0,2.0,Gulf Cup,Doha,Qatar,False,Away Win,1725.0,1599.0,126.0,2019
2019-11-27,Oman,Bahrain,0.0,0.0,Gulf Cup,Doha,Qatar,True,Draw,1519.0,1510.0,9.0,2019
2019-11-29,Qatar,Yemen,6.0,0.0,Gulf Cup,Doha,Qatar,False,Home Win,1725.0,1209.0,516.0,2019
2019-11-30,Kuwait,Oman,1.0,2.0,Gulf Cup,Doha,Qatar,True,Away Win,1426.0,1519.0,-93.0,2019
2019-12-02,Yemen,Iraq,0.0,0.0,Gulf Cup,Doha,Qatar,True,Draw,1209.0,1599.0,-390.0,2019
2019-12-02,Kuwait,Bahrain,2.0,4.0,Gulf Cup,Doha,Qatar,True,Away Win,1426.0,1510.0,-84.0,2019
2019-12-05,Iraq,Bahrain,2.0,2.0,Gulf Cup,Doha,Qatar,True,Draw,1599.0,1510.0,89.0,2019
2019-12-10,China,Japan,1.0,2.0,EAFF Championship,Busan,South Korea,True,Away Win,1517.0,1750.0,-233.0,2019
2020-01-07,Barbados,Canada,1.0,4.0,Friendly,Irvine,United States,True,Away Win,1103.0,1565.0,-462.0,2020
2020-01-10,Barbados,Canada,1.0,4.0,Friendly,Irvine,United States,True,Away Win,1103.0,1565.0,-462.0,2020
2020-01-12,Kosovo,Sweden,0.0,1.0,Friendly,Doha,Qatar,True,Away Win,1543.0,1826.0,-283.0,2020
2020-01-15,Canada,Iceland,0.0,1.0,Friendly,Irvine,United States,True,Away Win,1565.0,1787.0,-222.0,2020
2020-09-03,Germany,Spain,1.0,1.0,UEFA Nations League,Stuttgart,Germany,False,Draw,1964.0,2027.0,-63.0,2020
2020-09-03,Ukraine,Switzerland,2.0,1.0,UEFA Nations League,Lviv,Ukraine,False,Home Win,1824.0,1878.0,-54.0,2020
2020-09-03,Russia,Serbia,3.0,1.0,UEFA Nations League,Moscow,Russia,False,Home Win,1794.0,1796.0,-2.0,2020
2020-09-03,Turkey,Hungary,0.0,1.0,UEFA Nations League,Sivas,Turkey,False,Away Win,1692.0,1618.0,74.0,2020
2020-09-03,Bulgaria,Ireland,1.0,1.0,UEFA Nations League,Sofia,Bulgaria,False,Draw,1579.0,1728.0,-149.0,2020
2020-09-03,Finland,Wales,0.0,1.0,UEFA Nations League,Helsinki,Finland,False,Away Win,1570.0,1782.0,-212.0,2020
2020-09-03,Slovenia,Greece,0.0,0.0,UEFA Nations League,Ljubljana,Slovenia,False,Draw,1585.0,1664.0,-79.0,2020
2020-09-03,Latvia,Andorra,0.0,0.0,UEFA Nations League,Riga,Latvia,False,Draw,1254.0,1012.0,242.0,2020
2020-09-04,Netherlands,Poland,1.0,0.0,UEFA Nations League,Amsterdam,Netherlands,False,Home Win,2017.0,1789.0,228.0,2020
2020-09-04,Norway,Austria,1.0,2.0,UEFA Nations League,Oslo,Norway,False,Away Win,1684.0,1740.0,-56.0,2020
2020-09-04,Scotland,Israel,1.0,1.0,UEFA Nations League,Glasgow,Scotland,False,Draw,1639.0,1538.0,101.0,2020
2020-09-04,Slovakia,Czechia,1.0,3.0,UEFA Nations League,Bratislava,Slovakia,False,Away Win,1734.0,1737.0,-3.0,2020
2020-09-04,Lithuania,Kazakhstan,0.0,2.0,UEFA Nations League,Vilnius,Lithuania,False,Away Win,1321.0,1360.0,-39.0,2020
2020-09-04,Belarus,Albania,0.0,2.0,UEFA Nations League,Minsk,Belarus,False,Away Win,1493.0,1499.0,-6.0,2020
2020-09-05,Sweden,France,0.0,1.0,UEFA Nations League,Stockholm,Sweden,False,Away Win,1826.0,1994.0,-168.0,2020
2020-09-05,Iceland,England,0.0,1.0,UEFA Nations League,Reykjavík,Iceland,False,Away Win,1787.0,1940.0,-153.0,2020
2020-09-05,Denmark,Belgium,0.0,2.0,UEFA Nations League,Copenhagen,Denmark,False,Away Win,1889.0,2083.0,-194.0,2020
2020-09-05,Cyprus,Montenegro,0.0,2.0,UEFA Nations League,Nicosia,Cyprus,False,Away Win,1399.0,1523.0,-124.0,2020
2020-09-05,Azerbaijan,Luxembourg,1.0,2.0,UEFA Nations League,Baku,Azerbaijan,False,Away Win,1376.0,1356.0,20.0,2020
2020-09-05,Estonia,Georgia,0.0,1.0,UEFA Nations League,Tallinn,Estonia,False,Away Win,1433.0,1550.0,-117.0,2020
2020-09-05,Portugal,Croatia,4.0,1.0,UEFA Nations League,Porto,Portugal,False,Home Win,1974.0,1920.0,54.0,2020
2020-09-06,Ireland,Finland,0.0,1.0,UEFA Nations League,Dublin,Republic of Ireland,False,Away Win,1728.0,1570.0,158.0,2020
2020-09-06,Spain,Ukraine,4.0,0.0,UEFA Nations League,Madrid,Spain,False,Home Win,2027.0,1824.0,203.0,2020
2020-09-06,Switzerland,Germany,1.0,1.0,UEFA Nations League,Basel,Switzerland,False,Draw,1878.0,1964.0,-86.0,2020
2020-09-06,Hungary,Russia,2.0,3.0,UEFA Nations League,Budapest,Hungary,False,Away Win,1618.0,1794.0,-176.0,2020
2020-09-06,Serbia,Turkey,0.0,0.0,UEFA Nations League,Belgrade,Serbia,False,Draw,1796.0,1692.0,104.0,2020
2020-09-06,Wales,Bulgaria,1.0,0.0,UEFA Nations League,Cardiff,Wales,False,Home Win,1782.0,1579.0,203.0,2020
2020-09-06,Kosovo,Greece,1.0,2.0,UEFA Nations League,Pristina,Kosovo,False,Away Win,1543.0,1664.0,-121.0,2020
2020-09-06,Malta,Latvia,1.0,1.0,UEFA Nations League,Attard,Malta,False,Draw,1190.0,1254.0,-64.0,2020
2020-09-07,Czechia,Scotland,1.0,2.0,UEFA Nations League,Olomouc,Czech Republic,False,Away Win,1737.0,1639.0,98.0,2020
2020-09-07,Austria,Romania,2.0,3.0,UEFA Nations League,Klagenfurt,Austria,False,Away Win,1740.0,1750.0,-10.0,2020
2020-09-07,Netherlands,Italy,0.0,1.0,UEFA Nations League,Amsterdam,Netherlands,False,Away Win,2017.0,1882.0,135.0,2020
2020-09-07,Albania,Lithuania,0.0,1.0,UEFA Nations League,Tirana,Albania,False,Away Win,1499.0,1321.0,178.0,2020
2020-09-07,Kazakhstan,Belarus,1.0,2.0,UEFA Nations League,Almaty,Kazakhstan,False,Away Win,1360.0,1493.0,-133.0,2020
2020-09-07,Israel,Slovakia,1.0,1.0,UEFA Nations League,Netanya,Israel,False,Draw,1538.0,1734.0,-196.0,2020
2020-09-08,Belgium,Iceland,5.0,1.0,UEFA Nations League,Brussels,Belgium,False,Home Win,2083.0,1787.0,296.0,2020
2020-09-08,Denmark,England,0.0,0.0,UEFA Nations League,Copenhagen,Denmark,False,Draw,1889.0,1940.0,-51.0,2020
2020-09-08,France,Croatia,4.0,2.0,UEFA Nations League,Paris,France,False,Home Win,1994.0,1920.0,74.0,2020
2020-09-08,Sweden,Portugal,0.0,2.0,UEFA Nations League,Stockholm,Sweden,False,Away Win,1826.0,1974.0,-148.0,2020
2020-09-08,Luxembourg,Montenegro,0.0,1.0,UEFA Nations League,Luxembourg,Luxembourg,False,Away Win,1356.0,1523.0,-167.0,2020
2020-09-08,Cyprus,Azerbaijan,0.0,1.0,UEFA Nations League,Nicosia,Cyprus,False,Away Win,1399.0,1376.0,23.0,2020
2020-09-08,Armenia,Estonia,2.0,0.0,UEFA Nations League,Yerevan,Armenia,False,Home Win,1463.0,1433.0,30.0,2020
2020-10-06,Nicaragua,Guatemala,0.0,0.0,Friendly,Managua,Nicaragua,False,Draw,1279.0,1510.0,-231.0,2020
2020-10-07,Austria,Greece,2.0,1.0,Friendly,Klagenfurt,Austria,False,Home Win,1740.0,1633.0,107.0,2020
2020-10-07,Luxembourg,Liechtenstein,1.0,2.0,Friendly,Luxembourg,Luxembourg,False,Away Win,1356.0,1202.0,154.0,2020
2020-10-07,Cyprus,Czechia,1.0,2.0,Friendly,Larnaca,Cyprus,False,Away Win,1399.0,1737.0,-338.0,2020
2020-10-07,Estonia,Lithuania,1.0,3.0,Friendly,Tallinn,Estonia,False,Away Win,1433.0,1321.0,112.0,2020
2020-10-07,France,Ukraine,7.0,1.0,Friendly,Paris,France,False,Home Win,1994.0,1857.0,137.0,2020
2020-10-07,Netherlands,Mexico,0.0,1.0,Friendly,Amsterdam,Netherlands,False,Away Win,2017.0,1901.0,116.0,2020
2020-10-07,Germany,Turkey,3.0,3.0,Friendly,Cologne,Germany,False,Draw,1963.0,1752.0,211.0,2020
2020-10-07,Montenegro,Latvia,1.0,1.0,Friendly,Podgorica,Montenegro,False,Draw,1523.0,1243.0,280.0,2020
2020-10-07,Poland,Finland,5.0,1.0,Friendly,Gdańsk,Poland,False,Home Win,1789.0,1659.0,130.0,2020
2020-10-07,Portugal,Spain,0.0,0.0,Friendly,Lisbon,Portugal,False,Draw,1974.0,2043.0,-69.0,2020
2020-10-07,Switzerland,Croatia,1.0,2.0,Friendly,St. Gallen,Switzerland,False,Away Win,1879.0,1920.0,-41.0,2020
2020-10-07,Zambia,Malawi,1.0,0.0,Friendly,Lusaka,Zambia,False,Home Win,1432.0,1250.0,182.0,2020
2020-10-07,Malta,Gibraltar,2.0,0.0,Friendly,Ta' Qali,Malta,False,Home Win,1156.0,1094.0,62.0,2020
2020-10-08,Paraguay,Peru,2.0,2.0,FIFA World Cup qualification,Asunción,Paraguay,False,Draw,1738.0,1906.0,-168.0,2020
2020-10-08,England,Wales,3.0,0.0,Friendly,London,England,False,Home Win,1940.0,1805.0,135.0,2020
2020-10-08,Russia,Sweden,1.0,2.0,Friendly,Moscow,Russia,False,Away Win,1831.0,1826.0,5.0,2020
2020-10-08,Uzbekistan,Iran,1.0,2.0,Friendly,Tashkent,Uzbekistan,False,Away Win,1580.0,1796.0,-216.0,2020
2020-10-08,Uruguay,Chile,2.0,1.0,FIFA World Cup qualification,Montevideo,Uruguay,False,Home Win,1876.0,1873.0,3.0,2020
2020-10-08,Argentina,Ecuador,1.0,0.0,FIFA World Cup qualification,Buenos Aires,Argentina,False,Home Win,1983.0,1726.0,257.0,2020
2020-10-08,Iceland,Romania,2.0,1.0,UEFA Euro qualification,Reykjavík,Iceland,False,Home Win,1787.0,1750.0,37.0,2020
2020-10-08,Slovakia,Ireland,0.0,0.0,UEFA Euro qualification,Bratislava,Slovakia,False,Draw,1734.0,1695.0,39.0,2020
2020-10-08,Scotland,Israel,0.0,0.0,UEFA Euro qualification,Glasgow,Scotland,False,Draw,1639.0,1538.0,101.0,2020
2020-10-08,Norway,Serbia,1.0,2.0,UEFA Euro qualification,Oslo,Norway,False,Away Win,1684.0,1763.0,-79.0,2020
2020-10-08,Bulgaria,Hungary,1.0,3.0,UEFA Euro qualification,Sofia,Bulgaria,False,Away Win,1558.0,1635.0,-77.0,2020
2020-10-08,Georgia,Belarus,1.0,0.0,UEFA Euro qualification,Tbilisi,Georgia,False,Home Win,1550.0,1493.0,57.0,2020
2020-10-09,Morocco,Senegal,3.0,1.0,Friendly,Rabat,Morocco,False,Home Win,1659.0,1749.0,-90.0,2020
2020-10-09,Congo,Gambia,0.0,1.0,Friendly,Parchal,Portugal,True,Away Win,1403.0,1303.0,100.0,2020
2020-10-09,Japan,Cameroon,0.0,0.0,Friendly,Utrecht,Netherlands,True,Draw,1750.0,1691.0,59.0,2020
2020-10-09,Kenya,Zambia,2.0,1.0,Friendly,Nairobi,Kenya,False,Home Win,1372.0,1437.0,-65.0,2020
2020-10-09,Nigeria,Algeria,0.0,1.0,Friendly,Klagenfurt,Austria,True,Away Win,1720.0,1702.0,18.0,2020
2020-10-09,Tunisia,Sudan,3.0,0.0,Friendly,Radès,Tunisia,False,Home Win,1619.0,1299.0,320.0,2020
2020-10-09,Colombia,Venezuela,3.0,0.0,FIFA World Cup qualification,Barranquilla,Colombia,False,Home Win,1985.0,1829.0,156.0,2020
2020-10-09,Brazil,Bolivia,5.0,0.0,FIFA World Cup qualification,São Paulo,Brazil,False,Home Win,2081.0,1706.0,375.0,2020
2020-10-09,Mali,Ghana,3.0,0.0,Friendly,Antalya,Turkey,True,Home Win,1527.0,1617.0,-90.0,2020
2020-10-10,Luxembourg,Cyprus,2.0,0.0,UEFA Nations League,Luxembourg,Luxembourg,False,Home Win,1335.0,1341.0,-6.0,2020
2020-10-10,Montenegro,Azerbaijan,2.0,0.0,UEFA Nations League,Podgorica,Montenegro,False,Home Win,1558.0,1376.0,182.0,2020
2020-10-10,Ukraine,Germany,1.0,2.0,UEFA Nations League,Kyiv,Ukraine,False,Away Win,1851.0,1956.0,-105.0,2020
2020-10-10,Spain,Switzerland,1.0,0.0,UEFA Nations League,Madrid,Spain,False,Home Win,2045.0,1866.0,179.0,2020
2020-10-10,Liechtenstein,Gibraltar,0.0,1.0,UEFA Nations League,Vaduz,Liechtenstein,False,Away Win,1166.0,1082.0,84.0,2020
2020-10-10,Honduras,Nicaragua,1.0,1.0,Friendly,Comayagua,Honduras,False,Draw,1626.0,1279.0,347.0,2020
2020-10-10,Niger,Chad,2.0,0.0,Friendly,Niamey,Niger,False,Home Win,1252.0,1250.0,2.0,2020
2020-10-10,Andorra,Malta,0.0,0.0,UEFA Nations League,Andorra la Vella,Andorra,False,Draw,1096.0,1164.0,-68.0,2020
2020-10-11,Israel,Czechia,1.0,2.0,UEFA Nations League,Haifa,Israel,False,Away Win,1538.0,1744.0,-206.0,2020
2020-10-11,Russia,Turkey,1.0,1.0,UEFA Nations League,Moscow,Russia,False,Draw,1831.0,1759.0,72.0,2020
2020-10-11,Poland,Italy,0.0,0.0,UEFA Nations League,Gdańsk,Poland,False,Draw,1812.0,1982.0,-170.0,2020
2020-10-11,Iceland,Denmark,0.0,3.0,UEFA Nations League,Reykjavík,Iceland,False,Away Win,1787.0,1869.0,-82.0,2020
2020-10-11,Croatia,Sweden,2.0,1.0,UEFA Nations League,Zagreb,Croatia,False,Home Win,1902.0,1826.0,76.0,2020
2020-10-11,France,Portugal,0.0,0.0,UEFA Nations League,Paris,France,False,Draw,2079.0,2028.0,51.0,2020
2020-10-11,Norway,Romania,4.0,0.0,UEFA Nations League,Oslo,Norway,False,Home Win,1684.0,1750.0,-66.0,2020
2020-10-11,Scotland,Slovakia,1.0,0.0,UEFA Nations League,Glasgow,Scotland,False,Home Win,1639.0,1734.0,-95.0,2020
2020-10-11,Serbia,Hungary,0.0,1.0,UEFA Nations League,Belgrade,Serbia,False,Away Win,1763.0,1635.0,128.0,2020
2020-10-11,England,Belgium,2.0,1.0,UEFA Nations League,London,England,False,Home Win,1940.0,2083.0,-143.0,2020
2020-10-11,Tanzania,Burundi,0.0,1.0,Friendly,Dar es Salaam,Tanzania,False,Away Win,1317.0,1269.0,48.0,2020
2020-10-11,Finland,Bulgaria,2.0,0.0,UEFA Nations League,Helsinki,Finland,False,Home Win,1652.0,1558.0,94.0,2020
2020-10-11,Kosovo,Slovenia,0.0,1.0,UEFA Nations League,Pristina,Kosovo,False,Away Win,1524.0,1584.0,-60.0,2020
2020-10-11,Kazakhstan,Albania,0.0,0.0,UEFA Nations League,Almaty,Kazakhstan,False,Draw,1360.0,1499.0,-139.0,2020
2020-10-11,Lithuania,Belarus,2.0,2.0,UEFA Nations League,Vilnius,Lithuania,False,Draw,1342.0,1493.0,-151.0,2020
2020-10-11,Gabon,Benin,0.0,2.0,Friendly,Lisbon,Portugal,True,Away Win,1404.0,1386.0,18.0,2020
2020-10-11,Malawi,Zimbabwe,0.0,0.0,Friendly,Blantyre,Malawi,False,Draw,1337.0,1408.0,-71.0,2020
2020-10-11,Armenia,Georgia,2.0,2.0,UEFA Nations League,Tychy,Poland,True,Draw,1463.0,1550.0,-87.0,2020
2020-10-11,Ireland,Wales,0.0,0.0,UEFA Nations League,Dublin,Republic of Ireland,False,Draw,1695.0,1805.0,-110.0,2020
2020-10-12,Ghana,Qatar,5.0,1.0,Friendly,Aksu,Turkey,True,Home Win,1617.0,1725.0,-108.0,2020
2020-10-12,Togo,Sudan,1.0,1.0,Friendly,Tunis,Tunisia,True,Draw,1395.0,1299.0,96.0,2020
2020-10-13,Azerbaijan,Cyprus,0.0,0.0,UEFA Nations League,Elbasan,Albania,True,Draw,1376.0,1341.0,35.0,2020
2020-10-13,Ukraine,Spain,1.0,0.0,UEFA Nations League,Kyiv,Ukraine,False,Home Win,1851.0,2045.0,-194.0,2020
2020-10-13,Germany,Switzerland,3.0,3.0,UEFA Nations League,Cologne,Germany,False,Draw,1956.0,1866.0,90.0,2020
2020-10-13,Montenegro,Luxembourg,1.0,2.0,UEFA Nations League,Podgorica,Montenegro,False,Away Win,1558.0,1335.0,223.0,2020
2020-10-13,Mozambique,Angola,0.0,3.0,Friendly,Rio Maior,Portugal,True,Away Win,1311.0,1252.0,59.0,2020
2020-10-13,Mexico,Algeria,2.0,2.0,Friendly,The Hague,Netherlands,True,Draw,1918.0,1702.0,216.0,2020
2020-10-13,Chile,Colombia,2.0,2.0,FIFA World Cup qualification,Santiago,Chile,False,Draw,1873.0,1985.0,-112.0,2020
2020-10-13,Nigeria,Tunisia,1.0,1.0,Friendly,Sankt Veit an der Glan,Austria,True,Draw,1720.0,1619.0,101.0,2020
2020-10-13,Bolivia,Argentina,1.0,2.0,FIFA World Cup qualification,La Paz,Bolivia,False,Away Win,1706.0,1983.0,-277.0,2020
2020-10-13,Peru,Brazil,2.0,4.0,FIFA World Cup qualification,Lima,Peru,False,Away Win,1906.0,2081.0,-175.0,2020
2020-10-13,Venezuela,Paraguay,0.0,1.0,FIFA World Cup qualification,Mérida,Venezuela,False,Away Win,1829.0,1738.0,91.0,2020
2020-10-13,Ecuador,Uruguay,4.0,2.0,FIFA World Cup qualification,Quito,Ecuador,False,Home Win,1726.0,1876.0,-150.0,2020
2020-10-13,Latvia,Malta,0.0,1.0,UEFA Nations League,Riga,Latvia,False,Away Win,1251.0,1164.0,87.0,2020
2020-10-14,Scotland,Czechia,1.0,0.0,UEFA Nations League,Glasgow,Scotland,False,Home Win,1639.0,1744.0,-105.0,2020
2020-10-14,Russia,Hungary,0.0,0.0,UEFA Nations League,Moscow,Russia,False,Draw,1831.0,1635.0,196.0,2020
2020-10-14,Italy,Netherlands,1.0,1.0,UEFA Nations League,Bergamo,Italy,False,Draw,1982.0,1978.0,4.0,2020
2020-10-14,England,Denmark,0.0,1.0,UEFA Nations League,London,England,False,Away Win,1940.0,1869.0,71.0,2020
2020-10-14,Portugal,Sweden,3.0,0.0,UEFA Nations League,Lisbon,Portugal,False,Home Win,2028.0,1826.0,202.0,2020
2020-10-14,Croatia,France,1.0,2.0,UEFA Nations League,Zagreb,Croatia,False,Away Win,1902.0,2079.0,-177.0,2020
2020-10-14,Romania,Austria,0.0,1.0,UEFA Nations League,Ploiești,Romania,False,Away Win,1750.0,1741.0,9.0,2020
2020-10-14,Slovakia,Israel,2.0,3.0,UEFA Nations League,Trnava,Slovakia,False,Away Win,1734.0,1538.0,196.0,2020
2020-10-14,Belarus,Kazakhstan,2.0,0.0,UEFA Nations League,Minsk,Belarus,False,Home Win,1493.0,1360.0,133.0,2020
2020-10-14,Turkey,Serbia,2.0,2.0,UEFA Nations League,Istanbul,Turkey,False,Draw,1759.0,1763.0,-4.0,2020
2020-10-14,Bulgaria,Wales,0.0,1.0,UEFA Nations League,Sofia,Bulgaria,False,Away Win,1558.0,1805.0,-247.0,2020
2020-10-14,Estonia,Armenia,1.0,1.0,UEFA Nations League,Tallinn,Estonia,False,Draw,1372.0,1463.0,-91.0,2020
2020-10-14,Greece,Kosovo,0.0,0.0,UEFA Nations League,Athens,Greece,False,Draw,1628.0,1524.0,104.0,2020
2020-10-14,Lithuania,Albania,0.0,0.0,UEFA Nations League,Vilnius,Lithuania,False,Draw,1342.0,1499.0,-157.0,2020
2020-10-14,Finland,Ireland,1.0,0.0,UEFA Nations League,Helsinki,Finland,False,Home Win,1652.0,1695.0,-43.0,2020
2020-10-14,Iceland,Belgium,1.0,2.0,UEFA Nations League,Reykjavík,Iceland,False,Away Win,1787.0,2083.0,-296.0,2020
2020-11-06,Ethiopia,Sudan,2.0,2.0,Friendly,Addis Ababa,Ethiopia,False,Draw,1282.0,1299.0,-17.0,2020
2020-11-07,Bahrain,Tajikistan,1.0,0.0,Friendly,Dubai,United Arab Emirates,True,Home Win,1510.0,1236.0,274.0,2020
2020-11-11,France,Finland,0.0,2.0,Friendly,Paris,France,False,Away Win,2079.0,1652.0,427.0,2020
2020-11-11,Belgium,Switzerland,2.0,1.0,Friendly,Leuven,Belgium,False,Home Win,2083.0,1866.0,217.0,2020
2020-11-11,Denmark,Sweden,2.0,0.0,Friendly,Brondbyvester,Denmark,False,Home Win,1869.0,1826.0,43.0,2020
2020-11-11,Albania,Kosovo,2.0,1.0,Friendly,Elbasan,Albania,False,Home Win,1499.0,1524.0,-25.0,2020
2020-11-11,Montenegro,Kazakhstan,0.0,0.0,Friendly,Podgorica,Montenegro,False,Draw,1558.0,1360.0,198.0,2020
2020-11-11,Germany,Czechia,1.0,0.0,Friendly,Leipzig,Germany,False,Home Win,1956.0,1744.0,212.0,2020
2020-11-11,Italy,Estonia,4.0,0.0,Friendly,Florence,Italy,False,Home Win,1982.0,1372.0,610.0,2020
2020-11-11,Luxembourg,Austria,0.0,3.0,Friendly,Luxembourg,Luxembourg,False,Away Win,1335.0,1741.0,-406.0,2020
2020-11-11,Greece,Cyprus,2.0,1.0,Friendly,Athens,Greece,False,Home Win,1628.0,1341.0,287.0,2020
2020-11-11,Malta,Liechtenstein,3.0,0.0,Friendly,Ta' Qali,Malta,False,Home Win,1164.0,1166.0,-2.0,2020
2020-11-11,Romania,Belarus,5.0,3.0,Friendly,Ploiești,Romania,False,Home Win,1750.0,1493.0,257.0,2020
2020-11-11,Netherlands,Spain,1.0,1.0,Friendly,Amsterdam,Netherlands,False,Draw,1978.0,2045.0,-67.0,2020
2020-11-11,Bulgaria,Gibraltar,3.0,0.0,Friendly,Sofia,Bulgaria,False,Home Win,1558.0,1082.0,476.0,2020
2020-11-11,Portugal,Andorra,7.0,0.0,Friendly,Lisbon,Portugal,False,Home Win,2028.0,1096.0,932.0,2020
2020-11-11,Turkey,Croatia,3.0,3.0,Friendly,Istanbul,Turkey,False,Draw,1759.0,1902.0,-143.0,2020
2020-11-11,Poland,Ukraine,2.0,0.0,Friendly,Chorzów,Poland,False,Home Win,1812.0,1851.0,-39.0,2020
2020-11-11,Slovenia,Azerbaijan,0.0,0.0,Friendly,Ljubljana,Slovenia,False,Draw,1584.0,1376.0,208.0,2020
2020-11-11,Mauritania,Burundi,1.0,1.0,African Cup of Nations qualification,Nouakchott,Mauritania,False,Draw,1379.0,1269.0,110.0,2020
2020-11-11,Kenya,Comoros,1.0,1.0,African Cup of Nations qualification,Nairobi,Kenya,False,Draw,1372.0,1090.0,282.0,2020
2020-11-11,Guinea,Chad,1.0,0.0,African Cup of Nations qualification,Conakry,Guinea,False,Home Win,1534.0,1250.0,284.0,2020
2020-11-11,Senegal,Guinea-Bissau,2.0,0.0,African Cup of Nations qualification,Thiès,Senegal,False,Home Win,1749.0,1309.0,440.0,2020
2020-11-12,Bolivia,Ecuador,2.0,3.0,FIFA World Cup qualification,La Paz,Bolivia,False,Away Win,1706.0,1726.0,-20.0,2020
2020-11-12,Hungary,Iceland,2.0,1.0,UEFA Euro qualification,Budapest,Hungary,False,Home Win,1635.0,1787.0,-152.0,2020
2020-11-12,Serbia,Scotland,1.0,1.0,UEFA Euro qualification,Belgrade,Serbia,False,Draw,1763.0,1639.0,124.0,2020
2020-11-12,England,Ireland,3.0,0.0,Friendly,London,England,False,Home Win,1940.0,1695.0,245.0,2020
2020-11-12,Jordan,Iraq,0.0,0.0,Friendly,Dubai,United Arab Emirates,True,Draw,1478.0,1599.0,-121.0,2020
2020-11-12,Uzbekistan,Syria,0.0,1.0,Friendly,Sharjah,United Arab Emirates,True,Away Win,1580.0,1486.0,94.0,2020
2020-11-12,Cameroon,Mozambique,4.0,1.0,African Cup of Nations qualification,Douala,Cameroon,False,Home Win,1691.0,1311.0,380.0,2020
2020-11-12,Argentina,Paraguay,1.0,1.0,FIFA World Cup qualification,Buenos Aires,Argentina,False,Draw,1983.0,1738.0,245.0,2020
2020-11-12,Gabon,Gambia,2.0,1.0,African Cup of Nations qualification,Franceville,Gabon,False,Home Win,1404.0,1303.0,101.0,2020
2020-11-12,Zambia,Botswana,2.0,1.0,African Cup of Nations qualification,Lusaka,Zambia,False,Home Win,1437.0,1313.0,124.0,2020
2020-11-12,Algeria,Zimbabwe,3.0,1.0,African Cup of Nations qualification,Algiers,Algeria,False,Home Win,1702.0,1408.0,294.0,2020
2020-11-12,Congo,Eswatini,2.0,0.0,African Cup of Nations qualification,Brazzaville,Congo,False,Home Win,1403.0,1255.0,148.0,2020
2020-11-12,Ghana,Sudan,2.0,0.0,African Cup of Nations qualification,Cape Coast,Ghana,False,Home Win,1617.0,1299.0,318.0,2020
2020-11-12,Lebanon,Bahrain,1.0,3.0,Friendly,Dubai,United Arab Emirates,True,Away Win,1407.0,1510.0,-103.0,2020
2020-11-13,Colombia,Uruguay,0.0,3.0,FIFA World Cup qualification,Barranquilla,Colombia,False,Away Win,1985.0,1876.0,109.0,2020
2020-11-13,Chile,Peru,2.0,0.0,FIFA World Cup qualification,Santiago,Chile,False,Home Win,1873.0,1906.0,-33.0,2020
2020-11-13,Japan,Panama,1.0,0.0,Friendly,Graz,Austria,True,Home Win,1750.0,1661.0,89.0,2020
2020-11-13,Bangladesh,Nepal,2.0,0.0,Friendly,Dhaka,Bangladesh,False,Home Win,809.0,923.0,-114.0,2020
2020-11-13,Mali,Namibia,1.0,0.0,African Cup of Nations qualification,Bamako,Mali,False,Home Win,1527.0,1381.0,146.0,2020
2020-11-13,Tunisia,Tanzania,1.0,0.0,African Cup of Nations qualification,Radès,Tunisia,False,Home Win,1619.0,1317.0,302.0,2020
2020-11-13,Niger,Ethiopia,1.0,0.0,African Cup of Nations qualification,Niamey,Niger,False,Home Win,1252.0,1282.0,-30.0,2020
2020-11-13,Brazil,Venezuela,1.0,0.0,FIFA World Cup qualification,São Paulo,Brazil,False,Home Win,2081.0,1829.0,252.0,2020
2020-11-14,Switzerland,Spain,1.0,1.0,UEFA Nations League,Basel,Switzerland,False,Draw,1866.0,2045.0,-179.0,2020
2020-11-14,Sweden,Croatia,2.0,1.0,UEFA Nations League,Stockholm,Sweden,False,Home Win,1826.0,1902.0,-76.0,2020
2020-11-14,Germany,Ukraine,3.0,1.0,UEFA Nations League,Leipzig,Germany,False,Home Win,1956.0,1851.0,105.0,2020
2020-11-14,Egypt,Togo,1.0,0.0,African Cup of Nations qualification,Cairo,Egypt,False,Home Win,1641.0,1395.0,246.0,2020
2020-11-14,Portugal,France,0.0,1.0,UEFA Nations League,Lisbon,Portugal,False,Away Win,2028.0,2079.0,-51.0,2020
2020-11-14,Cyprus,Luxembourg,2.0,1.0,UEFA Nations League,Nicosia,Cyprus,False,Home Win,1341.0,1335.0,6.0,2020
2020-11-14,Malta,Andorra,3.0,1.0,UEFA Nations League,Ta' Qali,Malta,False,Home Win,1164.0,1096.0,68.0,2020
2020-11-14,Benin,Lesotho,1.0,0.0,African Cup of Nations qualification,Porto-Novo,Benin,False,Home Win,1386.0,1316.0,70.0,2020
2020-11-14,Azerbaijan,Montenegro,0.0,0.0,UEFA Nations League,Zaprešić,Croatia,True,Draw,1376.0,1558.0,-182.0,2020
2020-11-15,Wales,Ireland,1.0,0.0,UEFA Nations League,Cardiff,Wales,False,Home Win,1805.0,1695.0,110.0,2020
2020-11-15,Italy,Poland,2.0,0.0,UEFA Nations League,Reggio Emilia,Italy,False,Home Win,1982.0,1812.0,170.0,2020
2020-11-15,Belgium,England,2.0,0.0,UEFA Nations League,Leuven,Belgium,False,Home Win,2083.0,1940.0,143.0,2020
2020-11-15,Denmark,Iceland,2.0,1.0,UEFA Nations League,Copenhagen,Denmark,False,Home Win,1869.0,1787.0,82.0,2020
2020-11-15,Romania,Norway,3.0,0.0,UEFA Nations League,Bucharest,Romania,False,Home Win,1750.0,1684.0,66.0,2020
2020-11-15,Slovakia,Scotland,1.0,0.0,UEFA Nations League,Trnava,Slovakia,False,Home Win,1734.0,1639.0,95.0,2020
2020-11-15,Czechia,Israel,1.0,0.0,UEFA Nations League,Plzeň,Czech Republic,False,Home Win,1744.0,1538.0,206.0,2020
2020-11-15,Bulgaria,Finland,1.0,2.0,UEFA Nations League,Sofia,Bulgaria,False,Away Win,1558.0,1652.0,-94.0,2020
2020-11-15,Hungary,Serbia,1.0,1.0,UEFA Nations League,Budapest,Hungary,False,Draw,1635.0,1763.0,-128.0,2020
2020-11-15,Turkey,Russia,3.0,2.0,UEFA Nations League,Istanbul,Turkey,False,Home Win,1759.0,1831.0,-72.0,2020
2020-11-15,Albania,Kazakhstan,3.0,1.0,UEFA Nations League,Tirana,Albania,False,Home Win,1499.0,1360.0,139.0,2020
2020-11-15,Guinea-Bissau,Senegal,0.0,1.0,African Cup of Nations qualification,Bissau,Guinea-Bissau,False,Away Win,1309.0,1749.0,-440.0,2020
2020-11-15,Belarus,Lithuania,2.0,0.0,UEFA Nations League,Minsk,Belarus,False,Home Win,1493.0,1342.0,151.0,2020
2020-11-15,Guatemala,Honduras,2.0,1.0,Friendly,Guatemala City,Guatemala,False,Home Win,1510.0,1626.0,-116.0,2020
2020-11-15,Chad,Guinea,1.0,1.0,African Cup of Nations qualification,N'Djamena,Chad,False,Draw,1250.0,1534.0,-284.0,2020
2020-11-15,Burundi,Mauritania,3.0,1.0,African Cup of Nations qualification,Bujumbura,Burundi,False,Home Win,1269.0,1379.0,-110.0,2020
2020-11-15,Comoros,Kenya,2.0,1.0,African Cup of Nations qualification,Moroni,Comoros,False,Home Win,1090.0,1372.0,-282.0,2020
2020-11-15,Slovenia,Kosovo,2.0,1.0,UEFA Nations League,Ljubljana,Slovenia,False,Home Win,1584.0,1524.0,60.0,2020
2020-11-15,Georgia,Armenia,1.0,2.0,UEFA Nations League,Tbilisi,Georgia,False,Away Win,1550.0,1463.0,87.0,2020
2020-11-16,Mozambique,Cameroon,0.0,2.0,African Cup of Nations qualification,Maputo,Mozambique,False,Away Win,1311.0,1691.0,-380.0,2020
2020-11-16,Jordan,Syria,1.0,0.0,Friendly,Sharjah,United Arab Emirates,True,Home Win,1478.0,1486.0,-8.0,2020
2020-11-16,Gambia,Gabon,2.0,1.0,African Cup of Nations qualification,Bakau,Gambia,False,Home Win,1303.0,1404.0,-101.0,2020
2020-11-16,Botswana,Zambia,1.0,0.0,African Cup of Nations qualification,Francistown,Botswana,False,Home Win,1313.0,1437.0,-124.0,2020
2020-11-16,Eswatini,Congo,0.0,0.0,African Cup of Nations qualification,Manzini,Eswatini,False,Draw,1255.0,1403.0,-148.0,2020
2020-11-16,Zimbabwe,Algeria,2.0,2.0,African Cup of Nations qualification,Harare,Zimbabwe,False,Draw,1408.0,1702.0,-294.0,2020
2020-11-17,Japan,Mexico,0.0,2.0,Friendly,Graz,Austria,True,Away Win,1750.0,1918.0,-168.0,2020
2020-11-17,Bangladesh,Nepal,0.0,0.0,Friendly,Dhaka,Bangladesh,False,Draw,809.0,923.0,-114.0,2020
2020-11-17,Gibraltar,Liechtenstein,1.0,1.0,UEFA Nations League,Gibraltar,Gibraltar,False,Draw,1082.0,1166.0,-84.0,2020
2020-11-17,Montenegro,Cyprus,4.0,0.0,UEFA Nations League,Podgorica,Montenegro,False,Home Win,1558.0,1341.0,217.0,2020
2020-11-17,Croatia,Portugal,2.0,3.0,UEFA Nations League,Split,Croatia,False,Away Win,1902.0,2028.0,-126.0,2020
2020-11-17,Switzerland,Ukraine,3.0,0.0,UEFA Nations League,Lucerne,Switzerland,False,Home Win,1866.0,1851.0,15.0,2020
2020-11-17,Spain,Germany,6.0,0.0,UEFA Nations League,Seville,Spain,False,Home Win,2045.0,1956.0,89.0,2020
2020-11-17,Luxembourg,Azerbaijan,0.0,0.0,UEFA Nations League,Luxembourg,Luxembourg,False,Draw,1335.0,1376.0,-41.0,2020
2020-11-17,France,Sweden,4.0,2.0,UEFA Nations League,Paris,France,False,Home Win,2079.0,1826.0,253.0,2020
2020-11-17,Uzbekistan,Iraq,1.0,2.0,Friendly,Dubai,United Arab Emirates,True,Away Win,1580.0,1599.0,-19.0,2020
2020-11-17,Andorra,Latvia,0.0,5.0,UEFA Nations League,Andorra la Vella,Andorra,False,Away Win,1096.0,1251.0,-155.0,2020
2020-11-17,Uruguay,Brazil,0.0,2.0,FIFA World Cup qualification,Montevideo,Uruguay,False,Away Win,1876.0,2081.0,-205.0,2020
2020-11-17,Peru,Argentina,0.0,2.0,FIFA World Cup qualification,Lima,Peru,False,Away Win,1906.0,1983.0,-77.0,2020
2020-11-17,Ecuador,Colombia,6.0,1.0,FIFA World Cup qualification,Quito,Ecuador,False,Home Win,1726.0,1985.0,-259.0,2020
2020-11-17,Ethiopia,Niger,3.0,0.0,African Cup of Nations qualification,Addis Ababa,Ethiopia,False,Home Win,1282.0,1252.0,30.0,2020
2020-11-17,Tanzania,Tunisia,1.0,1.0,African Cup of Nations qualification,Dar es Salaam,Tanzania,False,Draw,1317.0,1619.0,-302.0,2020
2020-11-17,Togo,Egypt,1.0,3.0,African Cup of Nations qualification,Lomé,Togo,False,Away Win,1395.0,1641.0,-246.0,2020
2020-11-17,Venezuela,Chile,2.0,1.0,FIFA World Cup qualification,Caracas,Venezuela,False,Home Win,1829.0,1873.0,-44.0,2020
2020-11-17,Namibia,Mali,1.0,2.0,African Cup of Nations qualification,Windhoek,Namibia,False,Away Win,1381.0,1527.0,-146.0,2020
2020-11-17,Lesotho,Benin,0.0,0.0,African Cup of Nations qualification,Maseru,Lesotho,False,Draw,1316.0,1386.0,-70.0,2020
2020-11-17,Paraguay,Bolivia,2.0,2.0,FIFA World Cup qualification,Asunción,Paraguay,False,Draw,1738.0,1706.0,32.0,2020
2020-11-17,Sudan,Ghana,1.0,0.0,African Cup of Nations qualification,Omdurman,Sudan,False,Home Win,1299.0,1617.0,-318.0,2020
2020-11-18,Hungary,Turkey,2.0,0.0,UEFA Nations League,Budapest,Hungary,False,Home Win,1635.0,1759.0,-124.0,2020
2020-11-18,Poland,Netherlands,1.0,2.0,UEFA Nations League,Chorzów,Poland,False,Away Win,1812.0,1978.0,-166.0,2020
2020-11-18,England,Iceland,4.0,0.0,UEFA Nations League,London,England,False,Home Win,1940.0,1787.0,153.0,2020
2020-11-18,Belgium,Denmark,4.0,2.0,UEFA Nations League,Leuven,Belgium,False,Home Win,2083.0,1869.0,214.0,2020
2020-11-18,Austria,Norway,1.0,1.0,UEFA Nations League,Vienna,Austria,False,Draw,1741.0,1684.0,57.0,2020
2020-11-18,Czechia,Slovakia,2.0,0.0,UEFA Nations League,Plzeň,Czech Republic,False,Home Win,1744.0,1734.0,10.0,2020
2020-11-18,Ireland,Bulgaria,0.0,0.0,UEFA Nations League,Dublin,Republic of Ireland,False,Draw,1695.0,1558.0,137.0,2020
2020-11-18,Israel,Scotland,1.0,0.0,UEFA Nations League,Netanya,Israel,False,Home Win,1538.0,1639.0,-101.0,2020
2020-11-18,Wales,Finland,3.0,1.0,UEFA Nations League,Cardiff,Wales,False,Home Win,1805.0,1652.0,153.0,2020
2020-11-18,Georgia,Estonia,0.0,0.0,UEFA Nations League,Tbilisi,Georgia,False,Draw,1550.0,1372.0,178.0,2020
2020-11-18,Greece,Slovenia,0.0,0.0,UEFA Nations League,Athens,Greece,False,Draw,1628.0,1584.0,44.0,2020
2020-11-18,Albania,Belarus,3.0,2.0,UEFA Nations League,Tirana,Albania,False,Home Win,1499.0,1493.0,6.0,2020
2020-11-18,Kazakhstan,Lithuania,1.0,2.0,UEFA Nations League,Almaty,Kazakhstan,False,Away Win,1360.0,1342.0,18.0,2020
2020-11-18,Serbia,Russia,5.0,0.0,UEFA Nations League,Belgrade,Serbia,False,Home Win,1763.0,1831.0,-68.0,2020
2020-12-04,Qatar,Bangladesh,5.0,0.0,FIFA World Cup qualification,Doha,Qatar,False,Home Win,1642.0,846.0,796.0,2020
2021-01-18,Kuwait,Palestine,0.0,1.0,Friendly,Kuwait City,Kuwait,False,Away Win,1426.0,1385.0,41.0,2021
2021-01-27,Iraq,Kuwait,2.0,1.0,Friendly,Basra,Iraq,False,Home Win,1628.0,1426.0,202.0,2021
2021-01-28,Panama,Serbia,0.0,0.0,Friendly,Panama City,Panama,False,Draw,1661.0,1763.0,-102.0,2021
2021-02-01,Jordan,Tajikistan,2.0,0.0,Friendly,Dubai,United Arab Emirates,True,Home Win,1478.0,1236.0,242.0,2021
2021-02-05,Jordan,Tajikistan,0.0,1.0,Friendly,Dubai,United Arab Emirates,True,Away Win,1478.0,1236.0,242.0,2021
2021-02-15,Jordan,Uzbekistan,0.0,2.0,Friendly,Dubai,United Arab Emirates,True,Away Win,1478.0,1552.0,-74.0,2021
2021-02-24,Guatemala,Nicaragua,1.0,0.0,Friendly,Guatemala City,Guatemala,False,Home Win,1510.0,1279.0,231.0,2021
2021-03-15,Kenya,Tanzania,2.0,1.0,Friendly,Nairobi,Kenya,False,Home Win,1372.0,1291.0,81.0,2021
2021-03-17,Ethiopia,Malawi,4.0,0.0,Friendly,Bahir Dar,Ethiopia,False,Home Win,1275.0,1337.0,-62.0,2021
2021-03-20,Oman,Jordan,0.0,0.0,Friendly,Dubai,United Arab Emirates,True,Draw,1519.0,1478.0,41.0,2021
2021-03-24,Belarus,Honduras,1.0,1.0,Friendly,Zhodzina,Belarus,False,Draw,1493.0,1626.0,-133.0,2021
2021-03-24,Jordan,Lebanon,1.0,0.0,Friendly,Dubai,United Arab Emirates,True,Home Win,1478.0,1407.0,71.0,2021
2021-03-24,Kosovo,Lithuania,4.0,0.0,Friendly,Pristina,Kosovo,False,Home Win,1524.0,1342.0,182.0,2021
2021-03-24,Qatar,Luxembourg,1.0,0.0,Friendly,Debrecen,Hungary,True,Home Win,1642.0,1362.0,280.0,2021
2021-03-24,Guatemala,Cuba,1.0,0.0,FIFA World Cup qualification,Guatemala City,Guatemala,False,Home Win,1510.0,1268.0,242.0,2021
2021-03-24,Estonia,Czechia,2.0,6.0,FIFA World Cup qualification,Lublin,Poland,True,Away Win,1372.0,1744.0,-372.0,2021
2021-03-24,Serbia,Ireland,3.0,2.0,FIFA World Cup qualification,Belgrade,Serbia,False,Home Win,1763.0,1695.0,68.0,2021
2021-03-24,France,Ukraine,1.0,1.0,FIFA World Cup qualification,Paris,France,False,Draw,2092.0,1851.0,241.0,2021
2021-03-24,Belgium,Wales,3.0,1.0,FIFA World Cup qualification,Leuven,Belgium,False,Home Win,2083.0,1805.0,278.0,2021
2021-03-24,Portugal,Azerbaijan,1.0,0.0,FIFA World Cup qualification,Turin,Italy,True,Home Win,2038.0,1383.0,655.0,2021
2021-03-24,Ethiopia,Madagascar,4.0,0.0,African Cup of Nations qualification,Bahir Dar,Ethiopia,False,Home Win,1275.0,1422.0,-147.0,2021
2021-03-24,Gibraltar,Norway,0.0,3.0,FIFA World Cup qualification,Gibraltar,Gibraltar,False,Away Win,1095.0,1684.0,-589.0,2021
2021-03-24,Latvia,Montenegro,1.0,2.0,FIFA World Cup qualification,Riga,Latvia,False,Away Win,1261.0,1531.0,-270.0,2021
2021-03-24,Malta,Russia,1.0,3.0,FIFA World Cup qualification,Ta' Qali,Malta,False,Away Win,1215.0,1831.0,-616.0,2021
2021-03-24,Slovenia,Croatia,1.0,0.0,FIFA World Cup qualification,Ljubljana,Slovenia,False,Home Win,1584.0,1859.0,-275.0,2021
2021-03-24,Cyprus,Slovakia,0.0,0.0,FIFA World Cup qualification,Nicosia,Cyprus,False,Draw,1326.0,1734.0,-408.0,2021
2021-03-24,Chad,Namibia,0.0,3.0,African Cup of Nations qualification,N'Djamena,Chad,False,Away Win,1250.0,1312.0,-62.0,2021
2021-03-24,Guinea,Mali,1.0,0.0,African Cup of Nations qualification,Clermont-Ferrand,France,True,Home Win,1534.0,1574.0,-40.0,2021
2021-03-24,Rwanda,Mozambique,1.0,0.0,African Cup of Nations qualification,Kigali,Rwanda,False,Home Win,1267.0,1311.0,-44.0,2021
2021-03-24,Turkey,Netherlands,4.0,2.0,FIFA World Cup qualification,Istanbul,Turkey,False,Home Win,1759.0,1978.0,-219.0,2021
2021-03-25,Bulgaria,Switzerland,1.0,3.0,FIFA World Cup qualification,Sofia,Bulgaria,False,Away Win,1558.0,1866.0,-308.0,2021
2021-03-25,Sweden,Georgia,1.0,0.0,FIFA World Cup qualification,Stockholm,Sweden,False,Home Win,1820.0,1550.0,270.0,2021
2021-03-25,Spain,Greece,1.0,1.0,FIFA World Cup qualification,Granada,Spain,False,Draw,2049.0,1628.0,421.0,2021
2021-03-25,Haiti,Belize,2.0,0.0,FIFA World Cup qualification,Port-au-Prince,Haiti,False,Home Win,1521.0,1199.0,322.0,2021
2021-03-25,Bahrain,Syria,3.0,1.0,Friendly,Isa Town,Bahrain,False,Home Win,1510.0,1486.0,24.0,2021
2021-03-25,Canada,Bermuda,5.0,1.0,FIFA World Cup qualification,Orlando,United States,True,Home Win,1565.0,1299.0,266.0,2021
2021-03-25,India,Oman,1.0,1.0,Friendly,Dubai,United Arab Emirates,True,Draw,1192.0,1519.0,-327.0,2021
2021-03-25,Scotland,Austria,2.0,2.0,FIFA World Cup qualification,Glasgow,Scotland,False,Draw,1639.0,1741.0,-102.0,2021
2021-03-25,Panama,Barbados,1.0,0.0,FIFA World Cup qualification,Santo Domingo,Dominican Republic,True,Home Win,1661.0,1103.0,558.0,2021
2021-03-25,Hungary,Poland,3.0,3.0,FIFA World Cup qualification,Budapest,Hungary,False,Draw,1635.0,1812.0,-177.0,2021
2021-03-25,Israel,Denmark,0.0,2.0,FIFA World Cup qualification,Tel Aviv,Israel,False,Away Win,1538.0,1869.0,-331.0,2021
2021-03-25,Kenya,Egypt,1.0,1.0,African Cup of Nations qualification,Nairobi,Kenya,False,Draw,1372.0,1601.0,-229.0,2021
2021-03-25,Tajikistan,Mongolia,3.0,0.0,FIFA World Cup qualification,Dushanbe,Tajikistan,False,Home Win,1236.0,733.0,503.0,2021
2021-03-25,Zambia,Algeria,3.0,3.0,African Cup of Nations qualification,Lusaka,Zambia,False,Draw,1437.0,1702.0,-265.0,2021
2021-03-25,Botswana,Zimbabwe,0.0,1.0,African Cup of Nations qualification,Francistown,Botswana,False,Away Win,1313.0,1408.0,-95.0,2021
2021-03-25,Libya,Tunisia,2.0,5.0,African Cup of Nations qualification,Benina,Libya,False,Away Win,1463.0,1615.0,-152.0,2021
2021-03-25,Comoros,Togo,0.0,0.0,African Cup of Nations qualification,Moroni,Comoros,False,Draw,1090.0,1292.0,-202.0,2021
2021-03-25,Gambia,Angola,1.0,0.0,African Cup of Nations qualification,Bakau,Gambia,False,Home Win,1303.0,1349.0,-46.0,2021
2021-03-25,Liechtenstein,Armenia,0.0,1.0,FIFA World Cup qualification,Vaduz,Liechtenstein,False,Away Win,1115.0,1463.0,-348.0,2021
2021-03-25,Germany,Iceland,3.0,0.0,FIFA World Cup qualification,Duisburg,Germany,False,Home Win,1955.0,1787.0,168.0,2021
2021-03-25,Andorra,Albania,0.0,1.0,FIFA World Cup qualification,Andorra la Vella,Andorra,False,Away Win,1037.0,1499.0,-462.0,2021
2021-03-26,Mauritania,Morocco,0.0,0.0,African Cup of Nations qualification,Nouakchott,Mauritania,False,Draw,1379.0,1681.0,-302.0,2021
2021-03-26,Chile,Bolivia,2.0,1.0,Friendly,Rancagua,Chile,False,Home Win,1813.0,1582.0,231.0,2021
2021-03-26,Congo,Senegal,0.0,0.0,African Cup of Nations qualification,Brazzaville,Congo,False,Draw,1403.0,1749.0,-346.0,2021
2021-03-26,Eswatini,Guinea-Bissau,1.0,3.0,African Cup of Nations qualification,Manzini,Eswatini,False,Away Win,1255.0,1309.0,-54.0,2021
2021-03-27,Serbia,Portugal,2.0,2.0,FIFA World Cup qualification,Belgrade,Serbia,False,Draw,1763.0,2038.0,-275.0,2021
2021-03-27,Nepal,Bangladesh,0.0,0.0,Friendly,Kathmandu,Nepal,False,Draw,909.0,846.0,63.0,2021
2021-03-27,Qatar,Azerbaijan,2.0,1.0,Friendly,Debrecen,Hungary,True,Home Win,1642.0,1383.0,259.0,2021
2021-03-27,Belarus,Estonia,4.0,2.0,FIFA World Cup qualification,Minsk,Belarus,False,Home Win,1493.0,1372.0,121.0,2021
2021-03-27,Aruba,Suriname,0.0,6.0,FIFA World Cup qualification,Bradenton,United States,True,Away Win,929.0,1257.0,-328.0,2021
2021-03-27,Ireland,Luxembourg,0.0,1.0,FIFA World Cup qualification,Dublin,Republic of Ireland,False,Away Win,1695.0,1362.0,333.0,2021
2021-03-27,Russia,Slovenia,2.0,1.0,FIFA World Cup qualification,Sochi,Russia,False,Home Win,1831.0,1584.0,247.0,2021
2021-03-27,Wales,Mexico,1.0,0.0,Friendly,Cardiff,Wales,False,Home Win,1805.0,1928.0,-123.0,2021
2021-03-27,Netherlands,Latvia,2.0,0.0,FIFA World Cup qualification,Amsterdam,Netherlands,False,Home Win,1978.0,1261.0,717.0,2021
2021-03-27,Norway,Turkey,0.0,3.0,FIFA World Cup qualification,Málaga,Spain,True,Away Win,1684.0,1759.0,-75.0,2021
2021-03-27,Benin,Nigeria,0.0,1.0,African Cup of Nations qualification,Porto-Novo,Benin,False,Away Win,1476.0,1668.0,-192.0,2021
2021-03-27,Croatia,Cyprus,1.0,0.0,FIFA World Cup qualification,Rijeka,Croatia,False,Home Win,1859.0,1326.0,533.0,2021
2021-03-27,Slovakia,Malta,2.0,2.0,FIFA World Cup qualification,Trnava,Slovakia,False,Draw,1734.0,1215.0,519.0,2021
2021-03-27,Montenegro,Gibraltar,4.0,1.0,FIFA World Cup qualification,Podgorica,Montenegro,False,Home Win,1531.0,1095.0,436.0,2021
2021-03-27,Czechia,Belgium,1.0,1.0,FIFA World Cup qualification,Prague,Czech Republic,False,Draw,1744.0,2083.0,-339.0,2021
2021-03-28,Ukraine,Finland,1.0,1.0,FIFA World Cup qualification,Kyiv,Ukraine,False,Draw,1851.0,1652.0,199.0,2021
2021-03-28,Greece,Honduras,2.0,1.0,Friendly,Thessaloniki,Greece,False,Home Win,1628.0,1626.0,2.0,2021
2021-03-28,Cuba,Curaçao,1.0,2.0,FIFA World Cup qualification,Guatemala City,Guatemala,True,Away Win,1268.0,1267.0,1.0,2021
2021-03-28,Dominica,Panama,1.0,2.0,FIFA World Cup qualification,Santo Domingo,Dominican Republic,True,Away Win,968.0,1661.0,-693.0,2021
2021-03-28,Georgia,Spain,1.0,2.0,FIFA World Cup qualification,Tbilisi,Georgia,False,Away Win,1550.0,2049.0,-499.0,2021
2021-03-28,Kosovo,Sweden,0.0,3.0,FIFA World Cup qualification,Pristina,Kosovo,False,Away Win,1524.0,1820.0,-296.0,2021
2021-03-28,Switzerland,Lithuania,1.0,0.0,FIFA World Cup qualification,St. Gallen,Switzerland,False,Home Win,1866.0,1342.0,524.0,2021
2021-03-28,Bulgaria,Italy,0.0,2.0,FIFA World Cup qualification,Sofia,Bulgaria,False,Away Win,1558.0,1982.0,-424.0,2021
2021-03-28,Kazakhstan,France,0.0,2.0,FIFA World Cup qualification,Astana,Kazakhstan,False,Away Win,1360.0,2092.0,-732.0,2021
2021-03-28,Israel,Scotland,1.0,1.0,FIFA World Cup qualification,Tel Aviv,Israel,False,Draw,1538.0,1639.0,-101.0,2021
2021-03-28,Albania,England,0.0,2.0,FIFA World Cup qualification,Tirana,Albania,False,Away Win,1499.0,1940.0,-441.0,2021
2021-03-28,Poland,Andorra,3.0,0.0,FIFA World Cup qualification,Warsaw,Poland,False,Home Win,1812.0,1037.0,775.0,2021
2021-03-28,Armenia,Iceland,2.0,0.0,FIFA World Cup qualification,Yerevan,Armenia,False,Home Win,1463.0,1787.0,-324.0,2021
2021-03-28,Romania,Germany,0.0,1.0,FIFA World Cup qualification,Bucharest,Romania,False,Away Win,1750.0,1955.0,-205.0,2021
2021-03-28,Namibia,Guinea,2.0,1.0,African Cup of Nations qualification,Windhoek,Namibia,False,Home Win,1312.0,1534.0,-222.0,2021
2021-03-28,Mali,Chad,3.0,0.0,African Cup of Nations qualification,Bamako,Mali,False,Home Win,1574.0,1250.0,324.0,2021
2021-03-28,Tanzania,Libya,1.0,0.0,African Cup of Nations qualification,Dar es Salaam,Tanzania,False,Home Win,1291.0,1463.0,-172.0,2021
2021-03-29,Malawi,Uganda,1.0,0.0,African Cup of Nations qualification,Lilongwe,Malawi,False,Home Win,1337.0,1463.0,-126.0,2021
2021-03-29,Ecuador,Bolivia,2.0,1.0,Friendly,Guayaquil,Ecuador,False,Home Win,1826.0,1582.0,244.0,2021
2021-03-29,Kuwait,Lebanon,1.0,1.0,Friendly,Dubai,United Arab Emirates,True,Draw,1426.0,1407.0,19.0,2021
2021-03-29,Uzbekistan,Iraq,0.0,1.0,Friendly,Tashkent,Uzbekistan,False,Away Win,1552.0,1628.0,-76.0,2021
2021-03-29,Nepal,Bangladesh,2.0,1.0,Friendly,Kathmandu,Nepal,False,Home Win,909.0,846.0,63.0,2021
2021-03-29,Angola,Gabon,2.0,0.0,African Cup of Nations qualification,Luanda,Angola,False,Home Win,1349.0,1404.0,-55.0,2021
2021-03-29,Egypt,Comoros,4.0,0.0,African Cup of Nations qualification,Cairo,Egypt,False,Home Win,1601.0,1090.0,511.0,2021
2021-03-29,Algeria,Botswana,5.0,0.0,African Cup of Nations qualification,Algiers,Algeria,False,Home Win,1702.0,1313.0,389.0,2021
2021-03-29,Zimbabwe,Zambia,0.0,2.0,African Cup of Nations qualification,Harare,Zimbabwe,False,Away Win,1408.0,1437.0,-29.0,2021
2021-03-29,Togo,Kenya,1.0,2.0,African Cup of Nations qualification,Lomé,Togo,False,Away Win,1292.0,1372.0,-80.0,2021
2021-03-30,Barbados,Anguilla,1.0,0.0,FIFA World Cup qualification,Santo Domingo,Dominican Republic,True,Home Win,1103.0,547.0,556.0,2021
2021-03-30,Wales,Czechia,1.0,0.0,FIFA World Cup qualification,Cardiff,Wales,False,Home Win,1805.0,1744.0,61.0,2021
2021-03-30,Luxembourg,Portugal,1.0,3.0,FIFA World Cup qualification,Luxembourg,Luxembourg,False,Away Win,1362.0,2038.0,-676.0,2021
2021-03-30,Ireland,Qatar,1.0,1.0,Friendly,Debrecen,Hungary,True,Draw,1695.0,1642.0,53.0,2021
2021-03-30,Bermuda,Aruba,5.0,0.0,FIFA World Cup qualification,Bradenton,United States,True,Home Win,1299.0,929.0,370.0,2021
2021-03-30,Gibraltar,Netherlands,0.0,7.0,FIFA World Cup qualification,Gibraltar,Gibraltar,False,Away Win,1095.0,1978.0,-883.0,2021
2021-03-30,Iran,Syria,3.0,0.0,Friendly,Tehran,Iran,False,Home Win,1796.0,1486.0,310.0,2021
2021-03-30,Bahrain,Jordan,1.0,2.0,Friendly,Riffa,Bahrain,False,Away Win,1510.0,1478.0,32.0,2021
2021-03-30,Belgium,Belarus,8.0,0.0,FIFA World Cup qualification,Leuven,Belgium,False,Home Win,2083.0,1493.0,590.0,2021
2021-03-30,Guinea-Bissau,Congo,3.0,0.0,African Cup of Nations qualification,Bissau,Guinea-Bissau,False,Home Win,1309.0,1403.0,-94.0,2021
2021-03-30,Azerbaijan,Serbia,1.0,2.0,FIFA World Cup qualification,Baku,Azerbaijan,False,Away Win,1383.0,1763.0,-380.0,2021
2021-03-30,Turkey,Latvia,3.0,3.0,FIFA World Cup qualification,Istanbul,Turkey,False,Draw,1759.0,1261.0,498.0,2021
2021-03-30,Nigeria,Lesotho,3.0,0.0,African Cup of Nations qualification,Lagos,Nigeria,False,Home Win,1668.0,1293.0,375.0,2021
2021-03-30,Madagascar,Niger,0.0,0.0,African Cup of Nations qualification,Toamasina,Madagascar,False,Draw,1422.0,1254.0,168.0,2021
2021-03-30,Montenegro,Norway,0.0,1.0,FIFA World Cup qualification,Podgorica,Montenegro,False,Away Win,1531.0,1684.0,-153.0,2021
2021-03-30,Cameroon,Rwanda,0.0,0.0,African Cup of Nations qualification,Douala,Cameroon,False,Draw,1691.0,1267.0,424.0,2021
2021-03-30,Senegal,Eswatini,1.0,1.0,African Cup of Nations qualification,Thiès,Senegal,False,Draw,1749.0,1255.0,494.0,2021
2021-03-30,Japan,Mongolia,14.0,0.0,FIFA World Cup qualification,Chiba,Japan,False,Home Win,1745.0,733.0,1012.0,2021
2021-03-30,Slovakia,Russia,2.0,1.0,FIFA World Cup qualification,Trnava,Slovakia,False,Home Win,1734.0,1831.0,-97.0,2021
2021-03-30,Croatia,Malta,3.0,0.0,FIFA World Cup qualification,Rijeka,Croatia,False,Home Win,1859.0,1215.0,644.0,2021
2021-03-30,Cyprus,Slovenia,1.0,0.0,FIFA World Cup qualification,Nicosia,Cyprus,False,Home Win,1326.0,1584.0,-258.0,2021
2021-03-30,Morocco,Burundi,1.0,0.0,African Cup of Nations qualification,Rabat,Morocco,False,Home Win,1681.0,1269.0,412.0,2021
2021-03-31,Ukraine,Kazakhstan,1.0,1.0,FIFA World Cup qualification,Kyiv,Ukraine,False,Draw,1837.0,1332.0,505.0,2021
2021-03-31,Sweden,Estonia,1.0,0.0,Friendly,Stockholm,Sweden,False,Home Win,1838.0,1372.0,466.0,2021
2021-03-31,Switzerland,Finland,3.0,2.0,Friendly,St. Gallen,Switzerland,False,Home Win,1882.0,1711.0,171.0,2021
2021-03-31,Spain,Kosovo,3.0,1.0,FIFA World Cup qualification,Seville,Spain,False,Home Win,2034.0,1484.0,550.0,2021
2021-03-31,Greece,Georgia,1.0,1.0,FIFA World Cup qualification,Thessaloniki,Greece,False,Draw,1650.0,1500.0,150.0,2021
2021-03-31,Lithuania,Italy,0.0,2.0,FIFA World Cup qualification,Vilnius,Lithuania,False,Away Win,1360.0,2006.0,-646.0,2021
2021-03-31,England,Poland,2.0,1.0,FIFA World Cup qualification,London,England,False,Home Win,1970.0,1814.0,156.0,2021
2021-03-31,Andorra,Hungary,1.0,4.0,FIFA World Cup qualification,Andorra la Vella,Andorra,False,Away Win,1034.0,1743.0,-709.0,2021
2021-03-31,Armenia,Romania,3.0,2.0,FIFA World Cup qualification,Yerevan,Armenia,False,Home Win,1558.0,1666.0,-108.0,2021
2021-03-31,Liechtenstein,Iceland,1.0,4.0,FIFA World Cup qualification,Vaduz,Liechtenstein,False,Away Win,1106.0,1596.0,-490.0,2021
2021-03-31,Austria,Denmark,0.0,4.0,FIFA World Cup qualification,Vienna,Austria,False,Away Win,1786.0,1939.0,-153.0,2021
2021-05-23,Ukraine,Bahrain,1.0,1.0,Friendly,Kharkiv,Ukraine,False,Draw,1837.0,1510.0,327.0,2021
2021-05-24,Iraq,Tajikistan,0.0,0.0,Friendly,Basra,Iraq,False,Draw,1628.0,1236.0,392.0,2021
2021-05-25,Indonesia,Afghanistan,2.0,3.0,Friendly,Dubai,United Arab Emirates,True,Away Win,1120.0,1140.0,-20.0,2021
2021-05-25,Oman,Thailand,1.0,0.0,Friendly,Dubai,United Arab Emirates,True,Home Win,1519.0,1361.0,158.0,2021
2021-05-27,Turkey,Azerbaijan,2.0,1.0,Friendly,Alanya,Turkey,False,Home Win,1759.0,1383.0,376.0,2021
2021-05-28,Bahrain,Malaysia,2.0,0.0,Friendly,Riffa,Bahrain,False,Home Win,1510.0,1204.0,306.0,2021
2021-05-28,Japan,Myanmar,10.0,0.0,FIFA World Cup qualification,Chiba,Japan,False,Home Win,1745.0,1050.0,695.0,2021
2021-05-29,Mexico,Iceland,2.0,1.0,Friendly,Arlington,United States,True,Home Win,1928.0,1596.0,332.0,2021
2021-05-29,Indonesia,Oman,1.0,3.0,Friendly,Dubai,United Arab Emirates,True,Away Win,1120.0,1519.0,-399.0,2021
2021-05-29,Iraq,Nepal,6.0,2.0,Friendly,Basra,Iraq,False,Home Win,1630.0,909.0,721.0,2021
2021-05-29,Sweden,Finland,2.0,0.0,Friendly,Stockholm,Sweden,False,Home Win,1838.0,1711.0,127.0,2021
2021-05-29,Thailand,Tajikistan,2.0,2.0,Friendly,Sharjah,United Arab Emirates,True,Draw,1361.0,1251.0,110.0,2021
2021-05-29,Singapore,Afghanistan,1.0,1.0,Friendly,Dubai,United Arab Emirates,True,Draw,1161.0,1140.0,21.0,2021
2021-05-30,China,Guam,7.0,0.0,FIFA World Cup qualification,Suzhou,China,False,Home Win,1517.0,736.0,781.0,2021
2021-05-31,Jordan,Vietnam,1.0,1.0,Friendly,Sharjah,United Arab Emirates,True,Draw,1476.0,1411.0,65.0,2021
2021-05-31,Turkey,Guinea,0.0,0.0,Friendly,Antalya,Turkey,False,Draw,1759.0,1433.0,326.0,2021
2021-06-01,Croatia,Armenia,1.0,1.0,Friendly,Velika Gorica,Croatia,False,Draw,1859.0,1558.0,301.0,2021
2021-06-01,Poland,Russia,1.0,1.0,Friendly,Wrocław,Poland,False,Draw,1814.0,1831.0,-17.0,2021
2021-06-01,Slovakia,Bulgaria,1.0,1.0,Friendly,Ried im Innkreis,Austria,True,Draw,1734.0,1488.0,246.0,2021
2021-06-01,Lithuania,Estonia,0.0,1.0,Baltic Cup,Vilnius,Lithuania,False,Away Win,1360.0,1372.0,-12.0,2021
2021-06-02,Norway,Luxembourg,1.0,0.0,Friendly,Málaga,Spain,True,Home Win,1684.0,1362.0,322.0,2021
2021-06-02,Mozambique,Lesotho,5.0,0.0,Friendly,Maputo,Mozambique,False,Home Win,1311.0,1293.0,18.0,2021
2021-06-02,England,Austria,1.0,0.0,Friendly,London,England,False,Home Win,1970.0,1786.0,184.0,2021
2021-06-02,France,Wales,3.0,0.0,Friendly,Nice,France,False,Home Win,2077.0,1805.0,272.0,2021
2021-06-02,Belarus,Azerbaijan,1.0,2.0,Friendly,Minsk,Belarus,False,Away Win,1493.0,1383.0,110.0,2021
2021-06-02,Germany,Denmark,1.0,1.0,Friendly,Innsbruck,Austria,True,Draw,1971.0,1939.0,32.0,2021
2021-06-02,Romania,Georgia,1.0,2.0,Friendly,Ploiești,Romania,False,Away Win,1666.0,1500.0,166.0,2021
2021-06-02,Dominica,Anguilla,3.0,0.0,FIFA World Cup qualification,Santo Domingo,Dominican Republic,True,Home Win,1012.0,547.0,465.0,2021
2021-06-02,Netherlands,Scotland,2.0,2.0,Friendly,São João da Venda,Portugal,True,Draw,1978.0,1662.0,316.0,2021
2021-06-03,Switzerland,Liechtenstein,7.0,0.0,Friendly,St. Gallen,Switzerland,False,Home Win,1882.0,1106.0,776.0,2021
2021-06-03,Nepal,Taiwan,2.0,0.0,FIFA World Cup qualification,Kuwait City,Kuwait,True,Home Win,909.0,943.0,-34.0,2021
2021-06-03,Belgium,Greece,1.0,1.0,Friendly,Brussels,Belgium,False,Draw,2083.0,1650.0,433.0,2021
2021-06-03,Peru,Colombia,0.0,3.0,FIFA World Cup qualification,Lima,Peru,False,Away Win,1792.0,1896.0,-104.0,2021
2021-06-03,Algeria,Mauritania,4.0,1.0,Friendly,Blida,Algeria,False,Home Win,1702.0,1379.0,323.0,2021
2021-06-03,Bangladesh,Afghanistan,1.0,1.0,FIFA World Cup qualification,Doha,Qatar,True,Draw,846.0,1140.0,-294.0,2021
2021-06-03,Andorra,Ireland,1.0,4.0,Friendly,Andorra la Vella,Andorra,False,Away Win,1034.0,1695.0,-661.0,2021
2021-06-03,Palestine,Singapore,4.0,0.0,FIFA World Cup qualification,Riyadh,Saudi Arabia,True,Home Win,1385.0,1161.0,224.0,2021
2021-06-03,Kuwait,Australia,0.0,3.0,FIFA World Cup qualification,Kuwait City,Kuwait,False,Away Win,1426.0,1722.0,-296.0,2021
2021-06-03,Thailand,Indonesia,2.0,2.0,FIFA World Cup qualification,Dubai,United Arab Emirates,True,Draw,1361.0,1120.0,241.0,2021
2021-06-03,Qatar,India,1.0,0.0,FIFA World Cup qualification,Doha,Qatar,False,Home Win,1642.0,1192.0,450.0,2021
2021-06-03,Bahrain,Cambodia,8.0,0.0,FIFA World Cup qualification,Riffa,Bahrain,False,Home Win,1510.0,840.0,670.0,2021
2021-06-03,Argentina,Chile,1.0,1.0,FIFA World Cup qualification,Santiago del Estero,Argentina,False,Draw,1994.0,1813.0,181.0,2021
2021-06-03,Bolivia,Venezuela,3.0,1.0,FIFA World Cup qualification,La Paz,Bolivia,False,Home Win,1582.0,1801.0,-219.0,2021
2021-06-03,Uruguay,Paraguay,0.0,0.0,FIFA World Cup qualification,Montevideo,Uruguay,False,Draw,1953.0,1769.0,184.0,2021
2021-06-04,Brazil,Ecuador,2.0,0.0,FIFA World Cup qualification,Porto Alegre,Brazil,False,Home Win,2135.0,1826.0,309.0,2021
2021-06-04,Finland,Estonia,0.0,1.0,Friendly,Helsinki,Finland,False,Away Win,1711.0,1372.0,339.0,2021
2021-06-04,Hungary,Cyprus,1.0,0.0,Friendly,Budapest,Hungary,False,Home Win,1743.0,1326.0,417.0,2021
2021-06-04,Kosovo,Malta,2.0,1.0,Friendly,Klagenfurt,Austria,True,Home Win,1484.0,1215.0,269.0,2021
2021-06-04,Nigeria,Cameroon,0.0,1.0,Friendly,Wiener Neustadt,Austria,True,Away Win,1668.0,1691.0,-23.0,2021
2021-06-04,Maldives,Syria,0.0,4.0,FIFA World Cup qualification,Sharjah,United Arab Emirates,True,Away Win,949.0,1486.0,-537.0,2021
2021-06-04,Spain,Portugal,0.0,0.0,Friendly,Madrid,Spain,False,Draw,2034.0,2038.0,-4.0,2021
2021-06-04,Latvia,Lithuania,3.0,1.0,Baltic Cup,Riga,Latvia,False,Home Win,1261.0,1360.0,-99.0,2021
2021-06-04,Suriname,Bermuda,6.0,0.0,FIFA World Cup qualification,Paramaribo,Suriname,False,Home Win,1257.0,1299.0,-42.0,2021
2021-06-04,Nicaragua,Belize,3.0,0.0,FIFA World Cup qualification,Managua,Nicaragua,False,Home Win,1279.0,1199.0,80.0,2021
2021-06-04,Slovenia,Gibraltar,6.0,0.0,Friendly,Koper,Slovenia,False,Home Win,1584.0,1095.0,489.0,2021
2021-06-04,Italy,Czechia,4.0,0.0,Friendly,Bologna,Italy,False,Home Win,2006.0,1744.0,262.0,2021
2021-06-05,Montenegro,Israel,1.0,3.0,Friendly,Podgorica,Montenegro,False,Away Win,1531.0,1578.0,-47.0,2021
2021-06-05,Niger,Gambia,0.0,2.0,Friendly,Antalya,Turkey,True,Away Win,1254.0,1303.0,-49.0,2021
2021-06-05,Russia,Bulgaria,1.0,0.0,Friendly,Moscow,Russia,False,Home Win,1831.0,1488.0,343.0,2021
2021-06-05,Aruba,Canada,0.0,7.0,FIFA World Cup qualification,Bradenton,United States,True,Away Win,929.0,1565.0,-636.0,2021
2021-06-05,Guinea,Togo,0.0,2.0,Friendly,Antalya,Turkey,True,Away Win,1433.0,1292.0,141.0,2021
2021-06-05,Panama,Anguilla,13.0,0.0,FIFA World Cup qualification,Panama City,Panama,False,Home Win,1542.0,547.0,995.0,2021
2021-06-05,Sweden,Armenia,3.0,1.0,Friendly,Stockholm,Sweden,False,Home Win,1838.0,1558.0,280.0,2021
2021-06-05,Wales,Albania,0.0,0.0,Friendly,Cardiff,Wales,False,Draw,1805.0,1550.0,255.0,2021
2021-06-05,Senegal,Zambia,3.0,1.0,Friendly,Thiès,Senegal,False,Home Win,1749.0,1437.0,312.0,2021
2021-06-06,England,Romania,1.0,0.0,Friendly,London,England,False,Home Win,1970.0,1666.0,304.0,2021
2021-06-06,Algeria,Mali,1.0,0.0,Friendly,Blida,Algeria,False,Home Win,1702.0,1574.0,128.0,2021
2021-06-06,Belgium,Croatia,1.0,0.0,Friendly,Brussels,Belgium,False,Home Win,2083.0,1859.0,224.0,2021
2021-06-06,Austria,Slovakia,0.0,0.0,Friendly,Vienna,Austria,False,Draw,1786.0,1734.0,52.0,2021
2021-06-06,Luxembourg,Scotland,0.0,1.0,Friendly,Luxembourg,Luxembourg,False,Away Win,1362.0,1662.0,-300.0,2021
2021-06-06,Netherlands,Georgia,3.0,0.0,Friendly,Enschede,Netherlands,False,Home Win,1978.0,1500.0,478.0,2021
2021-06-06,Norway,Greece,1.0,2.0,Friendly,Málaga,Spain,True,Away Win,1684.0,1650.0,34.0,2021
2021-06-07,China,Philippines,2.0,0.0,FIFA World Cup qualification,Sharjah,United Arab Emirates,True,Home Win,1517.0,1156.0,361.0,2021
2021-06-07,Australia,Taiwan,5.0,1.0,FIFA World Cup qualification,Kuwait City,Kuwait,True,Home Win,1722.0,943.0,779.0,2021
2021-06-07,Andorra,Gibraltar,0.0,0.0,Friendly,Andorra la Vella,Andorra,False,Draw,1034.0,1095.0,-61.0,2021
2021-06-07,Germany,Latvia,7.0,1.0,Friendly,Düsseldorf,Germany,False,Home Win,1971.0,1261.0,710.0,2021
2021-06-07,Serbia,Jamaica,1.0,1.0,Friendly,Miki,Japan,True,Draw,1763.0,1582.0,181.0,2021
2021-06-07,Ukraine,Cyprus,4.0,0.0,Friendly,Kharkiv,Ukraine,False,Home Win,1837.0,1326.0,511.0,2021
2021-06-07,Guam,Syria,0.0,3.0,FIFA World Cup qualification,Sharjah,United Arab Emirates,True,Away Win,736.0,1486.0,-750.0,2021
2021-06-07,Nepal,Jordan,0.0,3.0,FIFA World Cup qualification,Kuwait City,Kuwait,True,Away Win,909.0,1476.0,-567.0,2021
2021-06-07,Bangladesh,India,0.0,2.0,FIFA World Cup qualification,Doha,Qatar,True,Away Win,846.0,1192.0,-346.0,2021
2021-06-07,Kyrgyzstan,Mongolia,0.0,1.0,FIFA World Cup qualification,Osaka,Japan,True,Away Win,1272.0,733.0,539.0,2021
2021-06-07,Japan,Tajikistan,4.0,1.0,FIFA World Cup qualification,Suita,Japan,False,Home Win,1745.0,1251.0,494.0,2021
2021-06-07,Vietnam,Indonesia,4.0,0.0,FIFA World Cup qualification,Dubai,United Arab Emirates,True,Home Win,1411.0,1120.0,291.0,2021
2021-06-07,Bahrain,Iran,0.0,3.0,FIFA World Cup qualification,Riffa,Bahrain,False,Away Win,1510.0,1796.0,-286.0,2021
2021-06-07,Qatar,Oman,1.0,0.0,FIFA World Cup qualification,Doha,Qatar,False,Home Win,1642.0,1519.0,123.0,2021
2021-06-07,Uzbekistan,Singapore,5.0,0.0,FIFA World Cup qualification,Riyadh,Saudi Arabia,True,Home Win,1552.0,1161.0,391.0,2021
2021-06-07,Iraq,Cambodia,4.0,1.0,FIFA World Cup qualification,Arad,Iran,True,Home Win,1630.0,840.0,790.0,2021
2021-06-08,Mozambique,Eswatini,1.0,1.0,Friendly,Maputo,Mozambique,False,Draw,1311.0,1255.0,56.0,2021
2021-06-08,Morocco,Ghana,1.0,0.0,Friendly,Rabat,Morocco,False,Home Win,1681.0,1605.0,76.0,2021
2021-06-08,Kosovo,Guinea,1.0,2.0,Friendly,Antalya,Turkey,True,Away Win,1484.0,1433.0,51.0,2021
2021-06-08,Hungary,Ireland,0.0,0.0,Friendly,Budapest,Hungary,False,Draw,1743.0,1695.0,48.0,2021
2021-06-08,Benin,Zambia,2.0,2.0,Friendly,Cotonou,Benin,False,Draw,1476.0,1437.0,39.0,2021
2021-06-08,France,Bulgaria,3.0,0.0,Friendly,Paris,France,False,Home Win,2077.0,1488.0,589.0,2021
2021-06-08,Czechia,Albania,3.0,1.0,Friendly,Prague,Czech Republic,False,Home Win,1744.0,1550.0,194.0,2021
2021-06-08,Spain,Lithuania,4.0,0.0,Friendly,Leganés,Spain,False,Home Win,2034.0,1360.0,674.0,2021
2021-06-08,Gambia,Togo,1.0,0.0,Friendly,Antalya,Turkey,True,Home Win,1303.0,1292.0,11.0,2021
2021-06-08,Poland,Iceland,2.0,2.0,Friendly,Poznań,Poland,False,Draw,1814.0,1596.0,218.0,2021
2021-06-08,Curaçao,Guatemala,0.0,0.0,FIFA World Cup qualification,Willemstad,Curaçao,False,Draw,1434.0,1510.0,-76.0,2021
2021-06-08,Grenada,Montserrat,1.0,2.0,FIFA World Cup qualification,St. George's,Grenada,False,Away Win,1112.0,893.0,219.0,2021
2021-06-08,Ecuador,Peru,1.0,2.0,FIFA World Cup qualification,Quito,Ecuador,False,Away Win,1826.0,1792.0,34.0,2021
2021-06-08,Chile,Bolivia,1.0,1.0,FIFA World Cup qualification,Santiago,Chile,False,Draw,1813.0,1582.0,231.0,2021
2021-06-08,Venezuela,Uruguay,0.0,0.0,FIFA World Cup qualification,Caracas,Venezuela,False,Draw,1801.0,1953.0,-152.0,2021
2021-06-08,Colombia,Argentina,2.0,2.0,FIFA World Cup qualification,Barranquilla,Colombia,False,Draw,1896.0,1994.0,-98.0,2021
2021-06-08,Paraguay,Brazil,0.0,2.0,FIFA World Cup qualification,Asunción,Paraguay,False,Away Win,1769.0,2135.0,-366.0,2021
2021-06-08,Haiti,Nicaragua,1.0,0.0,FIFA World Cup qualification,Port-au-Prince,Haiti,False,Home Win,1521.0,1279.0,242.0,2021
2021-06-08,Barbados,Dominica,1.0,1.0,FIFA World Cup qualification,Santo Domingo,Dominican Republic,True,Draw,1103.0,1012.0,91.0,2021
2021-06-08,Canada,Suriname,4.0,0.0,FIFA World Cup qualification,Bridgeview,United States,True,Home Win,1565.0,1257.0,308.0,2021
2021-06-08,Cameroon,Nigeria,0.0,0.0,Friendly,Wiener Neustadt,Austria,True,Draw,1691.0,1668.0,23.0,2021
2021-06-09,Niger,Congo,0.0,1.0,Friendly,Antalya,Turkey,True,Away Win,1254.0,1403.0,-149.0,2021
2021-06-09,Portugal,Israel,4.0,0.0,Friendly,Lisbon,Portugal,False,Home Win,2038.0,1578.0,460.0,2021
2021-06-09,Turkmenistan,Lebanon,3.0,2.0,FIFA World Cup qualification,Goyang,South Korea,True,Home Win,1268.0,1407.0,-139.0,2021
2021-06-10,Estonia,Latvia,2.0,1.0,Baltic Cup,Tallinn,Estonia,False,Home Win,1372.0,1288.0,84.0,2021
2021-06-11,Yemen,Uzbekistan,0.0,1.0,FIFA World Cup qualification,Riyadh,Saudi Arabia,True,Away Win,1209.0,1568.0,-359.0,2021
2021-06-11,Myanmar,Kyrgyzstan,1.0,8.0,FIFA World Cup qualification,Osaka,Japan,True,Away Win,1050.0,1234.0,-184.0,2021
2021-06-11,China,Maldives,5.0,0.0,FIFA World Cup qualification,Sharjah,United Arab Emirates,True,Home Win,1473.0,949.0,524.0,2021
2021-06-11,Nepal,Australia,0.0,3.0,FIFA World Cup qualification,Kuwait City,Kuwait,True,Away Win,941.0,1731.0,-790.0,2021
2021-06-11,Kuwait,Jordan,0.0,0.0,FIFA World Cup qualification,Kuwait City,Kuwait,False,Draw,1426.0,1477.0,-51.0,2021
2021-06-11,Cambodia,Iran,0.0,10.0,FIFA World Cup qualification,Isa Town,Bahrain,True,Away Win,838.0,1794.0,-956.0,2021
2021-06-11,Afghanistan,Oman,1.0,2.0,FIFA World Cup qualification,Doha,Qatar,True,Away Win,1140.0,1496.0,-356.0,2021
2021-06-11,Japan,Serbia,1.0,0.0,Kirin Challenge Cup,Kobe,Japan,False,Home Win,1762.0,1792.0,-30.0,2021
2021-06-11,Malaysia,Vietnam,1.0,2.0,FIFA World Cup qualification,Dubai,United Arab Emirates,True,Away Win,1204.0,1425.0,-221.0,2021
2021-06-11,Guinea,Niger,2.0,1.0,Friendly,Antalya,Turkey,True,Home Win,1433.0,1254.0,179.0,2021
2021-06-11,Kosovo,Gambia,1.0,0.0,Friendly,Antalya,Turkey,True,Home Win,1484.0,1303.0,181.0,2021
2021-06-11,Mauritania,Liberia,1.0,0.0,Friendly,Tunis,Tunisia,True,Home Win,1379.0,1329.0,50.0,2021
2021-06-11,Tunisia,Algeria,0.0,2.0,Friendly,Radès,Tunisia,False,Away Win,1643.0,1702.0,-59.0,2021
2021-06-11,Italy,Turkey,3.0,0.0,UEFA Euro,Rome,Italy,False,Home Win,2006.0,1759.0,247.0,2021
2021-06-11,Philippines,Guam,3.0,0.0,FIFA World Cup qualification,Sharjah,United Arab Emirates,True,Home Win,1147.0,734.0,413.0,2021
2021-06-12,Mexico,Honduras,0.0,0.0,Friendly,Atlanta,United States,True,Draw,1928.0,1604.0,324.0,2021
2021-06-12,Haiti,Canada,0.0,1.0,FIFA World Cup qualification,Port-au-Prince,Haiti,False,Away Win,1521.0,1565.0,-44.0,2021
2021-06-12,Panama,Curaçao,2.0,1.0,FIFA World Cup qualification,Panama City,Panama,False,Home Win,1542.0,1434.0,108.0,2021
2021-06-12,Denmark,Finland,0.0,1.0,UEFA Euro,Copenhagen,Denmark,False,Away Win,1939.0,1711.0,228.0,2021
2021-06-12,Russia,Belgium,0.0,3.0,UEFA Euro,Saint Petersburg,Russia,False,Away Win,1831.0,2083.0,-252.0,2021
2021-06-12,Wales,Switzerland,1.0,1.0,UEFA Euro,Cardiff,Wales,False,Draw,1805.0,1882.0,-77.0,2021
2021-06-13,Sudan,Zambia,0.0,1.0,Friendly,Omdurman,Sudan,False,Away Win,1382.0,1437.0,-55.0,2021
2021-06-13,Tanzania,Malawi,2.0,0.0,Friendly,Dar es Salaam,Tanzania,False,Home Win,1294.0,1337.0,-43.0,2021
2021-06-13,Netherlands,Ukraine,3.0,2.0,UEFA Euro,Amsterdam,Netherlands,False,Home Win,1978.0,1814.0,164.0,2021
2021-06-13,England,Croatia,1.0,0.0,UEFA Euro,London,England,False,Home Win,1970.0,1859.0,111.0,2021
2021-06-13,Brazil,Venezuela,3.0,0.0,Copa América,Brasília,Brazil,False,Home Win,2135.0,1801.0,334.0,2021
2021-06-13,Colombia,Ecuador,1.0,0.0,Copa América,Cuiabá,Brazil,True,Home Win,1896.0,1826.0,70.0,2021
2021-06-14,Poland,Slovakia,1.0,2.0,UEFA Euro,Saint Petersburg,Russia,True,Away Win,1814.0,1734.0,80.0,2021
2021-06-14,Scotland,Czechia,0.0,2.0,UEFA Euro,Glasgow,Scotland,False,Away Win,1662.0,1744.0,-82.0,2021
2021-06-14,Libya,Liberia,0.0,1.0,Friendly,Tunis,Tunisia,True,Away Win,1354.0,1329.0,25.0,2021
2021-06-14,Spain,Sweden,0.0,0.0,UEFA Euro,Seville,Spain,False,Draw,2034.0,1838.0,196.0,2021
2021-06-14,Paraguay,Bolivia,3.0,1.0,Copa América,Goiânia,Brazil,True,Home Win,1769.0,1582.0,187.0,2021
2021-06-14,Argentina,Chile,1.0,1.0,Copa América,Rio de Janeiro,Brazil,True,Draw,1994.0,1813.0,181.0,2021
2021-06-15,Tajikistan,Myanmar,4.0,0.0,FIFA World Cup qualification,Osaka,Japan,True,Home Win,1252.0,1050.0,202.0,2021
2021-06-15,Philippines,Maldives,1.0,1.0,FIFA World Cup qualification,Suzhou,China,True,Draw,1147.0,949.0,198.0,2021
2021-06-15,China,Syria,3.0,1.0,FIFA World Cup qualification,Suzhou,China,False,Home Win,1473.0,1481.0,-8.0,2021
2021-06-15,Australia,Jordan,1.0,0.0,FIFA World Cup qualification,Kuwait City,Kuwait,True,Home Win,1731.0,1477.0,254.0,2021
2021-06-15,Iran,Iraq,1.0,0.0,FIFA World Cup qualification,Arad,Iran,False,Home Win,1794.0,1631.0,163.0,2021
2021-06-15,Palestine,Yemen,3.0,0.0,FIFA World Cup qualification,Riyadh,Saudi Arabia,True,Home Win,1385.0,1209.0,176.0,2021
2021-06-15,Bangladesh,Oman,0.0,3.0,FIFA World Cup qualification,Doha,Qatar,True,Away Win,850.0,1496.0,-646.0,2021
2021-06-15,Thailand,Malaysia,0.0,1.0,FIFA World Cup qualification,Dubai,United Arab Emirates,True,Away Win,1319.0,1204.0,115.0,2021
2021-06-15,India,Afghanistan,1.0,1.0,FIFA World Cup qualification,Doha,Qatar,True,Draw,1200.0,1140.0,60.0,2021
2021-06-15,Canada,Haiti,3.0,0.0,FIFA World Cup qualification,Bridgeview,United States,True,Home Win,1565.0,1521.0,44.0,2021
2021-06-15,Curaçao,Panama,0.0,0.0,FIFA World Cup qualification,Willemstad,Curaçao,False,Draw,1434.0,1542.0,-108.0,2021
2021-06-15,Tunisia,Mali,1.0,0.0,Friendly,Radès,Tunisia,False,Home Win,1643.0,1574.0,69.0,2021
2021-06-15,Hungary,Portugal,0.0,3.0,UEFA Euro,Budapest,Hungary,False,Away Win,1743.0,2038.0,-295.0,2021
2021-06-15,Germany,France,0.0,1.0,UEFA Euro,Munich,Germany,False,Away Win,1935.0,2077.0,-142.0,2021
2021-06-15,Kuwait,Taiwan,2.0,1.0,FIFA World Cup qualification,Kuwait City,Kuwait,False,Home Win,1426.0,909.0,517.0,2021
2021-06-15,Japan,Kyrgyzstan,5.0,1.0,FIFA World Cup qualification,Suita,Japan,False,Home Win,1762.0,1234.0,528.0,2021
2021-06-16,Turkey,Wales,0.0,2.0,UEFA Euro,Baku,Azerbaijan,True,Away Win,1759.0,1805.0,-46.0,2021
2021-06-16,Italy,Switzerland,3.0,0.0,UEFA Euro,Rome,Italy,False,Home Win,2006.0,1882.0,124.0,2021
2021-06-16,Russia,Finland,1.0,0.0,UEFA Euro,Saint Petersburg,Russia,False,Home Win,1831.0,1711.0,120.0,2021
2021-06-17,Colombia,Venezuela,0.0,0.0,Copa América,Goiânia,Brazil,True,Draw,1896.0,1801.0,95.0,2021
2021-06-17,Netherlands,Austria,2.0,0.0,UEFA Euro,Amsterdam,Netherlands,False,Home Win,1978.0,1786.0,192.0,2021
2021-06-17,Algeria,Liberia,5.0,1.0,Friendly,Oran,Algeria,False,Home Win,1702.0,1329.0,373.0,2021
2021-06-17,Brazil,Peru,4.0,0.0,Copa América,Rio de Janeiro,Brazil,False,Home Win,2135.0,1792.0,343.0,2021
2021-06-17,Denmark,Belgium,1.0,2.0,UEFA Euro,Copenhagen,Denmark,False,Away Win,1939.0,2083.0,-144.0,2021
2021-06-18,Croatia,Czechia,1.0,1.0,UEFA Euro,Glasgow,Scotland,True,Draw,1859.0,1744.0,115.0,2021
2021-06-18,England,Scotland,0.0,0.0,UEFA Euro,London,England,False,Draw,1970.0,1662.0,308.0,2021
2021-06-18,Sweden,Slovakia,1.0,0.0,UEFA Euro,Saint Petersburg,Russia,True,Home Win,1838.0,1734.0,104.0,2021
2021-06-18,Chile,Bolivia,1.0,0.0,Copa América,Cuiabá,Brazil,True,Home Win,1813.0,1582.0,231.0,2021
2021-06-18,Argentina,Uruguay,1.0,0.0,Copa América,Brasília,Brazil,True,Home Win,1994.0,1953.0,41.0,2021
2021-06-19,Spain,Poland,1.0,1.0,UEFA Euro,Seville,Spain,False,Draw,2034.0,1814.0,220.0,2021
2021-06-19,Hungary,France,1.0,1.0,UEFA Euro,Budapest,Hungary,False,Draw,1743.0,2077.0,-334.0,2021
2021-06-19,Germany,Portugal,4.0,2.0,UEFA Euro,Munich,Germany,False,Home Win,1935.0,2038.0,-103.0,2021
2021-06-19,Libya,Sudan,0.0,1.0,Arab Cup qualification,Doha,Qatar,True,Away Win,1354.0,1382.0,-28.0,2021
2021-06-20,Italy,Wales,1.0,0.0,UEFA Euro,Rome,Italy,False,Home Win,2006.0,1805.0,201.0,2021
2021-06-20,Switzerland,Turkey,3.0,1.0,UEFA Euro,Baku,Azerbaijan,True,Home Win,1882.0,1759.0,123.0,2021
2021-06-20,Venezuela,Ecuador,2.0,2.0,Copa América,Rio de Janeiro,Brazil,True,Draw,1801.0,1826.0,-25.0,2021
2021-06-20,Colombia,Peru,1.0,2.0,Copa América,Goiânia,Brazil,True,Away Win,1896.0,1792.0,104.0,2021
2021-06-21,Denmark,Russia,4.0,1.0,UEFA Euro,Copenhagen,Denmark,False,Home Win,1939.0,1831.0,108.0,2021
2021-06-21,Finland,Belgium,0.0,2.0,UEFA Euro,Saint Petersburg,Russia,True,Away Win,1711.0,2083.0,-372.0,2021
2021-06-21,Ukraine,Austria,0.0,1.0,UEFA Euro,Bucharest,Romania,True,Away Win,1814.0,1786.0,28.0,2021
2021-06-21,Uruguay,Chile,1.0,1.0,Copa América,Cuiabá,Brazil,True,Draw,1953.0,1813.0,140.0,2021
2021-06-21,Argentina,Paraguay,1.0,0.0,Copa América,Brasília,Brazil,True,Home Win,1994.0,1769.0,225.0,2021
2021-06-22,Scotland,Croatia,1.0,3.0,UEFA Euro,Glasgow,Scotland,False,Away Win,1662.0,1859.0,-197.0,2021
2021-06-22,England,Czechia,1.0,0.0,UEFA Euro,London,England,False,Home Win,1970.0,1744.0,226.0,2021
2021-06-22,Mauritania,Yemen,2.0,0.0,Arab Cup qualification,Doha,Qatar,True,Home Win,1379.0,1209.0,170.0,2021
2021-06-23,Portugal,France,2.0,2.0,UEFA Euro,Budapest,Hungary,True,Draw,2038.0,2077.0,-39.0,2021
2021-06-23,Sweden,Poland,3.0,2.0,UEFA Euro,Saint Petersburg,Russia,True,Home Win,1838.0,1814.0,24.0,2021
2021-06-23,Germany,Hungary,2.0,2.0,UEFA Euro,Munich,Germany,False,Draw,1935.0,1743.0,192.0,2021
2021-06-23,Lebanon,Djibouti,1.0,0.0,Arab Cup qualification,Doha,Qatar,True,Home Win,1407.0,752.0,655.0,2021
2021-06-23,Ecuador,Peru,2.0,2.0,Copa América,Goiânia,Brazil,True,Draw,1826.0,1792.0,34.0,2021
2021-06-23,Brazil,Colombia,2.0,1.0,Copa América,Rio de Janeiro,Brazil,False,Home Win,2135.0,1896.0,239.0,2021
2021-06-23,Spain,Slovakia,5.0,0.0,UEFA Euro,Seville,Spain,False,Home Win,2034.0,1734.0,300.0,2021
2021-06-24,Bolivia,Uruguay,0.0,2.0,Copa América,Cuiabá,Brazil,True,Away Win,1582.0,1953.0,-371.0,2021
2021-06-24,Chile,Paraguay,0.0,2.0,Copa América,Brasília,Brazil,True,Away Win,1813.0,1769.0,44.0,2021
2021-06-24,Palestine,Comoros,5.0,1.0,Arab Cup qualification,Doha,Qatar,True,Home Win,1385.0,1090.0,295.0,2021
2021-06-25,Bahrain,Kuwait,2.0,0.0,Arab Cup qualification,Doha,Qatar,True,Home Win,1544.0,1426.0,118.0,2021
2021-06-26,Italy,Austria,2.0,1.0,UEFA Euro,London,England,True,Home Win,2006.0,1786.0,220.0,2021
2021-06-26,Wales,Denmark,0.0,4.0,UEFA Euro,Amsterdam,Netherlands,True,Away Win,1805.0,1939.0,-134.0,2021
2021-06-27,Netherlands,Czechia,0.0,2.0,UEFA Euro,Budapest,Hungary,True,Away Win,1978.0,1744.0,234.0,2021
2021-06-27,Belgium,Portugal,1.0,0.0,UEFA Euro,Seville,Spain,True,Home Win,2083.0,2038.0,45.0,2021
2021-06-27,Brazil,Ecuador,1.0,1.0,Copa América,Goiânia,Brazil,False,Draw,2135.0,1826.0,309.0,2021
2021-06-27,Venezuela,Peru,0.0,1.0,Copa América,Brasília,Brazil,True,Away Win,1801.0,1792.0,9.0,2021
2021-06-28,Croatia,Spain,3.0,5.0,UEFA Euro,Copenhagen,Denmark,True,Away Win,1859.0,2034.0,-175.0,2021
2021-06-28,France,Switzerland,3.0,3.0,UEFA Euro,Bucharest,Romania,True,Draw,2077.0,1882.0,195.0,2021
2021-06-28,Argentina,Bolivia,4.0,1.0,Copa América,Cuiabá,Brazil,True,Home Win,1994.0,1582.0,412.0,2021
2021-06-28,Uruguay,Paraguay,1.0,0.0,Copa América,Rio de Janeiro,Brazil,True,Home Win,1953.0,1769.0,184.0,2021
2021-06-29,England,Germany,2.0,0.0,UEFA Euro,London,England,False,Home Win,1970.0,1935.0,35.0,2021
2021-06-29,Sweden,Ukraine,1.0,2.0,UEFA Euro,Glasgow,Scotland,True,Away Win,1838.0,1814.0,24.0,2021
2021-06-30,Mexico,Panama,3.0,0.0,Friendly,Nashville,United States,True,Home Win,1928.0,1542.0,386.0,2021
2021-07-02,Switzerland,Spain,1.0,1.0,UEFA Euro,Saint Petersburg,Russia,True,Draw,1882.0,2034.0,-152.0,2021
2021-07-02,Belgium,Italy,1.0,2.0,UEFA Euro,Munich,Germany,True,Away Win,2083.0,2006.0,77.0,2021
2021-07-02,Peru,Paraguay,3.0,3.0,Copa América,Goiânia,Brazil,True,Draw,1792.0,1769.0,23.0,2021
2021-07-02,Brazil,Chile,1.0,0.0,Copa América,Rio de Janeiro,Brazil,False,Home Win,2135.0,1813.0,322.0,2021
2021-07-02,Bermuda,Barbados,8.0,1.0,Gold Cup qualification,Fort Lauderdale,United States,True,Home Win,1299.0,1103.0,196.0,2021
2021-07-03,Czechia,Denmark,1.0,2.0,UEFA Euro,Baku,Azerbaijan,True,Away Win,1744.0,1939.0,-195.0,2021
2021-07-03,Ukraine,England,0.0,4.0,UEFA Euro,Rome,Italy,True,Away Win,1814.0,1970.0,-156.0,2021
2021-07-03,Mexico,Nigeria,4.0,0.0,Friendly,Nashville,United States,True,Home Win,1928.0,1668.0,260.0,2021
2021-07-03,Uruguay,Colombia,0.0,0.0,Copa América,Brasília,Brazil,True,Draw,1953.0,1896.0,57.0,2021
2021-07-03,Argentina,Ecuador,3.0,0.0,Copa América,Goiânia,Brazil,True,Home Win,1994.0,1826.0,168.0,2021
2021-07-03,Guatemala,Guyana,4.0,0.0,Gold Cup qualification,Fort Lauderdale,United States,True,Home Win,1510.0,1250.0,260.0,2021
2021-07-05,Brazil,Peru,1.0,0.0,Copa América,Rio de Janeiro,Brazil,False,Home Win,2135.0,1792.0,343.0,2021
2021-07-06,Italy,Spain,1.0,1.0,UEFA Euro,London,England,True,Draw,2006.0,2034.0,-28.0,2021
2021-07-06,Guatemala,Guadeloupe,1.0,1.0,Gold Cup qualification,Fort Lauderdale,United States,True,Draw,1510.0,1285.0,225.0,2021
2021-07-06,Argentina,Colombia,1.0,1.0,Copa América,Brasília,Brazil,True,Draw,1994.0,1896.0,98.0,2021
2021-07-06,Eswatini,Lesotho,3.0,1.0,COSAFA Cup,Port Elizabeth,South Africa,True,Home Win,1255.0,1293.0,-38.0,2021
2021-07-06,Haiti,Bermuda,4.0,1.0,Gold Cup qualification,Fort Lauderdale,United States,True,Home Win,1521.0,1299.0,222.0,2021
2021-07-07,England,Denmark,2.0,1.0,UEFA Euro,London,England,False,Home Win,1970.0,1939.0,31.0,2021
2021-07-07,Mozambique,Zimbabwe,0.0,0.0,COSAFA Cup,Port Elizabeth,South Africa,True,Draw,1311.0,1408.0,-97.0,2021
2021-07-07,Senegal,Namibia,1.0,2.0,COSAFA Cup,Port Elizabeth,South Africa,True,Away Win,1749.0,1335.0,414.0,2021
2021-07-08,Zambia,Lesotho,1.0,2.0,COSAFA Cup,Port Elizabeth,South Africa,True,Away Win,1437.0,1293.0,144.0,2021
2021-07-09,Peru,Colombia,2.0,3.0,Copa América,Brasília,Brazil,True,Away Win,1792.0,1896.0,-104.0,2021
2021-07-09,Malawi,Zimbabwe,2.0,2.0,COSAFA Cup,Port Elizabeth,South Africa,True,Draw,1337.0,1408.0,-71.0,2021
2021-07-09,Senegal,Mozambique,1.0,0.0,COSAFA Cup,Port Elizabeth,South Africa,True,Home Win,1749.0,1311.0,438.0,2021
2021-07-10,Brazil,Argentina,0.0,1.0,Copa América,Rio de Janeiro,Brazil,False,Away Win,2135.0,1994.0,141.0,2021
2021-07-10,Lesotho,Botswana,0.0,4.0,COSAFA Cup,Port Elizabeth,South Africa,True,Away Win,1293.0,1313.0,-20.0,2021
2021-07-10,Zambia,Eswatini,0.0,1.0,COSAFA Cup,Port Elizabeth,South Africa,True,Away Win,1437.0,1255.0,182.0,2021
2021-07-11,Namibia,Zimbabwe,2.0,0.0,COSAFA Cup,Port Elizabeth,South Africa,True,Home Win,1335.0,1408.0,-73.0,2021
2021-07-11,England,Italy,1.0,1.0,UEFA Euro,London,England,False,Draw,1970.0,2006.0,-36.0,2021
2021-07-11,Canada,Martinique,4.0,1.0,Gold Cup,Kansas City,United States,True,Home Win,1565.0,1451.0,114.0,2021
2021-07-11,Mozambique,Malawi,2.0,0.0,COSAFA Cup,Port Elizabeth,South Africa,True,Home Win,1311.0,1337.0,-26.0,2021
2021-07-12,Jamaica,Suriname,2.0,0.0,Gold Cup,Orlando,United States,True,Home Win,1578.0,1257.0,321.0,2021
2021-07-13,Botswana,Zambia,1.0,2.0,COSAFA Cup,Port Elizabeth,South Africa,True,Away Win,1313.0,1437.0,-124.0,2021
2021-07-13,Senegal,Zimbabwe,2.0,1.0,COSAFA Cup,Port Elizabeth,South Africa,True,Home Win,1749.0,1408.0,341.0,2021
2021-07-13,Malawi,Namibia,1.0,1.0,COSAFA Cup,Port Elizabeth,South Africa,True,Draw,1337.0,1335.0,2.0,2021
2021-07-13,Qatar,Panama,3.0,3.0,Gold Cup,Houston,United States,True,Draw,1658.0,1542.0,116.0,2021
2021-07-13,Honduras,Grenada,4.0,0.0,Gold Cup,Houston,United States,True,Home Win,1604.0,1112.0,492.0,2021
2021-07-14,Senegal,Malawi,2.0,1.0,COSAFA Cup,Port Elizabeth,South Africa,True,Home Win,1749.0,1337.0,412.0,2021
2021-07-14,Guatemala,Mexico,0.0,3.0,Gold Cup,Dallas,United States,True,Away Win,1510.0,1928.0,-418.0,2021
2021-07-14,Eswatini,Botswana,1.0,1.0,COSAFA Cup,Port Elizabeth,South Africa,True,Draw,1255.0,1313.0,-58.0,2021
2021-07-14,Mozambique,Namibia,1.0,0.0,COSAFA Cup,Port Elizabeth,South Africa,True,Home Win,1311.0,1335.0,-24.0,2021
2021-07-15,Haiti,Canada,1.0,4.0,Gold Cup,Kansas City,United States,True,Away Win,1521.0,1565.0,-44.0,2021
2021-07-16,Senegal,Eswatini,2.0,2.0,COSAFA Cup,Port Elizabeth,South Africa,True,Draw,1749.0,1255.0,494.0,2021
2021-07-16,Guadeloupe,Jamaica,1.0,2.0,Gold Cup,Orlando,United States,True,Away Win,1285.0,1578.0,-293.0,2021
2021-07-17,Grenada,Qatar,0.0,4.0,Gold Cup,Houston,United States,True,Away Win,1112.0,1658.0,-546.0,2021
2021-07-17,Panama,Honduras,2.0,3.0,Gold Cup,Houston,United States,True,Away Win,1542.0,1604.0,-62.0,2021
2021-07-18,Eswatini,Mozambique,1.0,1.0,COSAFA Cup,Port Elizabeth,South Africa,True,Draw,1255.0,1311.0,-56.0,2021
2021-07-18,Martinique,Haiti,1.0,2.0,Gold Cup,Frisco,United States,True,Away Win,1451.0,1521.0,-70.0,2021
2021-07-20,Suriname,Guadeloupe,2.0,1.0,Gold Cup,Houston,United States,True,Home Win,1257.0,1285.0,-28.0,2021
2021-07-20,Panama,Grenada,3.0,1.0,Gold Cup,Orlando,United States,True,Home Win,1542.0,1112.0,430.0,2021
2021-07-20,Honduras,Qatar,0.0,2.0,Gold Cup,Houston,United States,True,Away Win,1604.0,1658.0,-54.0,2021
2021-07-24,Mexico,Honduras,3.0,0.0,Gold Cup,Glendale,United States,True,Home Win,1928.0,1604.0,324.0,2021
2021-07-29,Mexico,Canada,2.0,1.0,Gold Cup,Houston,United States,True,Home Win,1928.0,1565.0,363.0,2021
2021-08-22,Niger,Sudan,2.0,1.0,Friendly,Dubai,United Arab Emirates,True,Home Win,1254.0,1382.0,-128.0,2021
2021-08-26,Sudan,Niger,3.0,0.0,Friendly,Dubai,United Arab Emirates,True,Home Win,1382.0,1254.0,128.0,2021
2021-08-29,Ethiopia,Uganda,2.0,1.0,Friendly,Addis Ababa,Ethiopia,False,Home Win,1275.0,1463.0,-188.0,2021
2021-09-01,Guinea-Bissau,Guinea,1.0,1.0,FIFA World Cup qualification,Nouakchott,Mauritania,True,Draw,1309.0,1433.0,-124.0,2021
2021-09-01,Bahrain,Haiti,6.0,1.0,Friendly,Riffa,Bahrain,False,Home Win,1544.0,1521.0,23.0,2021
2021-09-01,Comoros,Seychelles,7.0,1.0,Friendly,Moroni,Comoros,False,Home Win,1090.0,966.0,124.0,2021
2021-09-01,Finland,Wales,0.0,0.0,Friendly,Helsinki,Finland,False,Draw,1711.0,1805.0,-94.0,2021
2021-09-01,Qatar,Serbia,0.0,4.0,Friendly,Debrecen,Hungary,True,Away Win,1658.0,1792.0,-134.0,2021
2021-09-01,Mali,Rwanda,1.0,0.0,FIFA World Cup qualification,Agadir,Morocco,True,Home Win,1574.0,1324.0,250.0,2021
2021-09-01,Egypt,Angola,1.0,0.0,FIFA World Cup qualification,Cairo,Egypt,False,Home Win,1601.0,1349.0,252.0,2021
2021-09-01,Libya,Gabon,2.0,1.0,FIFA World Cup qualification,Benina,Libya,False,Home Win,1354.0,1404.0,-50.0,2021
2021-09-01,Senegal,Togo,2.0,0.0,FIFA World Cup qualification,Thiès,Senegal,False,Home Win,1749.0,1292.0,457.0,2021
2021-09-01,Norway,Netherlands,1.0,1.0,FIFA World Cup qualification,Oslo,Norway,False,Draw,1684.0,1978.0,-294.0,2021
2021-09-01,Switzerland,Greece,2.0,1.0,Friendly,Basel,Switzerland,False,Home Win,1882.0,1650.0,232.0,2021
2021-09-01,Luxembourg,Azerbaijan,2.0,1.0,FIFA World Cup qualification,Luxembourg,Luxembourg,False,Home Win,1362.0,1383.0,-21.0,2021
2021-09-01,Kazakhstan,Ukraine,2.0,2.0,FIFA World Cup qualification,Astana,Kazakhstan,False,Draw,1332.0,1814.0,-482.0,2021
2021-09-01,Denmark,Scotland,2.0,0.0,FIFA World Cup qualification,Copenhagen,Denmark,False,Home Win,1939.0,1662.0,277.0,2021
2021-09-01,Latvia,Gibraltar,3.0,1.0,FIFA World Cup qualification,Riga,Latvia,False,Home Win,1288.0,1088.0,200.0,2021
2021-09-01,Turkey,Montenegro,2.0,2.0,FIFA World Cup qualification,Istanbul,Turkey,False,Draw,1759.0,1531.0,228.0,2021
2021-09-01,Malta,Cyprus,3.0,0.0,FIFA World Cup qualification,Ta' Qali,Malta,False,Home Win,1215.0,1365.0,-150.0,2021
2021-09-01,Slovenia,Slovakia,1.0,1.0,FIFA World Cup qualification,Ljubljana,Slovenia,False,Draw,1584.0,1734.0,-150.0,2021
2021-09-01,Russia,Croatia,0.0,0.0,FIFA World Cup qualification,Moscow,Russia,False,Draw,1831.0,1859.0,-28.0,2021
2021-09-01,Portugal,Ireland,2.0,1.0,FIFA World Cup qualification,Faro-Loulé,Portugal,False,Home Win,2038.0,1695.0,343.0,2021
2021-09-02,Australia,China,3.0,0.0,FIFA World Cup qualification,Doha,Qatar,True,Home Win,1731.0,1473.0,258.0,2021
2021-09-02,Japan,Oman,0.0,1.0,FIFA World Cup qualification,Suita,Japan,False,Away Win,1762.0,1496.0,266.0,2021
2021-09-02,Iran,Syria,1.0,0.0,FIFA World Cup qualification,Tehran,Iran,False,Home Win,1794.0,1481.0,313.0,2021
2021-09-02,Madagascar,Benin,0.0,1.0,FIFA World Cup qualification,Antananarivo,Madagascar,False,Away Win,1422.0,1476.0,-54.0,2021
2021-09-02,Morocco,Sudan,2.0,0.0,FIFA World Cup qualification,Rabat,Morocco,False,Home Win,1681.0,1382.0,299.0,2021
2021-09-02,Kyrgyzstan,Palestine,1.0,0.0,Three Nations Cup,Bishkek,Kyrgyzstan,False,Home Win,1234.0,1385.0,-151.0,2021
2021-09-02,Kenya,Uganda,0.0,0.0,FIFA World Cup qualification,Nairobi,Kenya,False,Draw,1372.0,1463.0,-91.0,2021
2021-09-02,Algeria,Djibouti,8.0,0.0,FIFA World Cup qualification,Blida,Algeria,False,Home Win,1702.0,752.0,950.0,2021
2021-09-02,Mexico,Jamaica,2.0,1.0,FIFA World Cup qualification,Mexico City,Mexico,False,Home Win,1928.0,1578.0,350.0,2021
2021-09-02,Georgia,Kosovo,0.0,1.0,FIFA World Cup qualification,Batumi,Georgia,False,Away Win,1500.0,1484.0,16.0,2021
2021-09-02,Namibia,Congo,1.0,1.0,FIFA World Cup qualification,Johannesburg,South Africa,True,Draw,1335.0,1403.0,-68.0,2021
2021-09-02,Sweden,Spain,2.0,1.0,FIFA World Cup qualification,Stockholm,Sweden,False,Home Win,1838.0,2034.0,-196.0,2021
2021-09-02,Poland,Albania,4.0,1.0,FIFA World Cup qualification,Warsaw,Poland,False,Home Win,1814.0,1550.0,264.0,2021
2021-09-02,Czechia,Belarus,1.0,0.0,FIFA World Cup qualification,Ostrava,Czech Republic,False,Home Win,1744.0,1493.0,251.0,2021
2021-09-02,Ecuador,Paraguay,2.0,0.0,FIFA World Cup qualification,Quito,Ecuador,False,Home Win,1826.0,1769.0,57.0,2021
2021-09-02,Estonia,Belgium,2.0,5.0,FIFA World Cup qualification,Tallinn,Estonia,False,Away Win,1372.0,2083.0,-711.0,2021
2021-09-02,Chile,Brazil,0.0,1.0,FIFA World Cup qualification,Santiago,Chile,False,Away Win,1813.0,2135.0,-322.0,2021
2021-09-02,Venezuela,Argentina,1.0,3.0,FIFA World Cup qualification,Caracas,Venezuela,False,Away Win,1801.0,1994.0,-193.0,2021
2021-09-02,Peru,Uruguay,1.0,1.0,FIFA World Cup qualification,Lima,Peru,False,Draw,1792.0,1953.0,-161.0,2021
2021-09-02,Canada,Honduras,1.0,1.0,FIFA World Cup qualification,Toronto,Canada,False,Draw,1565.0,1604.0,-39.0,2021
2021-09-02,Bolivia,Colombia,1.0,1.0,FIFA World Cup qualification,La Paz,Bolivia,False,Draw,1582.0,1896.0,-314.0,2021
2021-09-02,Liechtenstein,Germany,0.0,2.0,FIFA World Cup qualification,St. Gallen,Switzerland,True,Away Win,1092.0,1935.0,-843.0,2021
2021-09-02,Iceland,Romania,0.0,2.0,FIFA World Cup qualification,Reykjavík,Iceland,False,Away Win,1596.0,1666.0,-70.0,2021
2021-09-02,Italy,Bulgaria,1.0,1.0,FIFA World Cup qualification,Florence,Italy,False,Draw,2006.0,1488.0,518.0,2021
2021-09-02,Hungary,England,0.0,4.0,FIFA World Cup qualification,Budapest,Hungary,False,Away Win,1743.0,1970.0,-227.0,2021
2021-09-02,Nepal,India,1.0,1.0,Friendly,Kathmandu,Nepal,False,Draw,941.0,1200.0,-259.0,2021
2021-09-03,Nigeria,Liberia,2.0,0.0,FIFA World Cup qualification,Lagos,Nigeria,False,Home Win,1668.0,1329.0,339.0,2021
2021-09-03,Mauritania,Zambia,1.0,2.0,FIFA World Cup qualification,Nouakchott,Mauritania,False,Away Win,1379.0,1437.0,-58.0,2021
2021-09-03,Ghana,Ethiopia,1.0,0.0,FIFA World Cup qualification,Cape Coast,Ghana,False,Home Win,1605.0,1275.0,330.0,2021
2021-09-03,Cameroon,Malawi,2.0,0.0,FIFA World Cup qualification,Yaoundé,Cameroon,False,Home Win,1691.0,1337.0,354.0,2021
2021-09-04,Qatar,Portugal,1.0,3.0,Friendly,Debrecen,Hungary,True,Away Win,1658.0,2038.0,-380.0,2021
2021-09-04,Ukraine,France,1.0,1.0,FIFA World Cup qualification,Kyiv,Ukraine,False,Draw,1814.0,2077.0,-263.0,2021
2021-09-04,Burundi,Seychelles,8.0,1.0,Friendly,Moroni,Comoros,True,Home Win,1269.0,966.0,303.0,2021
2021-09-04,Haiti,Jordan,2.0,0.0,Friendly,Riffa,Bahrain,True,Home Win,1521.0,1477.0,44.0,2021
2021-09-04,Ireland,Azerbaijan,1.0,1.0,FIFA World Cup qualification,Dublin,Republic of Ireland,False,Draw,1695.0,1383.0,312.0,2021
2021-09-04,Serbia,Luxembourg,4.0,1.0,FIFA World Cup qualification,Belgrade,Serbia,False,Home Win,1792.0,1362.0,430.0,2021
2021-09-04,Israel,Austria,5.0,2.0,FIFA World Cup qualification,Haifa,Israel,False,Home Win,1578.0,1786.0,-208.0,2021
2021-09-04,Finland,Kazakhstan,1.0,0.0,FIFA World Cup qualification,Helsinki,Finland,False,Home Win,1711.0,1332.0,379.0,2021
2021-09-04,Latvia,Norway,0.0,2.0,FIFA World Cup qualification,Riga,Latvia,False,Away Win,1288.0,1684.0,-396.0,2021
2021-09-04,Gibraltar,Turkey,0.0,3.0,FIFA World Cup qualification,Gibraltar,Gibraltar,False,Away Win,1088.0,1759.0,-671.0,2021
2021-09-04,Slovenia,Malta,1.0,0.0,FIFA World Cup qualification,Ljubljana,Slovenia,False,Home Win,1584.0,1215.0,369.0,2021
2021-09-04,Cyprus,Russia,0.0,2.0,FIFA World Cup qualification,Nicosia,Cyprus,False,Away Win,1365.0,1831.0,-466.0,2021
2021-09-04,Slovakia,Croatia,0.0,1.0,FIFA World Cup qualification,Bratislava,Slovakia,False,Away Win,1734.0,1859.0,-125.0,2021
2021-09-04,Netherlands,Montenegro,4.0,0.0,FIFA World Cup qualification,Eindhoven,Netherlands,False,Home Win,1978.0,1531.0,447.0,2021
2021-09-05,Gabon,Egypt,1.0,1.0,FIFA World Cup qualification,Franceville,Gabon,False,Draw,1404.0,1601.0,-197.0,2021
2021-09-05,Spain,Georgia,4.0,0.0,FIFA World Cup qualification,Badajoz,Spain,False,Home Win,2034.0,1500.0,534.0,2021
2021-09-05,Kosovo,Greece,1.0,1.0,FIFA World Cup qualification,Pristina,Kosovo,False,Draw,1484.0,1650.0,-166.0,2021
2021-09-05,Rwanda,Kenya,1.0,1.0,FIFA World Cup qualification,Kigali,Rwanda,False,Draw,1324.0,1372.0,-48.0,2021
2021-09-05,England,Andorra,4.0,0.0,FIFA World Cup qualification,London,England,False,Home Win,1970.0,1029.0,941.0,2021
2021-09-05,Nepal,India,1.0,2.0,Friendly,Kathmandu,Nepal,False,Away Win,941.0,1200.0,-259.0,2021
2021-09-05,Bangladesh,Palestine,0.0,2.0,Three Nations Cup,Bishkek,Kyrgyzstan,True,Away Win,850.0,1385.0,-535.0,2021
2021-09-05,Belarus,Wales,2.0,3.0,FIFA World Cup qualification,Kazan,Russia,True,Away Win,1493.0,1805.0,-312.0,2021
2021-09-05,Switzerland,Italy,0.0,0.0,FIFA World Cup qualification,Basel,Switzerland,False,Draw,1882.0,2006.0,-124.0,2021
2021-09-05,Sweden,Uzbekistan,2.0,1.0,Friendly,Stockholm,Sweden,False,Home Win,1838.0,1568.0,270.0,2021
2021-09-05,Togo,Namibia,0.0,1.0,FIFA World Cup qualification,Lomé,Togo,False,Away Win,1292.0,1335.0,-43.0,2021
2021-09-05,Uruguay,Bolivia,4.0,2.0,FIFA World Cup qualification,Montevideo,Uruguay,False,Home Win,1953.0,1582.0,371.0,2021
2021-09-05,Paraguay,Colombia,1.0,1.0,FIFA World Cup qualification,Asunción,Paraguay,False,Draw,1769.0,1896.0,-127.0,2021
2021-09-05,Jamaica,Panama,0.0,3.0,FIFA World Cup qualification,Kingston,Jamaica,False,Away Win,1578.0,1542.0,36.0,2021
2021-09-05,Peru,Venezuela,1.0,0.0,FIFA World Cup qualification,Lima,Peru,False,Home Win,1792.0,1801.0,-9.0,2021
2021-09-05,Bulgaria,Lithuania,1.0,0.0,FIFA World Cup qualification,Sofia,Bulgaria,False,Home Win,1488.0,1360.0,128.0,2021
2021-09-05,Ecuador,Chile,0.0,0.0,FIFA World Cup qualification,Quito,Ecuador,False,Draw,1826.0,1813.0,13.0,2021
2021-09-05,Germany,Armenia,6.0,0.0,FIFA World Cup qualification,Stuttgart,Germany,False,Home Win,1935.0,1558.0,377.0,2021
2021-09-05,Albania,Hungary,1.0,0.0,FIFA World Cup qualification,Elbasan,Albania,False,Home Win,1550.0,1743.0,-193.0,2021
2021-09-05,Romania,Liechtenstein,2.0,0.0,FIFA World Cup qualification,Bucharest,Romania,False,Home Win,1666.0,1092.0,574.0,2021
2021-09-05,Belgium,Czechia,3.0,0.0,FIFA World Cup qualification,Brussels,Belgium,False,Home Win,2083.0,1744.0,339.0,2021
2021-09-06,Djibouti,Niger,2.0,4.0,FIFA World Cup qualification,Rabat,Morocco,True,Away Win,752.0,1254.0,-502.0,2021
2021-09-06,Uganda,Mali,0.0,0.0,FIFA World Cup qualification,Entebbe,Uganda,False,Draw,1463.0,1574.0,-111.0,2021
2021-09-07,Malawi,Mozambique,1.0,0.0,FIFA World Cup qualification,Johannesburg,South Africa,True,Home Win,1337.0,1311.0,26.0,2021
2021-09-07,Bahrain,Jordan,1.0,2.0,Friendly,Riffa,Bahrain,False,Away Win,1544.0,1450.0,94.0,2021
2021-09-07,Comoros,Burundi,1.0,0.0,Friendly,Moroni,Comoros,False,Home Win,1090.0,1252.0,-162.0,2021
2021-09-07,Zambia,Tunisia,0.0,2.0,FIFA World Cup qualification,Ndola,Zambia,False,Away Win,1437.0,1643.0,-206.0,2021
2021-09-07,Luxembourg,Qatar,1.0,1.0,Friendly,Luxembourg,Luxembourg,False,Draw,1395.0,1681.0,-286.0,2021
2021-09-07,Tanzania,Madagascar,3.0,2.0,FIFA World Cup qualification,Dar es Salaam,Tanzania,False,Home Win,1294.0,1422.0,-128.0,2021
2021-09-07,Congo,Senegal,1.0,3.0,FIFA World Cup qualification,Brazzaville,Congo,False,Away Win,1403.0,1749.0,-346.0,2021
2021-09-07,Sudan,Guinea-Bissau,2.0,4.0,FIFA World Cup qualification,Omdurman,Sudan,False,Away Win,1382.0,1309.0,73.0,2021
2021-09-07,Iraq,Iran,0.0,3.0,FIFA World Cup qualification,Doha,Qatar,True,Away Win,1631.0,1794.0,-163.0,2021
2021-09-07,Angola,Libya,0.0,1.0,FIFA World Cup qualification,Luanda,Angola,False,Away Win,1349.0,1354.0,-5.0,2021
2021-09-07,Ethiopia,Zimbabwe,1.0,0.0,FIFA World Cup qualification,Bahir Dar,Ethiopia,False,Home Win,1275.0,1408.0,-133.0,2021
2021-09-07,Ireland,Serbia,1.0,1.0,FIFA World Cup qualification,Dublin,Republic of Ireland,False,Draw,1604.0,1802.0,-198.0,2021
2021-09-07,Kyrgyzstan,Bangladesh,4.0,1.0,Three Nations Cup,Bishkek,Kyrgyzstan,False,Home Win,1234.0,850.0,384.0,2021
2021-09-07,Netherlands,Turkey,6.0,1.0,FIFA World Cup qualification,Amsterdam,Netherlands,False,Home Win,1920.0,1719.0,201.0,2021
2021-09-07,Denmark,Israel,5.0,0.0,FIFA World Cup qualification,Copenhagen,Denmark,False,Home Win,1970.0,1662.0,308.0,2021
2021-09-07,Azerbaijan,Portugal,0.0,3.0,FIFA World Cup qualification,Baku,Azerbaijan,False,Away Win,1377.0,2012.0,-635.0,2021
2021-09-07,France,Finland,2.0,0.0,FIFA World Cup qualification,Lyon,France,False,Home Win,2046.0,1708.0,338.0,2021
2021-09-07,Montenegro,Latvia,0.0,0.0,FIFA World Cup qualification,Podgorica,Montenegro,False,Draw,1528.0,1283.0,245.0,2021
2021-09-07,Vietnam,Australia,0.0,1.0,FIFA World Cup qualification,Hanoi,Vietnam,False,Away Win,1425.0,1731.0,-306.0,2021
2021-09-07,Austria,Scotland,0.0,1.0,FIFA World Cup qualification,Vienna,Austria,False,Away Win,1740.0,1626.0,114.0,2021
2021-09-07,Croatia,Slovenia,3.0,0.0,FIFA World Cup qualification,Split,Croatia,False,Home Win,1841.0,1616.0,225.0,2021
2021-09-07,Slovakia,Cyprus,2.0,0.0,FIFA World Cup qualification,Bratislava,Slovakia,False,Home Win,1656.0,1316.0,340.0,2021
2021-09-07,Russia,Malta,2.0,0.0,FIFA World Cup qualification,Moscow,Russia,False,Home Win,1739.0,1256.0,483.0,2021
2021-09-07,China,Japan,0.0,1.0,FIFA World Cup qualification,Doha,Qatar,True,Away Win,1473.0,1762.0,-289.0,2021
2021-09-07,Norway,Gibraltar,5.0,1.0,FIFA World Cup qualification,Oslo,Norway,False,Home Win,1749.0,1076.0,673.0,2021
2021-09-08,Greece,Sweden,2.0,1.0,FIFA World Cup qualification,Athens,Greece,False,Home Win,1650.0,1838.0,-188.0,2021
2021-09-08,Bulgaria,Georgia,4.0,1.0,Friendly,Sofia,Bulgaria,False,Home Win,1488.0,1500.0,-12.0,2021
2021-09-08,Czechia,Ukraine,1.0,1.0,Friendly,Plzeň,Czech Republic,False,Draw,1744.0,1789.0,-45.0,2021
2021-09-08,Guatemala,Nicaragua,2.0,2.0,Friendly,Antigua Guatemala,Guatemala,False,Draw,1510.0,1279.0,231.0,2021
2021-09-08,Kosovo,Spain,0.0,2.0,FIFA World Cup qualification,Pristina,Kosovo,False,Away Win,1484.0,2034.0,-550.0,2021
2021-09-08,Iceland,Germany,0.0,4.0,FIFA World Cup qualification,Reykjavík,Iceland,False,Away Win,1596.0,1935.0,-339.0,2021
2021-09-08,Italy,Lithuania,5.0,0.0,FIFA World Cup qualification,Reggio Emilia,Italy,False,Home Win,2006.0,1360.0,646.0,2021
2021-09-08,Hungary,Andorra,2.0,1.0,FIFA World Cup qualification,Budapest,Hungary,False,Home Win,1743.0,1029.0,714.0,2021
2021-09-08,Poland,England,1.0,1.0,FIFA World Cup qualification,Warsaw,Poland,False,Draw,1814.0,1970.0,-156.0,2021
2021-09-08,Armenia,Liechtenstein,1.0,1.0,FIFA World Cup qualification,Yerevan,Armenia,False,Draw,1558.0,1092.0,466.0,2021
2021-09-08,Wales,Estonia,0.0,0.0,FIFA World Cup qualification,Cardiff,Wales,False,Draw,1805.0,1372.0,433.0,2021
2021-09-08,Panama,Mexico,1.0,1.0,FIFA World Cup qualification,Panama City,Panama,False,Draw,1542.0,1928.0,-386.0,2021
2021-09-08,Belarus,Belgium,0.0,1.0,FIFA World Cup qualification,Kazan,Russia,True,Away Win,1493.0,2083.0,-590.0,2021
2021-09-09,Colombia,Chile,3.0,1.0,FIFA World Cup qualification,Barranquilla,Colombia,False,Home Win,1896.0,1813.0,83.0,2021
2021-09-09,Paraguay,Venezuela,2.0,1.0,FIFA World Cup qualification,Asunción,Paraguay,False,Home Win,1769.0,1801.0,-32.0,2021
2021-09-09,Uruguay,Ecuador,1.0,0.0,FIFA World Cup qualification,Montevideo,Uruguay,False,Home Win,1953.0,1826.0,127.0,2021
2021-09-09,Argentina,Bolivia,3.0,0.0,FIFA World Cup qualification,Buenos Aires,Argentina,False,Home Win,1994.0,1582.0,412.0,2021
2021-09-09,Brazil,Peru,2.0,0.0,FIFA World Cup qualification,Recife,Brazil,False,Home Win,2135.0,1792.0,343.0,2021
2021-09-30,Egypt,Liberia,2.0,0.0,Friendly,Alexandria,Egypt,False,Home Win,1601.0,1329.0,272.0,2021
2021-10-01,Maldives,Nepal,0.0,1.0,SAFF Cup,Malé,Maldives,False,Away Win,949.0,941.0,8.0,2021
2021-10-04,Bangladesh,India,1.0,1.0,SAFF Cup,Malé,Maldives,True,Draw,850.0,1200.0,-350.0,2021
2021-10-06,Sudan,Guinea,1.0,1.0,FIFA World Cup qualification,Marrakesh,Morocco,True,Draw,1382.0,1433.0,-51.0,2021
2021-10-06,Morocco,Guinea-Bissau,5.0,0.0,FIFA World Cup qualification,Rabat,Morocco,False,Home Win,1681.0,1309.0,372.0,2021
2021-10-06,Bahrain,Curaçao,4.0,0.0,Friendly,Riffa,Bahrain,False,Home Win,1544.0,1434.0,110.0,2021
2021-10-06,Jordan,Malaysia,4.0,0.0,Friendly,Amman,Jordan,False,Home Win,1450.0,1204.0,246.0,2021
2021-10-06,Italy,Spain,1.0,2.0,UEFA Nations League,Milan,Italy,False,Away Win,2006.0,2034.0,-28.0,2021
2021-10-07,Rwanda,Uganda,0.0,1.0,FIFA World Cup qualification,Kigali,Rwanda,False,Away Win,1324.0,1463.0,-139.0,2021
2021-10-07,Tunisia,Mauritania,3.0,0.0,FIFA World Cup qualification,Radès,Tunisia,False,Home Win,1643.0,1379.0,264.0,2021
2021-10-07,Tanzania,Benin,0.0,1.0,FIFA World Cup qualification,Dar es Salaam,Tanzania,False,Away Win,1294.0,1476.0,-182.0,2021
2021-10-07,Australia,Oman,3.0,1.0,FIFA World Cup qualification,Doha,Qatar,True,Home Win,1731.0,1496.0,235.0,2021
2021-10-07,China,Vietnam,3.0,2.0,FIFA World Cup qualification,Sharjah,United Arab Emirates,True,Home Win,1473.0,1425.0,48.0,2021
2021-10-07,Iraq,Lebanon,0.0,0.0,FIFA World Cup qualification,Doha,Qatar,True,Draw,1631.0,1407.0,224.0,2021
2021-10-07,Mali,Kenya,5.0,0.0,FIFA World Cup qualification,Agadir,Morocco,True,Home Win,1574.0,1372.0,202.0,2021
2021-10-07,Mexico,Canada,1.0,1.0,FIFA World Cup qualification,Mexico City,Mexico,False,Draw,1928.0,1565.0,363.0,2021
2021-10-07,Ecuador,Bolivia,3.0,0.0,FIFA World Cup qualification,Guayaquil,Ecuador,False,Home Win,1826.0,1582.0,244.0,2021
2021-10-07,Maldives,Bangladesh,2.0,0.0,SAFF Cup,Malé,Maldives,False,Home Win,949.0,850.0,99.0,2021
2021-10-07,Indonesia,Taiwan,2.0,1.0,AFC Asian Cup qualification,Buriram,Thailand,True,Home Win,1108.0,909.0,199.0,2021
2021-10-07,Uruguay,Colombia,0.0,0.0,FIFA World Cup qualification,Montevideo,Uruguay,False,Draw,1953.0,1896.0,57.0,2021
2021-10-07,Belgium,France,2.0,3.0,UEFA Nations League,Turin,Italy,True,Away Win,2083.0,2046.0,37.0,2021
2021-10-07,Paraguay,Argentina,0.0,0.0,FIFA World Cup qualification,Asunción,Paraguay,False,Draw,1769.0,1994.0,-225.0,2021
2021-10-07,Venezuela,Brazil,1.0,3.0,FIFA World Cup qualification,Caracas,Venezuela,False,Away Win,1801.0,2135.0,-334.0,2021
2021-10-07,Peru,Chile,2.0,0.0,FIFA World Cup qualification,Lima,Peru,False,Home Win,1792.0,1813.0,-21.0,2021
2021-10-08,Russia,Slovakia,1.0,0.0,FIFA World Cup qualification,Kazan,Russia,False,Home Win,1739.0,1656.0,83.0,2021
2021-10-08,Malta,Slovenia,0.0,4.0,FIFA World Cup qualification,Ta' Qali,Malta,False,Away Win,1256.0,1616.0,-360.0,2021
2021-10-08,Czechia,Wales,2.0,2.0,FIFA World Cup qualification,Prague,Czech Republic,False,Draw,1744.0,1805.0,-61.0,2021
2021-10-08,Estonia,Belarus,2.0,0.0,FIFA World Cup qualification,Tallinn,Estonia,False,Home Win,1372.0,1493.0,-121.0,2021
2021-10-08,Latvia,Netherlands,0.0,1.0,FIFA World Cup qualification,Riga,Latvia,False,Away Win,1283.0,1920.0,-637.0,2021
2021-10-08,Germany,Romania,2.0,1.0,FIFA World Cup qualification,Hamburg,Germany,False,Home Win,1935.0,1666.0,269.0,2021
2021-10-08,Gibraltar,Montenegro,0.0,3.0,FIFA World Cup qualification,Gibraltar,Gibraltar,False,Away Win,1076.0,1528.0,-452.0,2021
2021-10-08,Iceland,Armenia,1.0,1.0,FIFA World Cup qualification,Reykjavík,Iceland,False,Draw,1596.0,1558.0,38.0,2021
2021-10-08,Algeria,Niger,6.0,1.0,FIFA World Cup qualification,Algiers,Algeria,False,Home Win,1702.0,1254.0,448.0,2021
2021-10-08,Cameroon,Mozambique,3.0,1.0,FIFA World Cup qualification,Douala,Cameroon,False,Home Win,1691.0,1311.0,380.0,2021
2021-10-08,Angola,Gabon,3.0,1.0,FIFA World Cup qualification,Luanda,Angola,False,Home Win,1349.0,1404.0,-55.0,2021
2021-10-08,Egypt,Libya,1.0,0.0,FIFA World Cup qualification,Alexandria,Egypt,False,Home Win,1601.0,1354.0,247.0,2021
2021-10-08,Cyprus,Croatia,0.0,3.0,FIFA World Cup qualification,Larnaca,Cyprus,False,Away Win,1316.0,1841.0,-525.0,2021
2021-10-08,Turkey,Norway,1.0,1.0,FIFA World Cup qualification,Istanbul,Turkey,False,Draw,1719.0,1749.0,-30.0,2021
2021-10-09,Andorra,England,0.0,5.0,FIFA World Cup qualification,Andorra la Vella,Andorra,False,Away Win,1029.0,1970.0,-941.0,2021
2021-10-09,Azerbaijan,Ireland,0.0,3.0,FIFA World Cup qualification,Baku,Azerbaijan,False,Away Win,1377.0,1604.0,-227.0,2021
2021-10-09,Luxembourg,Serbia,0.0,1.0,FIFA World Cup qualification,Luxembourg,Luxembourg,False,Away Win,1395.0,1802.0,-407.0,2021
2021-10-09,Sweden,Kosovo,3.0,0.0,FIFA World Cup qualification,Stockholm,Sweden,False,Home Win,1838.0,1484.0,354.0,2021
2021-10-09,Georgia,Greece,0.0,2.0,FIFA World Cup qualification,Batumi,Georgia,False,Away Win,1500.0,1650.0,-150.0,2021
2021-10-09,Lithuania,Bulgaria,3.0,1.0,FIFA World Cup qualification,Vilnius,Lithuania,False,Home Win,1360.0,1488.0,-128.0,2021
2021-10-09,Finland,Ukraine,1.0,2.0,FIFA World Cup qualification,Helsinki,Finland,False,Away Win,1708.0,1789.0,-81.0,2021
2021-10-09,Scotland,Israel,3.0,2.0,FIFA World Cup qualification,Glasgow,Scotland,False,Home Win,1626.0,1662.0,-36.0,2021
2021-10-09,Ghana,Zimbabwe,3.0,1.0,FIFA World Cup qualification,Cape Coast,Ghana,False,Home Win,1605.0,1408.0,197.0,2021
2021-10-09,Senegal,Namibia,4.0,1.0,FIFA World Cup qualification,Thiès,Senegal,False,Home Win,1749.0,1335.0,414.0,2021
2021-10-09,Guinea,Sudan,2.0,2.0,FIFA World Cup qualification,Agadir,Morocco,True,Draw,1433.0,1382.0,51.0,2021
2021-10-09,Portugal,Qatar,3.0,0.0,Friendly,Faro-Loulé,Portugal,False,Home Win,2012.0,1681.0,331.0,2021
2021-10-09,Uzbekistan,Malaysia,5.0,1.0,Friendly,Amman,Jordan,True,Home Win,1568.0,1204.0,364.0,2021
2021-10-09,Guam,Cambodia,0.0,1.0,AFC Asian Cup qualification,Isa Town,Bahrain,True,Away Win,734.0,838.0,-104.0,2021
2021-10-09,Morocco,Guinea-Bissau,3.0,0.0,FIFA World Cup qualification,Casablanca,Morocco,False,Home Win,1681.0,1309.0,372.0,2021
2021-10-09,Hungary,Albania,0.0,1.0,FIFA World Cup qualification,Budapest,Hungary,False,Away Win,1743.0,1550.0,193.0,2021
2021-10-09,Togo,Congo,1.0,1.0,FIFA World Cup qualification,Lomé,Togo,False,Draw,1292.0,1403.0,-111.0,2021
2021-10-10,Benin,Tanzania,0.0,1.0,FIFA World Cup qualification,Cotonou,Benin,False,Away Win,1476.0,1294.0,182.0,2021
2021-10-10,Jamaica,Canada,0.0,0.0,FIFA World Cup qualification,Kingston,Jamaica,False,Draw,1578.0,1565.0,13.0,2021
2021-10-10,Mexico,Honduras,3.0,0.0,FIFA World Cup qualification,Mexico City,Mexico,False,Home Win,1928.0,1604.0,324.0,2021
2021-10-10,Mauritania,Tunisia,0.0,0.0,FIFA World Cup qualification,Nouakchott,Mauritania,False,Draw,1379.0,1643.0,-264.0,2021
2021-10-10,Kenya,Mali,0.0,1.0,FIFA World Cup qualification,Nairobi,Kenya,False,Away Win,1372.0,1574.0,-202.0,2021
2021-10-10,Uganda,Rwanda,1.0,0.0,FIFA World Cup qualification,Entebbe,Uganda,False,Home Win,1463.0,1324.0,139.0,2021
2021-10-10,Bolivia,Peru,1.0,0.0,FIFA World Cup qualification,La Paz,Bolivia,False,Home Win,1582.0,1792.0,-210.0,2021
2021-10-10,Colombia,Brazil,0.0,0.0,FIFA World Cup qualification,Barranquilla,Colombia,False,Draw,1896.0,2135.0,-239.0,2021
2021-10-10,Argentina,Uruguay,3.0,0.0,FIFA World Cup qualification,Buenos Aires,Argentina,False,Home Win,1994.0,1953.0,41.0,2021
2021-10-10,Chile,Paraguay,2.0,0.0,FIFA World Cup qualification,Santiago,Chile,False,Home Win,1813.0,1769.0,44.0,2021
2021-10-10,Nepal,India,0.0,1.0,SAFF Cup,Malé,Maldives,True,Away Win,941.0,1200.0,-259.0,2021
2021-10-10,Italy,Belgium,2.0,1.0,UEFA Nations League,Turin,Italy,False,Home Win,2006.0,2083.0,-77.0,2021
2021-10-10,Spain,France,1.0,2.0,UEFA Nations League,Milan,Italy,True,Away Win,2034.0,2046.0,-12.0,2021
2021-10-10,Venezuela,Ecuador,2.0,1.0,FIFA World Cup qualification,Caracas,Venezuela,False,Home Win,1801.0,1826.0,-25.0,2021
2021-10-11,Cyprus,Malta,2.0,2.0,FIFA World Cup qualification,Larnaca,Cyprus,False,Draw,1316.0,1256.0,60.0,2021
2021-10-11,Belarus,Czechia,0.0,2.0,FIFA World Cup qualification,Kazan,Russia,True,Away Win,1493.0,1744.0,-251.0,2021
2021-10-11,Estonia,Wales,0.0,1.0,FIFA World Cup qualification,Tallinn,Estonia,False,Away Win,1372.0,1805.0,-433.0,2021
2021-10-11,Netherlands,Gibraltar,6.0,0.0,FIFA World Cup qualification,Rotterdam,Netherlands,False,Home Win,1920.0,1076.0,844.0,2021
2021-10-11,Croatia,Slovakia,2.0,2.0,FIFA World Cup qualification,Osijek,Croatia,False,Draw,1841.0,1656.0,185.0,2021
2021-10-11,Latvia,Turkey,1.0,2.0,FIFA World Cup qualification,Riga,Latvia,False,Away Win,1283.0,1719.0,-436.0,2021
2021-10-11,Norway,Montenegro,2.0,0.0,FIFA World Cup qualification,Oslo,Norway,False,Home Win,1749.0,1528.0,221.0,2021
2021-10-11,Gabon,Angola,2.0,0.0,FIFA World Cup qualification,Franceville,Gabon,False,Home Win,1404.0,1349.0,55.0,2021
2021-10-11,Romania,Armenia,1.0,0.0,FIFA World Cup qualification,Bucharest,Romania,False,Home Win,1666.0,1558.0,108.0,2021
2021-10-11,Mozambique,Cameroon,0.0,1.0,FIFA World Cup qualification,Tangier,Morocco,True,Away Win,1311.0,1691.0,-380.0,2021
2021-10-11,Slovenia,Russia,1.0,2.0,FIFA World Cup qualification,Maribor,Slovenia,False,Away Win,1616.0,1739.0,-123.0,2021
2021-10-11,Libya,Egypt,0.0,3.0,FIFA World Cup qualification,Benina,Libya,False,Away Win,1354.0,1601.0,-247.0,2021
2021-10-11,Taiwan,Indonesia,0.0,3.0,AFC Asian Cup qualification,Buriram,Thailand,True,Away Win,909.0,1108.0,-199.0,2021
2021-10-11,Iceland,Liechtenstein,4.0,0.0,FIFA World Cup qualification,Reykjavík,Iceland,False,Home Win,1596.0,1092.0,504.0,2021
2021-10-12,Syria,Lebanon,2.0,3.0,FIFA World Cup qualification,Amman,Jordan,True,Away Win,1481.0,1407.0,74.0,2021
2021-10-12,Japan,Australia,2.0,1.0,FIFA World Cup qualification,Saitama,Japan,False,Home Win,1762.0,1731.0,31.0,2021
2021-10-12,Oman,Vietnam,3.0,1.0,FIFA World Cup qualification,Muscat,Oman,False,Home Win,1496.0,1425.0,71.0,2021
2021-10-12,Portugal,Luxembourg,5.0,0.0,FIFA World Cup qualification,Faro-Loulé,Portugal,False,Home Win,2018.0,1394.0,624.0,2021
2021-10-12,Serbia,Azerbaijan,3.0,1.0,FIFA World Cup qualification,Belgrade,Serbia,False,Home Win,1803.0,1352.0,451.0,2021
2021-10-12,Kosovo,Georgia,1.0,2.0,FIFA World Cup qualification,Pristina,Kosovo,False,Away Win,1502.0,1463.0,39.0,2021
2021-10-12,Sweden,Greece,2.0,0.0,FIFA World Cup qualification,Stockholm,Sweden,False,Home Win,1865.0,1704.0,161.0,2021
2021-10-12,Lithuania,Switzerland,0.0,4.0,FIFA World Cup qualification,Vilnius,Lithuania,False,Away Win,1333.0,1913.0,-580.0,2021
2021-10-12,Kazakhstan,Finland,0.0,2.0,FIFA World Cup qualification,Astana,Kazakhstan,False,Away Win,1358.0,1683.0,-325.0,2021
2021-10-12,Morocco,Guinea,4.0,1.0,FIFA World Cup qualification,Agadir,Morocco,False,Home Win,1701.0,1423.0,278.0,2021
2021-10-12,Denmark,Austria,1.0,0.0,FIFA World Cup qualification,Copenhagen,Denmark,False,Home Win,1978.0,1716.0,262.0,2021
2021-10-12,England,Hungary,1.0,1.0,FIFA World Cup qualification,London,England,False,Draw,2045.0,1677.0,368.0,2021
2021-10-12,Albania,Poland,0.0,1.0,FIFA World Cup qualification,Tirana,Albania,False,Away Win,1604.0,1782.0,-178.0,2021
2021-10-12,Niger,Algeria,0.0,4.0,FIFA World Cup qualification,Niamey,Niger,False,Away Win,1254.0,1702.0,-448.0,2021
2021-10-12,Zimbabwe,Ghana,0.0,1.0,FIFA World Cup qualification,Harare,Zimbabwe,False,Away Win,1333.0,1588.0,-255.0,2021
2021-10-12,Namibia,Senegal,1.0,3.0,FIFA World Cup qualification,Johannesburg,South Africa,True,Away Win,1383.0,1705.0,-322.0,2021
2021-10-12,Congo,Togo,1.0,2.0,FIFA World Cup qualification,Brazzaville,Congo,False,Away Win,1350.0,1251.0,99.0,2021
2021-10-12,Jordan,Uzbekistan,3.0,0.0,Friendly,Amman,Jordan,False,Home Win,1450.0,1554.0,-104.0,2021
2021-10-12,Ireland,Qatar,4.0,0.0,Friendly,Dublin,Republic of Ireland,False,Home Win,1631.0,1673.0,-42.0,2021
2021-10-12,Cambodia,Guam,2.0,1.0,AFC Asian Cup qualification,Isa Town,Bahrain,True,Home Win,852.0,714.0,138.0,2021
2021-10-13,Honduras,Jamaica,0.0,2.0,FIFA World Cup qualification,San Pedro Sula,Honduras,False,Away Win,1604.0,1578.0,26.0,2021
2021-10-13,Canada,Panama,4.0,1.0,FIFA World Cup qualification,Toronto,Canada,False,Home Win,1565.0,1542.0,23.0,2021
2021-10-13,Bangladesh,Nepal,1.0,1.0,SAFF Cup,Malé,Maldives,True,Draw,850.0,941.0,-91.0,2021
2021-10-13,Maldives,India,1.0,3.0,SAFF Cup,Malé,Maldives,False,Away Win,949.0,1200.0,-251.0,2021
2021-10-14,Bolivia,Paraguay,4.0,0.0,FIFA World Cup qualification,La Paz,Bolivia,False,Home Win,1582.0,1769.0,-187.0,2021
2021-10-14,Chile,Venezuela,3.0,0.0,FIFA World Cup qualification,Santiago,Chile,False,Home Win,1813.0,1801.0,12.0,2021
2021-10-14,Colombia,Ecuador,0.0,0.0,FIFA World Cup qualification,Barranquilla,Colombia,False,Draw,1896.0,1826.0,70.0,2021
2021-10-14,Brazil,Uruguay,4.0,1.0,FIFA World Cup qualification,Manaus,Brazil,False,Home Win,2135.0,1953.0,182.0,2021
2021-10-14,Argentina,Peru,1.0,0.0,FIFA World Cup qualification,Buenos Aires,Argentina,False,Home Win,1994.0,1792.0,202.0,2021
2021-10-16,India,Nepal,3.0,0.0,SAFF Cup,Malé,Maldives,True,Home Win,1200.0,941.0,259.0,2021
2021-10-27,Mexico,Ecuador,2.0,3.0,Friendly,Charlotte,United States,True,Away Win,1928.0,1826.0,102.0,2021
2021-11-10,Kosovo,Jordan,0.0,2.0,Friendly,Pristina,Kosovo,False,Away Win,1502.0,1450.0,52.0,2021
2021-11-10,Nicaragua,Cuba,0.0,3.0,Friendly,Managua,Nicaragua,False,Away Win,1279.0,1252.0,27.0,2021
2021-11-10,Bangladesh,Seychelles,1.0,1.0,Mahinda Rajapaksa Cup,Colombo,Sri Lanka,True,Draw,850.0,893.0,-43.0,2021
2021-11-11,Czechia,Kuwait,7.0,0.0,Friendly,Olomouc,Czech Republic,False,Home Win,1744.0,1373.0,371.0,2021
2021-11-11,Kyrgyzstan,Singapore,2.0,1.0,Friendly,Sharjah,United Arab Emirates,True,Home Win,1234.0,1139.0,95.0,2021
2021-11-11,Rwanda,Mali,0.0,3.0,FIFA World Cup qualification,Kigali,Rwanda,False,Away Win,1324.0,1574.0,-250.0,2021
2021-11-11,Serbia,Qatar,4.0,0.0,Friendly,Belgrade,Serbia,False,Home Win,1803.0,1673.0,130.0,2021
2021-11-11,Uganda,Kenya,1.0,1.0,FIFA World Cup qualification,Entebbe,Uganda,False,Draw,1463.0,1372.0,91.0,2021
2021-11-11,Benin,Madagascar,2.0,0.0,FIFA World Cup qualification,Cotonou,Benin,False,Home Win,1476.0,1422.0,54.0,2021
2021-11-11,Ethiopia,Ghana,1.0,1.0,FIFA World Cup qualification,Johannesburg,South Africa,True,Draw,1325.0,1588.0,-263.0,2021
2021-11-11,Congo,Namibia,1.0,1.0,FIFA World Cup qualification,Brazzaville,Congo,False,Draw,1350.0,1383.0,-33.0,2021
2021-11-11,Lebanon,Iran,1.0,2.0,FIFA World Cup qualification,Sidon,Lebanon,False,Away Win,1407.0,1794.0,-387.0,2021
2021-11-11,Iraq,Syria,1.0,1.0,FIFA World Cup qualification,Al Rayyan,Qatar,True,Draw,1631.0,1481.0,150.0,2021
2021-11-11,Vietnam,Japan,0.0,1.0,FIFA World Cup qualification,Hanoi,Vietnam,False,Away Win,1425.0,1762.0,-337.0,2021
2021-11-11,Ukraine,Bulgaria,1.0,1.0,Friendly,Odessa,Ukraine,False,Draw,1814.0,1492.0,322.0,2021
2021-11-11,China,Oman,1.0,1.0,FIFA World Cup qualification,Sharjah,United Arab Emirates,True,Draw,1473.0,1496.0,-23.0,2021
2021-11-11,Paraguay,Chile,0.0,1.0,FIFA World Cup qualification,Asunción,Paraguay,False,Away Win,1769.0,1813.0,-44.0,2021
2021-11-11,Ireland,Portugal,0.0,0.0,FIFA World Cup qualification,Dublin,Republic of Ireland,False,Draw,1631.0,2018.0,-387.0,2021
2021-11-11,Togo,Senegal,1.0,1.0,FIFA World Cup qualification,Lomé,Togo,False,Draw,1251.0,1705.0,-454.0,2021
2021-11-11,Georgia,Sweden,2.0,0.0,FIFA World Cup qualification,Batumi,Georgia,False,Home Win,1463.0,1865.0,-402.0,2021
2021-11-11,Greece,Spain,0.0,1.0,FIFA World Cup qualification,Athens,Greece,False,Away Win,1704.0,2034.0,-330.0,2021
2021-11-11,Brazil,Colombia,1.0,0.0,FIFA World Cup qualification,São Paulo,Brazil,False,Home Win,2135.0,1896.0,239.0,2021
2021-11-11,Malta,Croatia,1.0,7.0,FIFA World Cup qualification,Ta' Qali,Malta,False,Away Win,1256.0,1841.0,-585.0,2021
2021-11-11,Russia,Cyprus,6.0,0.0,FIFA World Cup qualification,Saint Petersburg,Russia,False,Home Win,1739.0,1316.0,423.0,2021
2021-11-11,Germany,Liechtenstein,9.0,0.0,FIFA World Cup qualification,Wolfsburg,Germany,False,Home Win,1935.0,1092.0,843.0,2021
2021-11-11,Romania,Iceland,0.0,0.0,FIFA World Cup qualification,Bucharest,Romania,False,Draw,1666.0,1596.0,70.0,2021
2021-11-11,Peru,Bolivia,3.0,0.0,FIFA World Cup qualification,Lima,Peru,False,Home Win,1792.0,1582.0,210.0,2021
2021-11-11,Azerbaijan,Luxembourg,1.0,3.0,FIFA World Cup qualification,Baku,Azerbaijan,False,Away Win,1352.0,1394.0,-42.0,2021
2021-11-11,Slovakia,Slovenia,2.0,2.0,FIFA World Cup qualification,Trnava,Slovakia,False,Draw,1656.0,1616.0,40.0,2021
2021-11-11,Ecuador,Venezuela,1.0,0.0,FIFA World Cup qualification,Quito,Ecuador,False,Home Win,1826.0,1801.0,25.0,2021
2021-11-12,Guinea,Guinea-Bissau,0.0,0.0,FIFA World Cup qualification,Conakry,Guinea,False,Draw,1423.0,1383.0,40.0,2021
2021-11-12,Honduras,Panama,2.0,3.0,FIFA World Cup qualification,San Pedro Sula,Honduras,False,Away Win,1604.0,1542.0,62.0,2021
2021-11-12,Djibouti,Algeria,0.0,4.0,FIFA World Cup qualification,Cairo,Egypt,True,Away Win,752.0,1702.0,-950.0,2021
2021-11-12,Gabon,Libya,1.0,0.0,FIFA World Cup qualification,Franceville,Gabon,False,Home Win,1404.0,1354.0,50.0,2021
2021-11-12,Morocco,Sudan,3.0,0.0,FIFA World Cup qualification,Rabat,Morocco,False,Home Win,1701.0,1358.0,343.0,2021
2021-11-12,Angola,Egypt,2.0,2.0,FIFA World Cup qualification,Luanda,Angola,False,Draw,1349.0,1601.0,-252.0,2021
2021-11-12,Italy,Switzerland,1.0,1.0,FIFA World Cup qualification,Rome,Italy,False,Draw,2006.0,1913.0,93.0,2021
2021-11-12,England,Albania,5.0,0.0,FIFA World Cup qualification,London,England,False,Home Win,2045.0,1604.0,441.0,2021
2021-11-12,Andorra,Poland,1.0,4.0,FIFA World Cup qualification,Andorra la Vella,Andorra,False,Away Win,1038.0,1782.0,-744.0,2021
2021-11-12,Uruguay,Argentina,0.0,1.0,FIFA World Cup qualification,Montevideo,Uruguay,False,Away Win,1953.0,1994.0,-41.0,2021
2021-11-12,Austria,Israel,4.0,2.0,FIFA World Cup qualification,Klagenfurt,Austria,False,Home Win,1716.0,1641.0,75.0,2021
2021-11-13,Malawi,Cameroon,0.0,4.0,FIFA World Cup qualification,Johannesburg,South Africa,True,Away Win,1337.0,1691.0,-354.0,2021
2021-11-13,Burundi,Myanmar,2.0,1.0,Friendly,Manavgat,Turkey,True,Home Win,1252.0,1050.0,202.0,2021
2021-11-13,Nicaragua,Cuba,2.0,0.0,Friendly,Managua,Nicaragua,False,Home Win,1279.0,1252.0,27.0,2021
2021-11-13,Bangladesh,Maldives,2.0,1.0,Mahinda Rajapaksa Cup,Colombo,Sri Lanka,True,Home Win,850.0,949.0,-99.0,2021
2021-11-13,Zambia,Mauritania,4.0,0.0,FIFA World Cup qualification,Lusaka,Zambia,False,Home Win,1437.0,1379.0,58.0,2021
2021-11-13,Liberia,Nigeria,0.0,2.0,FIFA World Cup qualification,Tangier,Morocco,True,Away Win,1329.0,1668.0,-339.0,2021
2021-11-13,Wales,Belarus,5.0,1.0,FIFA World Cup qualification,Cardiff,Wales,False,Home Win,1805.0,1493.0,312.0,2021
2021-11-13,Belgium,Estonia,3.0,1.0,FIFA World Cup qualification,Brussels,Belgium,False,Home Win,2083.0,1372.0,711.0,2021
2021-11-13,Norway,Latvia,0.0,0.0,FIFA World Cup qualification,Oslo,Norway,False,Draw,1749.0,1283.0,466.0,2021
2021-11-13,Turkey,Gibraltar,6.0,0.0,FIFA World Cup qualification,Istanbul,Turkey,False,Home Win,1719.0,1076.0,643.0,2021
2021-11-13,Montenegro,Netherlands,2.0,2.0,FIFA World Cup qualification,Podgorica,Montenegro,False,Draw,1528.0,1920.0,-392.0,2021
2021-11-13,France,Kazakhstan,8.0,0.0,FIFA World Cup qualification,Paris,France,False,Home Win,2046.0,1358.0,688.0,2021
2021-11-14,Azerbaijan,Qatar,2.0,2.0,Friendly,Baku,Azerbaijan,False,Draw,1352.0,1673.0,-321.0,2021
2021-11-14,Zimbabwe,Ethiopia,1.0,1.0,FIFA World Cup qualification,Harare,Zimbabwe,False,Draw,1333.0,1325.0,8.0,2021
2021-11-14,Senegal,Congo,2.0,0.0,FIFA World Cup qualification,Thiès,Senegal,False,Home Win,1705.0,1350.0,355.0,2021
2021-11-14,Luxembourg,Ireland,0.0,3.0,FIFA World Cup qualification,Luxembourg,Luxembourg,False,Away Win,1394.0,1631.0,-237.0,2021
2021-11-14,Mali,Uganda,1.0,0.0,FIFA World Cup qualification,Agadir,Morocco,True,Home Win,1574.0,1463.0,111.0,2021
2021-11-14,Nicaragua,Cuba,2.0,0.0,Friendly,Managua,Nicaragua,False,Home Win,1230.0,1276.0,-46.0,2021
2021-11-14,Portugal,Serbia,1.0,2.0,FIFA World Cup qualification,Lisbon,Portugal,False,Away Win,2018.0,1803.0,215.0,2021
2021-11-14,Croatia,Russia,1.0,0.0,FIFA World Cup qualification,Split,Croatia,False,Home Win,1841.0,1739.0,102.0,2021
2021-11-14,Spain,Sweden,1.0,0.0,FIFA World Cup qualification,Seville,Spain,False,Home Win,2034.0,1865.0,169.0,2021
2021-11-14,Greece,Kosovo,1.0,1.0,FIFA World Cup qualification,Athens,Greece,False,Draw,1704.0,1502.0,202.0,2021
2021-11-14,Armenia,Germany,1.0,4.0,FIFA World Cup qualification,Yerevan,Armenia,False,Away Win,1558.0,1935.0,-377.0,2021
2021-11-14,Liechtenstein,Romania,0.0,2.0,FIFA World Cup qualification,Vaduz,Liechtenstein,False,Away Win,1092.0,1666.0,-574.0,2021
2021-11-14,Madagascar,Tanzania,1.0,1.0,FIFA World Cup qualification,Antananarivo,Madagascar,False,Draw,1422.0,1294.0,128.0,2021
2021-11-14,Malta,Slovakia,0.0,6.0,FIFA World Cup qualification,Ta' Qali,Malta,False,Away Win,1256.0,1656.0,-400.0,2021
2021-11-14,Slovenia,Cyprus,2.0,1.0,FIFA World Cup qualification,Ljubljana,Slovenia,False,Home Win,1616.0,1316.0,300.0,2021
2021-11-15,Georgia,Uzbekistan,1.0,0.0,Friendly,Gori,Georgia,False,Home Win,1463.0,1554.0,-91.0,2021
2021-11-15,Lithuania,Kuwait,1.0,1.0,Friendly,Vilnius,Lithuania,False,Draw,1333.0,1373.0,-40.0,2021
2021-11-15,Niger,Djibouti,7.0,2.0,FIFA World Cup qualification,Niamey,Niger,False,Home Win,1254.0,752.0,502.0,2021
2021-11-15,Kenya,Rwanda,2.0,1.0,FIFA World Cup qualification,Nairobi,Kenya,False,Home Win,1372.0,1324.0,48.0,2021
2021-11-15,Poland,Hungary,1.0,2.0,FIFA World Cup qualification,Warsaw,Poland,False,Away Win,1782.0,1677.0,105.0,2021
2021-11-15,Namibia,Togo,0.0,1.0,FIFA World Cup qualification,Johannesburg,South Africa,True,Away Win,1383.0,1251.0,132.0,2021
2021-11-15,Switzerland,Bulgaria,4.0,0.0,FIFA World Cup qualification,Lucerne,Switzerland,False,Home Win,1913.0,1492.0,421.0,2021
2021-11-15,Scotland,Denmark,2.0,0.0,FIFA World Cup qualification,Glasgow,Scotland,False,Home Win,1671.0,1978.0,-307.0,2021
2021-11-15,Albania,Andorra,1.0,0.0,FIFA World Cup qualification,Tirana,Albania,False,Home Win,1604.0,1038.0,566.0,2021
2021-11-15,Guinea-Bissau,Sudan,0.0,0.0,FIFA World Cup qualification,Marrakesh,Morocco,True,Draw,1383.0,1358.0,25.0,2021
2021-11-16,Belarus,Jordan,1.0,0.0,Friendly,Minsk,Belarus,False,Home Win,1443.0,1450.0,-7.0,2021
2021-11-16,Oman,Japan,0.0,1.0,FIFA World Cup qualification,Muscat,Oman,False,Away Win,1496.0,1762.0,-266.0,2021
2021-11-16,Indonesia,Afghanistan,0.0,1.0,Friendly,Antalya,Turkey,True,Away Win,1108.0,1140.0,-32.0,2021
2021-11-16,Maldives,Seychelles,0.0,0.0,Mahinda Rajapaksa Cup,Colombo,Sri Lanka,True,Draw,904.0,901.0,3.0,2021
2021-11-16,Kazakhstan,Tajikistan,1.0,0.0,Friendly,Astana,Kazakhstan,False,Home Win,1344.0,1252.0,92.0,2021
2021-11-16,Egypt,Gabon,2.0,1.0,FIFA World Cup qualification,Alexandria,Egypt,False,Home Win,1601.0,1404.0,197.0,2021
2021-11-16,Libya,Angola,1.0,1.0,FIFA World Cup qualification,Benghazi,Libya,False,Draw,1354.0,1349.0,5.0,2021
2021-11-16,Syria,Iran,0.0,3.0,FIFA World Cup qualification,Amman,Jordan,True,Away Win,1481.0,1794.0,-313.0,2021
2021-11-16,Tunisia,Zambia,3.0,1.0,FIFA World Cup qualification,Radès,Tunisia,False,Home Win,1634.0,1433.0,201.0,2021
2021-11-16,Bahrain,Kyrgyzstan,4.0,2.0,Friendly,Isa Town,Bahrain,False,Home Win,1544.0,1234.0,310.0,2021
2021-11-16,Mozambique,Malawi,1.0,0.0,FIFA World Cup qualification,Cotonou,Benin,True,Home Win,1284.0,1292.0,-8.0,2021
2021-11-16,China,Australia,1.0,1.0,FIFA World Cup qualification,Sharjah,United Arab Emirates,True,Draw,1473.0,1731.0,-258.0,2021
2021-11-16,Finland,France,0.0,2.0,FIFA World Cup qualification,Helsinki,Finland,False,Away Win,1732.0,2104.0,-372.0,2021
2021-11-16,Canada,Mexico,2.0,1.0,FIFA World Cup qualification,Edmonton,Canada,False,Home Win,1565.0,1928.0,-363.0,2021
2021-11-16,Wales,Belgium,1.0,1.0,FIFA World Cup qualification,Cardiff,Wales,False,Draw,1827.0,2082.0,-255.0,2021
2021-11-16,Czechia,Estonia,2.0,0.0,FIFA World Cup qualification,Prague,Czech Republic,False,Home Win,1744.0,1431.0,313.0,2021
2021-11-16,Morocco,Guinea,3.0,0.0,FIFA World Cup qualification,Casablanca,Morocco,False,Home Win,1701.0,1423.0,278.0,2021
2021-11-16,Montenegro,Turkey,1.0,2.0,FIFA World Cup qualification,Podgorica,Montenegro,False,Away Win,1529.0,1711.0,-182.0,2021
2021-11-16,Netherlands,Norway,2.0,0.0,FIFA World Cup qualification,Rotterdam,Netherlands,False,Home Win,1919.0,1742.0,177.0,2021
2021-11-16,Gibraltar,Latvia,1.0,3.0,FIFA World Cup qualification,Gibraltar,Gibraltar,False,Away Win,1065.0,1309.0,-244.0,2021
2021-11-16,Colombia,Paraguay,0.0,0.0,FIFA World Cup qualification,Barranquilla,Colombia,False,Draw,1896.0,1769.0,127.0,2021
2021-11-16,Argentina,Brazil,0.0,0.0,FIFA World Cup qualification,San Juan,Argentina,False,Draw,1994.0,2135.0,-141.0,2021
2021-11-16,Chile,Ecuador,0.0,2.0,FIFA World Cup qualification,Santiago,Chile,False,Away Win,1813.0,1826.0,-13.0,2021
2021-11-16,Bolivia,Uruguay,3.0,0.0,FIFA World Cup qualification,La Paz,Bolivia,False,Home Win,1582.0,1953.0,-371.0,2021
2021-11-16,Venezuela,Peru,1.0,2.0,FIFA World Cup qualification,Caracas,Venezuela,False,Away Win,1801.0,1792.0,9.0,2021
2021-11-25,Indonesia,Myanmar,4.0,1.0,Friendly,Antalya,Turkey,True,Home Win,1108.0,1006.0,102.0,2021
2021-11-30,Iraq,Oman,1.0,1.0,Arab Cup,Al Wakrah,Qatar,True,Draw,1631.0,1496.0,135.0,2021
2021-11-30,Qatar,Bahrain,1.0,0.0,Arab Cup,Al Khor,Qatar,False,Home Win,1673.0,1544.0,129.0,2021
2021-11-30,Tunisia,Mauritania,5.0,1.0,Arab Cup,Al Rayyan,Qatar,True,Home Win,1634.0,1340.0,294.0,2021
2021-12-01,Algeria,Sudan,4.0,0.0,Arab Cup,Al Rayyan,Qatar,True,Home Win,1702.0,1358.0,344.0,2021
2021-12-01,Egypt,Lebanon,1.0,0.0,Arab Cup,Doha,Qatar,True,Home Win,1601.0,1407.0,194.0,2021
2021-12-01,Morocco,Palestine,4.0,0.0,Arab Cup,Al Wakrah,Qatar,True,Home Win,1701.0,1385.0,316.0,2021
2021-12-03,Qatar,Oman,2.0,1.0,Arab Cup,Al Rayyan,Qatar,False,Home Win,1673.0,1496.0,177.0,2021
2021-12-03,Syria,Tunisia,2.0,0.0,Arab Cup,Al Khor,Qatar,True,Home Win,1481.0,1634.0,-153.0,2021
2021-12-03,Bahrain,Iraq,0.0,0.0,Arab Cup,Doha,Qatar,True,Draw,1544.0,1631.0,-87.0,2021
2021-12-04,Jordan,Morocco,0.0,4.0,Arab Cup,Al Rayyan,Qatar,True,Away Win,1450.0,1701.0,-251.0,2021
2021-12-04,Lebanon,Algeria,0.0,2.0,Arab Cup,Al Wakrah,Qatar,True,Away Win,1407.0,1702.0,-295.0,2021
2021-12-04,Sudan,Egypt,0.0,5.0,Arab Cup,Doha,Qatar,True,Away Win,1358.0,1601.0,-243.0,2021
2021-12-05,Singapore,Myanmar,3.0,0.0,AFF Championship,Kallang,Singapore,False,Home Win,1139.0,1006.0,133.0,2021
2021-12-06,Oman,Bahrain,3.0,0.0,Arab Cup,Al Rayyan,Qatar,True,Home Win,1496.0,1544.0,-48.0,2021
2021-12-06,Qatar,Iraq,3.0,0.0,Arab Cup,Al Khor,Qatar,False,Home Win,1673.0,1631.0,42.0,2021
2021-12-06,Syria,Mauritania,1.0,2.0,Arab Cup,Al Wakrah,Qatar,True,Away Win,1481.0,1340.0,141.0,2021
2021-12-06,Cambodia,Malaysia,1.0,3.0,AFF Championship,Bishan,Singapore,True,Away Win,852.0,1192.0,-340.0,2021
2021-12-06,Laos,Vietnam,0.0,2.0,AFF Championship,Bishan,Singapore,True,Away Win,770.0,1425.0,-655.0,2021
2021-12-07,Jordan,Palestine,5.0,1.0,Arab Cup,Doha,Qatar,True,Home Win,1450.0,1385.0,65.0,2021
2021-12-07,Algeria,Egypt,1.0,1.0,Arab Cup,Al Wakrah,Qatar,True,Draw,1702.0,1601.0,101.0,2021
2021-12-07,Lebanon,Sudan,1.0,0.0,Arab Cup,Al Rayyan,Qatar,True,Home Win,1407.0,1358.0,49.0,2021
2021-12-08,Mexico,Chile,2.0,2.0,Friendly,Austin,United States,True,Draw,1928.0,1813.0,115.0,2021
2021-12-08,Singapore,Philippines,2.0,1.0,AFF Championship,Kallang,Singapore,False,Home Win,1139.0,1147.0,-8.0,2021
2021-12-09,Tanzania,Uganda,0.0,2.0,Friendly,Dar es Salaam,Tanzania,False,Away Win,1294.0,1463.0,-169.0,2021
2021-12-09,Malaysia,Laos,4.0,0.0,AFF Championship,Bishan,Singapore,True,Home Win,1192.0,770.0,422.0,2021
2021-12-09,Indonesia,Cambodia,4.0,2.0,AFF Championship,Bishan,Singapore,True,Home Win,1108.0,852.0,256.0,2021
2021-12-10,Tunisia,Oman,2.0,1.0,Arab Cup,Al Rayyan,Qatar,True,Home Win,1634.0,1496.0,138.0,2021
2021-12-11,Egypt,Jordan,3.0,1.0,Arab Cup,Al Wakrah,Qatar,True,Home Win,1601.0,1450.0,151.0,2021
2021-12-11,Morocco,Algeria,2.0,2.0,Arab Cup,Doha,Qatar,True,Draw,1701.0,1702.0,-1.0,2021
2021-12-11,Thailand,Myanmar,4.0,0.0,AFF Championship,Kallang,Singapore,True,Home Win,1319.0,1006.0,313.0,2021
2021-12-12,Laos,Indonesia,1.0,5.0,AFF Championship,Bishan,Singapore,True,Away Win,770.0,1108.0,-338.0,2021
2021-12-12,Vietnam,Malaysia,3.0,0.0,AFF Championship,Bishan,Singapore,True,Home Win,1425.0,1192.0,233.0,2021
2021-12-14,Philippines,Thailand,1.0,2.0,AFF Championship,Kallang,Singapore,True,Away Win,1147.0,1319.0,-172.0,2021
2021-12-15,Tunisia,Egypt,1.0,0.0,Arab Cup,Doha,Qatar,True,Home Win,1634.0,1601.0,33.0,2021
2021-12-15,Qatar,Algeria,1.0,2.0,Arab Cup,Doha,Qatar,False,Away Win,1673.0,1702.0,-29.0,2021
2021-12-15,Cambodia,Laos,3.0,0.0,AFF Championship,Bishan,Singapore,True,Home Win,852.0,770.0,82.0,2021
2021-12-15,Indonesia,Vietnam,0.0,0.0,AFF Championship,Bishan,Singapore,True,Draw,1108.0,1425.0,-317.0,2021
2021-12-18,Qatar,Egypt,0.0,0.0,Arab Cup,Doha,Qatar,False,Draw,1673.0,1601.0,72.0,2021
2021-12-18,Tunisia,Algeria,0.0,2.0,Arab Cup,Al Khor,Qatar,True,Away Win,1634.0,1702.0,-68.0,2021
2021-12-18,Singapore,Thailand,0.0,2.0,AFF Championship,Kallang,Singapore,False,Away Win,1139.0,1319.0,-180.0,2021
2021-12-18,Myanmar,Philippines,2.0,3.0,AFF Championship,Bishan,Singapore,True,Away Win,1006.0,1147.0,-141.0,2021
2021-12-19,Vietnam,Cambodia,4.0,0.0,AFF Championship,Bishan,Singapore,True,Home Win,1425.0,852.0,573.0,2021
2021-12-19,Malaysia,Indonesia,1.0,4.0,AFF Championship,Kallang,Singapore,True,Away Win,1192.0,1108.0,84.0,2021
2021-12-22,Singapore,Indonesia,1.0,1.0,AFF Championship,Kallang,Singapore,False,Draw,1139.0,1108.0,31.0,2021
2021-12-23,Vietnam,Thailand,0.0,2.0,AFF Championship,Kallang,Singapore,True,Away Win,1425.0,1319.0,106.0,2021
2021-12-25,Singapore,Indonesia,2.0,4.0,AFF Championship,Kallang,Singapore,False,Away Win,1139.0,1108.0,31.0,2021
2021-12-26,Thailand,Vietnam,0.0,0.0,AFF Championship,Kallang,Singapore,True,Draw,1319.0,1425.0,-106.0,2021
2021-12-29,Indonesia,Thailand,0.0,4.0,AFF Championship,Kallang,Singapore,True,Away Win,1108.0,1319.0,-211.0,2021
2021-12-30,Sudan,Ethiopia,2.0,3.0,Friendly,Limbé,Cameroon,True,Away Win,1358.0,1325.0,33.0,2021
2021-12-31,Malawi,Comoros,2.0,1.0,Friendly,Jeddah,Saudi Arabia,True,Home Win,1292.0,1253.0,39.0,2021
2022-01-01,Thailand,Indonesia,2.0,2.0,AFF Championship,Kallang,Singapore,True,Draw,1319.0,1108.0,211.0,2022
2022-01-02,Sudan,Zimbabwe,0.0,0.0,Friendly,Yaoundé,Cameroon,True,Draw,1358.0,1333.0,25.0,2022
2022-01-03,Rwanda,Guinea,3.0,0.0,Friendly,Kigali,Rwanda,False,Home Win,1324.0,1423.0,-99.0,2022
2022-01-04,Mauritania,Gabon,1.0,1.0,Friendly,Dubai,United Arab Emirates,True,Draw,1340.0,1404.0,-64.0,2022
2022-01-05,Algeria,Ghana,3.0,0.0,Friendly,Al Rayyan,Qatar,True,Home Win,1702.0,1588.0,114.0,2022
2022-01-06,Rwanda,Guinea,0.0,2.0,Friendly,Kigali,Rwanda,False,Away Win,1324.0,1423.0,-99.0,2022
2022-01-10,Senegal,Zimbabwe,1.0,0.0,African Cup of Nations,Bafoussam,Cameroon,True,Home Win,1705.0,1333.0,372.0,2022
2022-01-10,Guinea,Malawi,1.0,0.0,African Cup of Nations,Bafoussam,Cameroon,True,Home Win,1423.0,1292.0,131.0,2022
2022-01-10,Morocco,Ghana,1.0,0.0,African Cup of Nations,Yaoundé,Cameroon,True,Home Win,1701.0,1588.0,113.0,2022
2022-01-10,Comoros,Gabon,0.0,1.0,African Cup of Nations,Yaoundé,Cameroon,True,Away Win,1253.0,1404.0,-151.0,2022
2022-01-11,Nigeria,Egypt,1.0,0.0,African Cup of Nations,Garoua,Cameroon,True,Home Win,1657.0,1601.0,56.0,2022
2022-01-11,Sudan,Guinea-Bissau,0.0,0.0,African Cup of Nations,Garoua,Cameroon,True,Draw,1358.0,1383.0,-25.0,2022
2022-01-12,Iceland,Uganda,1.0,1.0,Friendly,Belek,Turkey,True,Draw,1596.0,1463.0,133.0,2022
2022-01-12,Tunisia,Mali,0.0,1.0,African Cup of Nations,Limbé,Cameroon,True,Away Win,1634.0,1574.0,60.0,2022
2022-01-12,Mauritania,Gambia,0.0,1.0,African Cup of Nations,Limbé,Cameroon,True,Away Win,1340.0,1355.0,-15.0,2022
2022-01-13,Cameroon,Ethiopia,4.0,1.0,African Cup of Nations,Yaoundé,Cameroon,False,Home Win,1588.0,1325.0,263.0,2022
2022-01-14,Senegal,Guinea,0.0,0.0,African Cup of Nations,Bafoussam,Cameroon,True,Draw,1705.0,1423.0,282.0,2022
2022-01-14,Malawi,Zimbabwe,2.0,1.0,African Cup of Nations,Bafoussam,Cameroon,True,Home Win,1292.0,1333.0,-41.0,2022
2022-01-14,Morocco,Comoros,2.0,0.0,African Cup of Nations,Yaoundé,Cameroon,True,Home Win,1701.0,1253.0,448.0,2022
2022-01-14,Gabon,Ghana,1.0,1.0,African Cup of Nations,Yaoundé,Cameroon,True,Draw,1404.0,1588.0,-184.0,2022
2022-01-15,Nigeria,Sudan,3.0,1.0,African Cup of Nations,Garoua,Cameroon,True,Home Win,1657.0,1358.0,299.0,2022
2022-01-15,Guinea-Bissau,Egypt,0.0,1.0,African Cup of Nations,Garoua,Cameroon,True,Away Win,1383.0,1601.0,-218.0,2022
2022-01-16,Peru,Panama,1.0,1.0,Friendly,Lima,Peru,False,Draw,1792.0,1542.0,250.0,2022
2022-01-16,Colombia,Honduras,2.0,1.0,Friendly,Fort Lauderdale,United States,True,Home Win,1896.0,1604.0,292.0,2022
2022-01-16,Tunisia,Mauritania,4.0,0.0,African Cup of Nations,Limbé,Cameroon,True,Home Win,1634.0,1340.0,294.0,2022
2022-01-16,Gambia,Mali,1.0,1.0,African Cup of Nations,Limbé,Cameroon,True,Draw,1355.0,1574.0,-219.0,2022
2022-01-18,Malawi,Senegal,0.0,0.0,African Cup of Nations,Bafoussam,Cameroon,True,Draw,1292.0,1705.0,-413.0,2022
2022-01-18,Zimbabwe,Guinea,2.0,1.0,African Cup of Nations,Yaoundé,Cameroon,True,Home Win,1333.0,1423.0,-90.0,2022
2022-01-18,Gabon,Morocco,2.0,2.0,African Cup of Nations,Yaoundé,Cameroon,True,Draw,1404.0,1701.0,-297.0,2022
2022-01-18,Ghana,Comoros,2.0,3.0,African Cup of Nations,Garoua,Cameroon,True,Away Win,1588.0,1253.0,335.0,2022
2022-01-19,Egypt,Sudan,1.0,0.0,African Cup of Nations,Yaoundé,Cameroon,True,Home Win,1601.0,1358.0,243.0,2022
2022-01-19,Guinea-Bissau,Nigeria,0.0,2.0,African Cup of Nations,Garoua,Cameroon,True,Away Win,1383.0,1657.0,-274.0,2022
2022-01-20,Peru,Jamaica,3.0,0.0,Friendly,Lima,Peru,False,Home Win,1792.0,1578.0,214.0,2022
2022-01-20,Gambia,Tunisia,1.0,0.0,African Cup of Nations,Limbé,Cameroon,True,Home Win,1355.0,1634.0,-279.0,2022
2022-01-20,Mali,Mauritania,2.0,0.0,African Cup of Nations,Douala,Cameroon,True,Home Win,1574.0,1340.0,234.0,2022
2022-01-21,Iraq,Uganda,1.0,0.0,Friendly,Baghdad,Iraq,False,Home Win,1631.0,1463.0,168.0,2022
2022-01-23,Nigeria,Tunisia,0.0,1.0,African Cup of Nations,Garoua,Cameroon,True,Away Win,1657.0,1634.0,23.0,2022
2022-01-24,Cameroon,Comoros,2.0,1.0,African Cup of Nations,Yaoundé,Cameroon,False,Home Win,1588.0,1253.0,335.0,2022
2022-01-24,Guinea,Gambia,0.0,1.0,African Cup of Nations,Bafoussam,Cameroon,True,Away Win,1423.0,1355.0,68.0,2022
2022-01-25,Morocco,Malawi,2.0,1.0,African Cup of Nations,Yaoundé,Cameroon,True,Home Win,1701.0,1292.0,409.0,2022
2022-01-27,Iran,Iraq,1.0,0.0,FIFA World Cup qualification,Tehran,Iran,False,Home Win,1794.0,1631.0,163.0,2022
2022-01-27,Bahrain,Uganda,3.0,1.0,Friendly,Riffa,Bahrain,False,Home Win,1544.0,1463.0,81.0,2022
2022-01-27,Honduras,Canada,0.0,2.0,FIFA World Cup qualification,San Pedro Sula,Honduras,False,Away Win,1604.0,1565.0,39.0,2022
2022-01-27,Ecuador,Brazil,1.0,1.0,FIFA World Cup qualification,Quito,Ecuador,False,Draw,1826.0,2135.0,-309.0,2022
2022-01-27,Jamaica,Mexico,1.0,2.0,FIFA World Cup qualification,Kingston,Jamaica,False,Away Win,1578.0,1928.0,-350.0,2022
2022-01-27,Australia,Vietnam,4.0,0.0,FIFA World Cup qualification,Melbourne,Australia,False,Home Win,1731.0,1425.0,306.0,2022
2022-01-27,Paraguay,Uruguay,0.0,1.0,FIFA World Cup qualification,Asunción,Paraguay,False,Away Win,1769.0,1953.0,-184.0,2022
2022-01-27,Chile,Argentina,1.0,2.0,FIFA World Cup qualification,Calama,Chile,False,Away Win,1813.0,1994.0,-181.0,2022
2022-01-27,Japan,China,2.0,0.0,FIFA World Cup qualification,Saitama,Japan,False,Home Win,1762.0,1473.0,289.0,2022
2022-01-28,Suriname,Barbados,1.0,0.0,Friendly,Paramaribo,Suriname,False,Home Win,1257.0,1103.0,154.0,2022
2022-01-28,Colombia,Peru,0.0,1.0,FIFA World Cup qualification,Barranquilla,Colombia,False,Away Win,1896.0,1792.0,104.0,2022
2022-01-28,Venezuela,Bolivia,4.0,1.0,FIFA World Cup qualification,Barinas,Venezuela,False,Home Win,1801.0,1582.0,219.0,2022
2022-01-29,Nicaragua,Belize,4.0,0.0,Friendly,Managua,Nicaragua,False,Home Win,1230.0,1199.0,31.0,2022
2022-01-29,Cameroon,Gambia,2.0,0.0,African Cup of Nations,Douala,Cameroon,False,Home Win,1588.0,1355.0,233.0,2022
2022-01-29,Kuwait,Libya,2.0,0.0,Friendly,Kuwait City,Kuwait,False,Home Win,1373.0,1354.0,19.0,2022
2022-01-29,Nepal,Mauritius,1.0,0.0,Friendly,Kathmandu,Nepal,False,Home Win,941.0,1072.0,-131.0,2022
2022-01-30,Egypt,Morocco,2.0,1.0,African Cup of Nations,Yaoundé,Cameroon,True,Home Win,1601.0,1701.0,-100.0,2022
2022-01-30,Panama,Jamaica,3.0,2.0,FIFA World Cup qualification,Panama City,Panama,False,Home Win,1542.0,1578.0,-36.0,2022
2022-02-01,Lebanon,Iraq,1.0,1.0,FIFA World Cup qualification,Sidon,Lebanon,False,Draw,1407.0,1631.0,-224.0,2022
2022-02-01,Nepal,Mauritius,1.0,0.0,Friendly,Kathmandu,Nepal,False,Home Win,941.0,1072.0,-131.0,2022
2022-02-01,Nicaragua,Belize,1.0,1.0,Friendly,Managua,Nicaragua,False,Draw,1230.0,1199.0,31.0,2022
2022-02-01,Suriname,Guyana,2.0,1.0,Friendly,Paramaribo,Suriname,False,Home Win,1257.0,1250.0,7.0,2022
2022-02-01,Vietnam,China,3.0,1.0,FIFA World Cup qualification,Hanoi,Vietnam,False,Home Win,1425.0,1473.0,-48.0,2022
2022-02-01,Kuwait,Libya,0.0,2.0,Friendly,Kuwait City,Kuwait,False,Away Win,1373.0,1354.0,19.0,2022
2022-02-01,Bolivia,Chile,2.0,3.0,FIFA World Cup qualification,La Paz,Bolivia,False,Away Win,1582.0,1813.0,-231.0,2022
2022-02-01,Brazil,Paraguay,4.0,0.0,FIFA World Cup qualification,Belo Horizonte,Brazil,False,Home Win,2135.0,1769.0,366.0,2022
2022-02-01,Uruguay,Venezuela,4.0,1.0,FIFA World Cup qualification,Montevideo,Uruguay,False,Home Win,1953.0,1801.0,152.0,2022
2022-02-01,Argentina,Colombia,1.0,0.0,FIFA World Cup qualification,Córdoba,Argentina,False,Home Win,1994.0,1896.0,98.0,2022
2022-02-01,Peru,Ecuador,1.0,1.0,FIFA World Cup qualification,Lima,Peru,False,Draw,1792.0,1826.0,-34.0,2022
2022-02-01,Oman,Australia,2.0,2.0,FIFA World Cup qualification,Muscat,Oman,False,Draw,1496.0,1731.0,-235.0,2022
2022-02-02,Mexico,Panama,1.0,0.0,FIFA World Cup qualification,Mexico City,Mexico,False,Home Win,1928.0,1542.0,386.0,2022
2022-02-03,Cameroon,Egypt,0.0,0.0,African Cup of Nations,Yaoundé,Cameroon,False,Draw,1588.0,1601.0,-13.0,2022
2022-02-06,Senegal,Egypt,0.0,0.0,African Cup of Nations,Yaoundé,Cameroon,True,Draw,1705.0,1601.0,104.0,2022
2022-03-18,Iraq,Zambia,3.0,1.0,Friendly,Baghdad,Iraq,False,Home Win,1631.0,1433.0,198.0,2022
2022-03-19,Mauritius,Seychelles,0.0,0.0,Friendly,Saint Pierre,Mauritius,False,Draw,1072.0,901.0,171.0,2022
2022-03-23,Bahrain,India,2.0,1.0,Friendly,Riffa,Bahrain,False,Home Win,1544.0,1200.0,344.0,2022
2022-03-23,Gibraltar,Grenada,0.0,0.0,Friendly,Gibraltar,Gibraltar,False,Draw,1065.0,1112.0,-47.0,2022
2022-03-23,Laos,Mongolia,1.0,0.0,Friendly,Vientiane,Laos,False,Home Win,770.0,769.0,1.0,2022
2022-03-23,Malaysia,Philippines,2.0,0.0,Friendly,Kallang,Singapore,True,Home Win,1192.0,1147.0,45.0,2022
2022-03-23,Mozambique,Niger,1.0,1.0,Friendly,Nouakchott,Mauritania,True,Draw,1284.0,1254.0,30.0,2022
2022-03-23,Chad,Gambia,0.0,1.0,African Cup of Nations qualification,Yaoundé,Cameroon,True,Away Win,1250.0,1355.0,-105.0,2022
2022-03-23,Seychelles,Lesotho,0.0,0.0,African Cup of Nations qualification,Saint Pierre,Mauritius,True,Draw,901.0,1191.0,-290.0,2022
2022-03-24,Panama,Honduras,1.0,1.0,FIFA World Cup qualification,Panama City,Panama,False,Draw,1542.0,1604.0,-62.0,2022
2022-03-24,Sweden,Czechia,1.0,0.0,FIFA World Cup qualification,Stockholm,Sweden,False,Home Win,1865.0,1744.0,121.0,2022
2022-03-24,Vietnam,Oman,0.0,1.0,FIFA World Cup qualification,Hanoi,Vietnam,False,Away Win,1425.0,1496.0,-71.0,2022
2022-03-24,Australia,Japan,0.0,2.0,FIFA World Cup qualification,Sydney,Australia,False,Away Win,1731.0,1762.0,-31.0,2022
2022-03-24,Colombia,Bolivia,3.0,0.0,FIFA World Cup qualification,Barranquilla,Colombia,False,Home Win,1896.0,1582.0,314.0,2022
2022-03-24,Brazil,Chile,4.0,0.0,FIFA World Cup qualification,Rio de Janeiro,Brazil,False,Home Win,2135.0,1813.0,322.0,2022
2022-03-24,Paraguay,Ecuador,3.0,1.0,FIFA World Cup qualification,Ciudad del Este,Paraguay,False,Home Win,1769.0,1826.0,-57.0,2022
2022-03-24,Uruguay,Peru,1.0,0.0,FIFA World Cup qualification,Montevideo,Uruguay,False,Home Win,1953.0,1792.0,161.0,2022
2022-03-24,Portugal,Turkey,3.0,1.0,FIFA World Cup qualification,Porto,Portugal,False,Home Win,2018.0,1711.0,307.0,2022
2022-03-24,Lebanon,Syria,0.0,3.0,FIFA World Cup qualification,Sidon,Lebanon,False,Away Win,1407.0,1481.0,-74.0,2022
2022-03-24,Armenia,Montenegro,1.0,0.0,Friendly,Yerevan,Armenia,False,Home Win,1558.0,1529.0,29.0,2022
2022-03-24,Guatemala,Cuba,1.0,0.0,Friendly,Antigua Guatemala,Guatemala,False,Home Win,1510.0,1276.0,234.0,2022
2022-03-24,Hungary,Serbia,0.0,1.0,Friendly,Budapest,Hungary,False,Away Win,1677.0,1803.0,-126.0,2022
2022-03-24,Liberia,Benin,0.0,4.0,Friendly,Antalya,Turkey,True,Away Win,1326.0,1476.0,-150.0,2022
2022-03-24,Maldives,Bangladesh,2.0,0.0,Friendly,Malé,Maldives,False,Home Win,904.0,878.0,26.0,2022
2022-03-24,Scotland,Poland,1.0,1.0,Friendly,Glasgow,Scotland,False,Draw,1671.0,1782.0,-111.0,2022
2022-03-24,Thailand,Nepal,2.0,0.0,Friendly,Chonburi,Thailand,False,Home Win,1319.0,941.0,378.0,2022
2022-03-24,Estonia,Cyprus,0.0,0.0,UEFA Nations League,Tallinn,Estonia,False,Draw,1431.0,1316.0,115.0,2022
2022-03-24,Wales,Austria,2.0,1.0,FIFA World Cup qualification,Cardiff,Wales,False,Home Win,1827.0,1716.0,111.0,2022
2022-03-25,Cameroon,Algeria,0.0,1.0,FIFA World Cup qualification,Douala,Cameroon,False,Away Win,1588.0,1702.0,-114.0,2022
2022-03-25,Comoros,Ethiopia,2.0,1.0,Friendly,Moroni,Comoros,False,Home Win,1253.0,1325.0,-72.0,2022
2022-03-25,Argentina,Venezuela,3.0,0.0,FIFA World Cup qualification,Buenos Aires,Argentina,False,Home Win,1994.0,1801.0,193.0,2022
2022-03-25,Mali,Tunisia,0.0,1.0,FIFA World Cup qualification,Bamako,Mali,False,Away Win,1574.0,1634.0,-60.0,2022
2022-03-25,Ghana,Nigeria,0.0,0.0,FIFA World Cup qualification,Kumasi,Ghana,False,Draw,1588.0,1657.0,-69.0,2022
2022-03-25,Norway,Slovakia,2.0,0.0,Friendly,Oslo,Norway,False,Home Win,1742.0,1656.0,86.0,2022
2022-03-25,Egypt,Senegal,1.0,0.0,FIFA World Cup qualification,Cairo,Egypt,False,Home Win,1601.0,1705.0,-104.0,2022
2022-03-25,Tajikistan,Uganda,1.0,1.0,Navruz Cup,Namangan,Uzbekistan,True,Draw,1252.0,1463.0,-211.0,2022
2022-03-25,Malta,Azerbaijan,1.0,0.0,Friendly,Ta' Qali,Malta,False,Home Win,1256.0,1352.0,-96.0,2022
2022-03-25,Romania,Greece,0.0,1.0,Friendly,Bucharest,Romania,False,Away Win,1666.0,1704.0,-38.0,2022
2022-03-25,Congo,Zambia,1.0,3.0,Friendly,Antalya,Turkey,True,Away Win,1350.0,1433.0,-83.0,2022
2022-03-25,Latvia,Kuwait,1.0,1.0,Friendly,Ta' Qali,Malta,True,Draw,1309.0,1373.0,-64.0,2022
2022-03-25,Uzbekistan,Kyrgyzstan,3.0,1.0,Navruz Cup,Namangan,Uzbekistan,False,Home Win,1554.0,1234.0,320.0,2022
2022-03-26,Germany,Israel,2.0,0.0,Friendly,Sinsheim,Germany,False,Home Win,1935.0,1641.0,294.0,2022
2022-03-26,Angola,Guinea-Bissau,3.0,2.0,Friendly,Óbidos,Portugal,True,Home Win,1349.0,1383.0,-34.0,2022
2022-03-26,Bahrain,Burundi,1.0,0.0,Friendly,Arad,Iran,True,Home Win,1544.0,1244.0,300.0,2022
2022-03-26,Belarus,India,3.0,0.0,Friendly,Isa Town,Bahrain,True,Home Win,1443.0,1200.0,243.0,2022
2022-03-26,Croatia,Slovenia,1.0,1.0,Friendly,Al Rayyan,Qatar,True,Draw,1841.0,1616.0,225.0,2022
2022-03-26,England,Switzerland,2.0,1.0,Friendly,London,England,False,Home Win,2045.0,1913.0,132.0,2022
2022-03-26,Finland,Iceland,1.0,1.0,Friendly,Murcia,Spain,True,Draw,1732.0,1596.0,136.0,2022
2022-03-26,Mauritania,Mozambique,2.0,1.0,Friendly,Nouakchott,Mauritania,False,Home Win,1340.0,1284.0,56.0,2022
2022-03-26,Netherlands,Denmark,4.0,2.0,Friendly,Amsterdam,Netherlands,False,Home Win,1919.0,1978.0,-59.0,2022
2022-03-26,Qatar,Bulgaria,2.0,1.0,Friendly,Al Rayyan,Qatar,False,Home Win,1673.0,1492.0,181.0,2022
2022-03-26,Ireland,Belgium,2.0,2.0,Friendly,Dublin,Republic of Ireland,False,Draw,1631.0,2082.0,-451.0,2022
2022-03-26,Singapore,Malaysia,2.0,1.0,Friendly,Kallang,Singapore,False,Home Win,1139.0,1192.0,-53.0,2022
2022-03-26,Spain,Albania,2.0,1.0,Friendly,Barcelona,Spain,False,Home Win,2034.0,1604.0,430.0,2022
2022-03-26,Libya,Niger,2.0,1.0,Friendly,Nouakchott,Mauritania,True,Home Win,1354.0,1254.0,100.0,2022
2022-03-27,Barbados,Guyana,0.0,5.0,Friendly,Port of Spain,Trinidad and Tobago,True,Away Win,1103.0,1250.0,-147.0,2022
2022-03-27,Benin,Zambia,2.0,1.0,Friendly,Antalya,Turkey,True,Home Win,1476.0,1433.0,43.0,2022
2022-03-27,Honduras,Mexico,0.0,1.0,FIFA World Cup qualification,San Pedro Sula,Honduras,False,Away Win,1604.0,1928.0,-324.0,2022
2022-03-27,Belize,Cuba,0.0,3.0,Friendly,Belmopan,Belize,False,Away Win,1199.0,1276.0,-77.0,2022
2022-03-27,Canada,Jamaica,4.0,0.0,FIFA World Cup qualification,Toronto,Canada,False,Home Win,1565.0,1578.0,-13.0,2022
2022-03-27,Guatemala,Haiti,2.0,1.0,Friendly,Fort Lauderdale,United States,True,Home Win,1510.0,1527.0,-17.0,2022
2022-03-27,Thailand,Suriname,1.0,0.0,Friendly,Pathum Thani,Thailand,False,Home Win,1319.0,1257.0,62.0,2022
2022-03-27,Lesotho,Seychelles,3.0,1.0,African Cup of Nations qualification,Soweto,South Africa,True,Home Win,1191.0,901.0,290.0,2022
2022-03-28,Andorra,Grenada,1.0,0.0,Friendly,Andorra la Vella,Andorra,False,Home Win,1038.0,1112.0,-74.0,2022
2022-03-28,Montenegro,Greece,1.0,0.0,Friendly,Podgorica,Montenegro,False,Home Win,1529.0,1704.0,-175.0,2022
2022-03-28,Vanuatu,Fiji,1.0,2.0,Friendly,Doha,Qatar,True,Away Win,1210.0,1250.0,-40.0,2022
2022-03-29,Ecuador,Argentina,1.0,1.0,FIFA World Cup qualification,Guayaquil,Ecuador,False,Draw,1826.0,1994.0,-168.0,2022
2022-03-29,Oman,China,2.0,0.0,FIFA World Cup qualification,Muscat,Oman,False,Home Win,1496.0,1473.0,23.0,2022
2022-03-29,Japan,Vietnam,1.0,1.0,FIFA World Cup qualification,Saitama,Japan,False,Draw,1762.0,1425.0,337.0,2022
2022-03-29,Tunisia,Mali,0.0,0.0,FIFA World Cup qualification,Tunis,Tunisia,False,Draw,1634.0,1574.0,60.0,2022
2022-03-29,Iran,Lebanon,2.0,0.0,FIFA World Cup qualification,Mashhad,Iran,False,Home Win,1794.0,1407.0,387.0,2022
2022-03-29,Denmark,Serbia,3.0,0.0,Friendly,Copenhagen,Denmark,False,Home Win,1978.0,1803.0,175.0,2022
2022-03-29,Senegal,Egypt,1.0,0.0,FIFA World Cup qualification,Diamniadio,Senegal,False,Home Win,1705.0,1601.0,104.0,2022
2022-03-29,Syria,Iraq,1.0,1.0,FIFA World Cup qualification,Dubai,United Arab Emirates,True,Draw,1481.0,1631.0,-150.0,2022
2022-03-29,Venezuela,Colombia,0.0,1.0,FIFA World Cup qualification,Guayana,Venezuela,False,Away Win,1801.0,1896.0,-95.0,2022
2022-03-29,Austria,Scotland,2.0,2.0,Friendly,Vienna,Austria,False,Draw,1716.0,1671.0,45.0,2022
2022-03-29,Poland,Sweden,2.0,0.0,FIFA World Cup qualification,Chorzów,Poland,False,Home Win,1782.0,1865.0,-83.0,2022
2022-03-29,Albania,Georgia,0.0,0.0,Friendly,Tirana,Albania,False,Draw,1604.0,1463.0,141.0,2022
2022-03-29,Azerbaijan,Latvia,0.0,1.0,Friendly,Ta' Qali,Malta,True,Away Win,1352.0,1309.0,43.0,2022
2022-03-29,Bahrain,Belarus,0.0,1.0,Friendly,Riffa,Bahrain,False,Away Win,1544.0,1443.0,101.0,2022
2022-03-29,Bangladesh,Mongolia,0.0,0.0,Friendly,Sylhet,Bangladesh,False,Draw,878.0,769.0,109.0,2022
2022-03-29,Croatia,Bulgaria,2.0,1.0,Friendly,Al Rayyan,Qatar,True,Home Win,1841.0,1492.0,349.0,2022
2022-03-29,Bolivia,Brazil,0.0,4.0,FIFA World Cup qualification,La Paz,Bolivia,False,Away Win,1582.0,2135.0,-553.0,2022
2022-03-29,Nigeria,Ghana,1.0,1.0,FIFA World Cup qualification,Abuja,Nigeria,False,Draw,1657.0,1588.0,69.0,2022
2022-03-29,Chile,Uruguay,0.0,2.0,FIFA World Cup qualification,Santiago,Chile,False,Away Win,1813.0,1953.0,-140.0,2022
2022-03-29,Algeria,Cameroon,1.0,2.0,FIFA World Cup qualification,Blida,Algeria,False,Away Win,1702.0,1588.0,114.0,2022
2022-03-29,Peru,Paraguay,2.0,0.0,FIFA World Cup qualification,Lima,Peru,False,Home Win,1792.0,1769.0,23.0,2022
2022-03-29,Wales,Czechia,1.0,1.0,Friendly,Cardiff,Wales,False,Draw,1827.0,1744.0,83.0,2022
2022-03-29,Singapore,Philippines,2.0,0.0,Friendly,Kallang,Singapore,False,Home Win,1139.0,1147.0,-8.0,2022
2022-03-29,Ireland,Lithuania,1.0,0.0,Friendly,Dublin,Republic of Ireland,False,Home Win,1631.0,1333.0,298.0,2022
2022-03-29,Qatar,Slovenia,0.0,0.0,Friendly,Al Rayyan,Qatar,False,Draw,1673.0,1616.0,57.0,2022
2022-03-29,Mauritania,Libya,2.0,0.0,Friendly,Nouakchott,Mauritania,False,Home Win,1340.0,1354.0,-14.0,2022
2022-03-29,Netherlands,Germany,1.0,1.0,Friendly,Amsterdam,Netherlands,False,Draw,1919.0,1935.0,-16.0,2022
2022-03-29,Spain,Iceland,5.0,0.0,Friendly,A Coruña,Spain,False,Home Win,2034.0,1596.0,438.0,2022
2022-03-29,Malta,Kuwait,2.0,0.0,Friendly,Ta' Qali,Malta,False,Home Win,1256.0,1373.0,-117.0,2022
2022-03-29,Norway,Armenia,9.0,0.0,Friendly,Oslo,Norway,False,Home Win,1742.0,1558.0,184.0,2022
2022-03-29,Switzerland,Kosovo,1.0,1.0,Friendly,Zürich,Switzerland,False,Draw,1913.0,1502.0,411.0,2022
2022-03-29,Finland,Slovakia,0.0,2.0,Friendly,Murcia,Spain,True,Away Win,1732.0,1656.0,76.0,2022
2022-03-29,Turkey,Italy,2.0,3.0,Friendly,Konya,Turkey,False,Away Win,1711.0,2006.0,-295.0,2022
2022-03-29,Tajikistan,Kyrgyzstan,1.0,0.0,Navruz Cup,Namangan,Uzbekistan,True,Home Win,1252.0,1234.0,18.0,2022
2022-03-29,Uzbekistan,Uganda,4.0,2.0,Navruz Cup,Namangan,Uzbekistan,False,Home Win,1554.0,1463.0,91.0,2022
2022-03-29,Cyprus,Estonia,2.0,0.0,UEFA Nations League,Larnaca,Cyprus,False,Home Win,1316.0,1431.0,-115.0,2022
2022-03-29,Gambia,Chad,2.0,2.0,African Cup of Nations qualification,Agadir,Morocco,True,Draw,1355.0,1250.0,105.0,2022
2022-03-29,Liberia,Burundi,1.0,2.0,Friendly,Antalya,Turkey,True,Away Win,1326.0,1244.0,82.0,2022
2022-03-29,Tanzania,Sudan,1.0,1.0,Friendly,Dar es Salaam,Tanzania,False,Draw,1294.0,1358.0,-64.0,2022
2022-03-29,Israel,Romania,2.0,2.0,Friendly,Netanya,Israel,False,Draw,1641.0,1666.0,-25.0,2022
2022-03-29,Togo,Benin,1.0,1.0,Friendly,Antalya,Turkey,True,Draw,1251.0,1476.0,-225.0,2022
2022-03-30,Panama,Canada,1.0,0.0,FIFA World Cup qualification,Panama City,Panama,False,Home Win,1542.0,1565.0,-23.0,2022
2022-03-30,Jamaica,Honduras,2.0,1.0,FIFA World Cup qualification,Kingston,Jamaica,False,Home Win,1578.0,1604.0,-26.0,2022
2022-04-27,Mexico,Guatemala,0.0,0.0,Friendly,Orlando,United States,True,Draw,1928.0,1510.0,418.0,2022
2022-05-24,Mozambique,Eswatini,0.0,1.0,Friendly,Maputo,Mozambique,False,Away Win,1284.0,1250.0,34.0,2022
2022-05-24,Thailand,Bahrain,3.0,1.0,Friendly,Bangkok,Thailand,False,Home Win,1319.0,1544.0,-225.0,2022
2022-05-27,Bahrain,Myanmar,2.0,0.0,Friendly,Pathum Thani,Thailand,True,Home Win,1544.0,1006.0,538.0,2022
2022-05-27,Thailand,Turkmenistan,1.0,0.0,Friendly,Sisaket,Thailand,False,Home Win,1319.0,1268.0,51.0,2022
2022-05-28,Ethiopia,Lesotho,1.0,1.0,Friendly,Adama,Ethiopia,False,Draw,1325.0,1191.0,134.0,2022
2022-05-28,India,Jordan,0.0,2.0,Friendly,Doha,Qatar,True,Away Win,1200.0,1450.0,-250.0,2022
2022-05-28,Mexico,Nigeria,2.0,1.0,Friendly,Arlington,United States,True,Home Win,1928.0,1657.0,271.0,2022
2022-05-30,Ethiopia,Lesotho,1.0,1.0,Friendly,Adama,Ethiopia,False,Draw,1325.0,1191.0,134.0,2022
2022-05-31,Thailand,Bahrain,1.0,2.0,Friendly,Pathum Thani,Thailand,False,Away Win,1319.0,1544.0,-225.0,2022
2022-06-01,Kuwait,Singapore,2.0,0.0,Friendly,Abu Dhabi,United Arab Emirates,True,Home Win,1373.0,1139.0,234.0,2022
2022-06-01,Syria,Tajikistan,1.0,0.0,Friendly,Dubai,United Arab Emirates,True,Home Win,1481.0,1252.0,229.0,2022
2022-06-01,Ghana,Madagascar,3.0,0.0,African Cup of Nations qualification,Cape Coast,Ghana,False,Home Win,1588.0,1422.0,166.0,2022
2022-06-01,Libya,Botswana,1.0,0.0,African Cup of Nations qualification,Benghazi,Libya,False,Home Win,1354.0,1313.0,41.0,2022
2022-06-01,Italy,Argentina,0.0,3.0,CONMEBOL–UEFA Cup of Champions,Paris,France,True,Away Win,2006.0,1994.0,12.0,2022
2022-06-01,Scotland,Ukraine,1.0,3.0,FIFA World Cup qualification,Glasgow,Scotland,False,Away Win,1671.0,1814.0,-143.0,2022
2022-06-01,Indonesia,Bangladesh,0.0,0.0,Friendly,Soreang,Indonesia,False,Draw,1108.0,878.0,230.0,2022
2022-06-01,Malta,Venezuela,0.0,1.0,Friendly,Ta' Qali,Malta,False,Away Win,1256.0,1801.0,-545.0,2022
2022-06-01,Poland,Wales,2.0,1.0,UEFA Nations League,Wrocław,Poland,False,Home Win,1782.0,1827.0,-45.0,2022
2022-06-01,Australia,Jordan,2.0,1.0,Friendly,Al Wakrah,Qatar,True,Home Win,1731.0,1450.0,281.0,2022
2022-06-01,Vietnam,Afghanistan,2.0,0.0,Friendly,Ho Chi Minh City,Vietnam,False,Home Win,1425.0,1140.0,285.0,2022
2022-06-02,Czechia,Switzerland,2.0,1.0,UEFA Nations League,Prague,Czech Republic,False,Home Win,1744.0,1913.0,-169.0,2022
2022-06-02,Anguilla,Dominica,0.0,0.0,CONCACAF Nations League,The Valley,Anguilla,False,Draw,547.0,1012.0,-465.0,2022
2022-06-02,Spain,Portugal,1.0,1.0,UEFA Nations League,Seville,Spain,False,Draw,2034.0,2018.0,16.0,2022
2022-06-02,Mozambique,Rwanda,1.0,1.0,African Cup of Nations qualification,Johannesburg,South Africa,True,Draw,1284.0,1324.0,-40.0,2022
2022-06-02,Israel,Iceland,2.0,2.0,UEFA Nations League,Haifa,Israel,False,Draw,1641.0,1596.0,45.0,2022
2022-06-02,Guadeloupe,Cuba,2.0,1.0,CONCACAF Nations League,Les Abymes,Guadeloupe,False,Home Win,1285.0,1276.0,9.0,2022
2022-06-02,Serbia,Norway,0.0,1.0,UEFA Nations League,Belgrade,Serbia,False,Away Win,1803.0,1742.0,61.0,2022
2022-06-02,Mexico,Uruguay,0.0,3.0,Friendly,Glendale,United States,True,Away Win,1928.0,1953.0,-25.0,2022
2022-06-02,Japan,Paraguay,4.0,1.0,Friendly,Sapporo,Japan,False,Home Win,1762.0,1769.0,-7.0,2022
2022-06-02,Slovenia,Sweden,0.0,2.0,UEFA Nations League,Ljubljana,Slovenia,False,Away Win,1616.0,1865.0,-249.0,2022
2022-06-02,Georgia,Gibraltar,4.0,0.0,UEFA Nations League,Tbilisi,Georgia,False,Home Win,1463.0,1065.0,398.0,2022
2022-06-02,Cyprus,Kosovo,0.0,2.0,UEFA Nations League,Larnaca,Cyprus,False,Away Win,1316.0,1502.0,-186.0,2022
2022-06-02,Ecuador,Nigeria,1.0,0.0,Friendly,Harrison,United States,True,Home Win,1826.0,1657.0,169.0,2022
2022-06-03,Kazakhstan,Azerbaijan,2.0,0.0,UEFA Nations League,Astana,Kazakhstan,False,Home Win,1344.0,1352.0,-8.0,2022
2022-06-03,France,Denmark,1.0,2.0,UEFA Nations League,Paris,France,False,Away Win,2104.0,1978.0,126.0,2022
2022-06-03,Togo,Eswatini,2.0,2.0,African Cup of Nations qualification,Lomé,Togo,False,Draw,1251.0,1250.0,1.0,2022
2022-06-03,Comoros,Lesotho,2.0,0.0,African Cup of Nations qualification,Moroni,Comoros,False,Home Win,1253.0,1191.0,62.0,2022
2022-06-03,Curaçao,Honduras,0.0,1.0,CONCACAF Nations League,Willemstad,Curaçao,False,Away Win,1405.0,1604.0,-199.0,2022
2022-06-03,Croatia,Austria,0.0,3.0,UEFA Nations League,Osijek,Croatia,False,Away Win,1841.0,1716.0,125.0,2022
2022-06-03,Latvia,Andorra,3.0,0.0,UEFA Nations League,Riga,Latvia,False,Home Win,1309.0,1038.0,271.0,2022
2022-06-03,Nepal,Oman,0.0,2.0,Friendly,Doha,Qatar,True,Away Win,941.0,1496.0,-555.0,2022
2022-06-03,Belgium,Netherlands,1.0,4.0,UEFA Nations League,Brussels,Belgium,False,Away Win,2082.0,1919.0,163.0,2022
2022-06-03,Belarus,Slovakia,0.0,1.0,UEFA Nations League,Novi Sad,Serbia,True,Away Win,1443.0,1656.0,-213.0,2022
2022-06-04,Algeria,Uganda,2.0,0.0,African Cup of Nations qualification,Algiers,Algeria,False,Home Win,1702.0,1463.0,239.0,2022
2022-06-04,Niger,Tanzania,1.0,1.0,African Cup of Nations qualification,Cotonou,Benin,True,Draw,1254.0,1294.0,-40.0,2022
2022-06-04,Mali,Congo,4.0,0.0,African Cup of Nations qualification,Bamako,Mali,False,Home Win,1574.0,1350.0,224.0,2022
2022-06-04,Suriname,Jamaica,1.0,1.0,CONCACAF Nations League,Paramaribo,Suriname,False,Draw,1257.0,1578.0,-321.0,2022
2022-06-04,Namibia,Burundi,1.0,1.0,African Cup of Nations qualification,Johannesburg,South Africa,True,Draw,1383.0,1244.0,139.0,2022
2022-06-04,Mauritania,Sudan,3.0,0.0,African Cup of Nations qualification,Nouakchott,Mauritania,False,Home Win,1340.0,1358.0,-18.0,2022
2022-06-04,Senegal,Benin,3.0,1.0,African Cup of Nations qualification,Diamniadio,Senegal,False,Home Win,1705.0,1476.0,229.0,2022
2022-06-04,Montserrat,Guyana,1.0,2.0,CONCACAF Nations League,Santo Domingo,Dominican Republic,True,Away Win,893.0,1250.0,-357.0,2022
2022-06-04,Montenegro,Romania,2.0,0.0,UEFA Nations League,Podgorica,Montenegro,False,Home Win,1529.0,1666.0,-137.0,2022
2022-06-04,Lithuania,Luxembourg,0.0,2.0,UEFA Nations League,Vilnius,Lithuania,False,Away Win,1333.0,1394.0,-61.0,2022
2022-06-04,Hungary,England,1.0,0.0,UEFA Nations League,Budapest,Hungary,False,Home Win,1677.0,2045.0,-368.0,2022
2022-06-04,Armenia,Ireland,1.0,0.0,UEFA Nations League,Yerevan,Armenia,False,Home Win,1558.0,1631.0,-73.0,2022
2022-06-04,Italy,Germany,1.0,1.0,UEFA Nations League,Bologna,Italy,False,Draw,2006.0,1935.0,71.0,2022
2022-06-04,Bermuda,Haiti,0.0,0.0,CONCACAF Nations League,Devonshire Parish,Bermuda,False,Draw,1299.0,1527.0,-228.0,2022
2022-06-05,Dominica,Anguilla,1.0,1.0,CONCACAF Nations League,Basseterre,Saint Kitts and Nevis,True,Draw,1012.0,547.0,465.0,2022
2022-06-05,Wales,Ukraine,1.0,0.0,FIFA World Cup qualification,Cardiff,Wales,False,Home Win,1827.0,1814.0,13.0,2022
2022-06-05,Malawi,Ethiopia,2.0,1.0,African Cup of Nations qualification,Lilongwe,Malawi,False,Home Win,1292.0,1325.0,-33.0,2022
2022-06-05,Egypt,Guinea,1.0,0.0,African Cup of Nations qualification,Cairo,Egypt,False,Home Win,1601.0,1423.0,178.0,2022
2022-06-05,Madagascar,Angola,1.0,1.0,African Cup of Nations qualification,Antananarivo,Madagascar,False,Draw,1422.0,1349.0,73.0,2022
2022-06-05,Cuba,Barbados,3.0,0.0,CONCACAF Nations League,Santiago de Cuba,Cuba,False,Home Win,1276.0,1103.0,173.0,2022
2022-06-05,Guatemala,Belize,2.0,0.0,CONCACAF Nations League,Guatemala City,Guatemala,False,Home Win,1510.0,1199.0,311.0,2022
2022-06-05,Botswana,Tunisia,0.0,0.0,African Cup of Nations qualification,Francistown,Botswana,False,Draw,1313.0,1634.0,-321.0,2022
2022-06-05,Sweden,Norway,1.0,2.0,UEFA Nations League,Stockholm,Sweden,False,Away Win,1865.0,1742.0,123.0,2022
2022-06-05,Czechia,Spain,2.0,2.0,UEFA Nations League,Prague,Czech Republic,False,Draw,1744.0,2034.0,-290.0,2022
2022-06-05,Serbia,Slovenia,4.0,1.0,UEFA Nations League,Belgrade,Serbia,False,Home Win,1803.0,1616.0,187.0,2022
2022-06-05,Kosovo,Greece,0.0,1.0,UEFA Nations League,Pristina,Kosovo,False,Away Win,1502.0,1704.0,-202.0,2022
2022-06-05,Bulgaria,Georgia,2.0,5.0,UEFA Nations League,Razgrad,Bulgaria,False,Away Win,1492.0,1463.0,29.0,2022
2022-06-05,Argentina,Estonia,5.0,0.0,Friendly,Pamplona,Spain,True,Home Win,1994.0,1431.0,563.0,2022
2022-06-05,Mexico,Ecuador,0.0,0.0,Friendly,Chicago,United States,True,Draw,1928.0,1826.0,102.0,2022
2022-06-05,Portugal,Switzerland,4.0,0.0,UEFA Nations League,Lisbon,Portugal,False,Home Win,2018.0,1913.0,105.0,2022
2022-06-06,Belarus,Azerbaijan,0.0,0.0,UEFA Nations League,Novi Sad,Serbia,True,Draw,1443.0,1352.0,91.0,2022
2022-06-06,Honduras,Curaçao,1.0,2.0,CONCACAF Nations League,San Pedro Sula,Honduras,False,Away Win,1604.0,1405.0,199.0,2022
2022-06-06,Austria,Denmark,1.0,2.0,UEFA Nations League,Vienna,Austria,False,Away Win,1716.0,1978.0,-262.0,2022
2022-06-06,Croatia,France,1.0,1.0,UEFA Nations League,Split,Croatia,False,Draw,1841.0,2104.0,-263.0,2022
2022-06-06,Japan,Brazil,0.0,1.0,Friendly,Tokyo,Japan,False,Away Win,1762.0,2135.0,-373.0,2022
2022-06-06,Slovakia,Kazakhstan,0.0,1.0,UEFA Nations League,Trnava,Slovakia,False,Away Win,1656.0,1344.0,312.0,2022
2022-06-06,Iceland,Albania,1.0,1.0,UEFA Nations League,Reykjavík,Iceland,False,Draw,1596.0,1604.0,-8.0,2022
2022-06-06,Latvia,Liechtenstein,1.0,0.0,UEFA Nations League,Riga,Latvia,False,Home Win,1309.0,1092.0,217.0,2022
2022-06-07,Guyana,Bermuda,2.0,1.0,CONCACAF Nations League,Leonora,Guyana,False,Home Win,1250.0,1299.0,-49.0,2022
2022-06-07,Senegal,Rwanda,1.0,0.0,African Cup of Nations qualification,Diamniadio,Senegal,False,Home Win,1705.0,1324.0,381.0,2022
2022-06-07,Jamaica,Suriname,3.0,1.0,CONCACAF Nations League,Kingston,Jamaica,False,Home Win,1578.0,1257.0,321.0,2022
2022-06-07,Finland,Montenegro,2.0,0.0,UEFA Nations League,Helsinki,Finland,False,Home Win,1732.0,1529.0,203.0,2022
2022-06-07,Zambia,Comoros,2.0,1.0,African Cup of Nations qualification,Lusaka,Zambia,False,Home Win,1433.0,1253.0,180.0,2022
2022-06-07,Germany,England,1.0,1.0,UEFA Nations League,Munich,Germany,False,Draw,1935.0,2045.0,-110.0,2022
2022-06-07,Italy,Hungary,2.0,1.0,UEFA Nations League,Cesena,Italy,False,Home Win,2006.0,1677.0,329.0,2022
2022-06-07,Lithuania,Turkey,0.0,6.0,UEFA Nations League,Vilnius,Lithuania,False,Away Win,1333.0,1711.0,-378.0,2022
2022-06-07,Haiti,Montserrat,3.0,2.0,CONCACAF Nations League,Santo Domingo,Dominican Republic,True,Home Win,1527.0,893.0,634.0,2022
2022-06-08,Malaysia,Turkmenistan,3.0,1.0,AFC Asian Cup qualification,Kuala Lumpur,Malaysia,False,Home Win,1192.0,1268.0,-76.0,2022
2022-06-08,Kyrgyzstan,Singapore,2.0,1.0,AFC Asian Cup qualification,Bishkek,Kyrgyzstan,False,Home Win,1234.0,1139.0,95.0,2022
2022-06-08,Kuwait,Indonesia,1.0,2.0,AFC Asian Cup qualification,Kuwait City,Kuwait,False,Away Win,1373.0,1108.0,265.0,2022
2022-06-08,Jordan,Nepal,2.0,0.0,AFC Asian Cup qualification,Kuwait City,Kuwait,True,Home Win,1450.0,941.0,509.0,2022
2022-06-08,Philippines,Yemen,0.0,0.0,AFC Asian Cup qualification,Ulaanbaatar,Mongolia,True,Draw,1147.0,1209.0,-62.0,2022
2022-06-08,Mongolia,Palestine,0.0,1.0,AFC Asian Cup qualification,Ulaanbaatar,Mongolia,False,Away Win,769.0,1385.0,-616.0,2022
2022-06-08,Thailand,Maldives,3.0,0.0,AFC Asian Cup qualification,Namangan,Uzbekistan,True,Home Win,1319.0,904.0,415.0,2022
2022-06-08,India,Cambodia,2.0,0.0,AFC Asian Cup qualification,Kolkata,India,False,Home Win,1200.0,852.0,348.0,2022
2022-06-08,Tajikistan,Myanmar,4.0,0.0,AFC Asian Cup qualification,Bishkek,Kyrgyzstan,True,Home Win,1252.0,1006.0,246.0,2022
2022-06-08,Gabon,Mauritania,0.0,0.0,African Cup of Nations qualification,Franceville,Gabon,False,Draw,1404.0,1340.0,64.0,2022
2022-06-08,Uganda,Niger,1.0,1.0,African Cup of Nations qualification,Entebbe,Uganda,False,Draw,1463.0,1254.0,209.0,2022
2022-06-08,Congo,Gambia,1.0,0.0,African Cup of Nations qualification,Brazzaville,Congo,False,Home Win,1350.0,1355.0,-5.0,2022
2022-06-08,Benin,Mozambique,0.0,1.0,African Cup of Nations qualification,Cotonou,Benin,False,Away Win,1476.0,1284.0,192.0,2022
2022-06-08,Wales,Netherlands,1.0,2.0,UEFA Nations League,Cardiff,Wales,False,Away Win,1827.0,1919.0,-92.0,2022
2022-06-08,Belgium,Poland,6.0,1.0,UEFA Nations League,Brussels,Belgium,False,Home Win,2082.0,1782.0,300.0,2022
2022-06-08,Ireland,Ukraine,0.0,1.0,UEFA Nations League,Dublin,Republic of Ireland,False,Away Win,1631.0,1814.0,-183.0,2022
2022-06-08,Scotland,Armenia,2.0,0.0,UEFA Nations League,Glasgow,Scotland,False,Home Win,1671.0,1558.0,113.0,2022
2022-06-08,Tanzania,Algeria,0.0,2.0,African Cup of Nations qualification,Dar es Salaam,Tanzania,False,Away Win,1294.0,1702.0,-408.0,2022
2022-06-08,Bahrain,Bangladesh,2.0,0.0,AFC Asian Cup qualification,Kuala Lumpur,Malaysia,True,Home Win,1544.0,878.0,666.0,2022
2022-06-09,Canada,Curaçao,4.0,0.0,CONCACAF Nations League,Vancouver,Canada,False,Home Win,1565.0,1410.0,155.0,2022
2022-06-09,Burundi,Cameroon,0.0,1.0,African Cup of Nations qualification,Dar es Salaam,Tanzania,True,Away Win,1244.0,1588.0,-344.0,2022
2022-06-09,Ethiopia,Egypt,2.0,0.0,African Cup of Nations qualification,Lilongwe,Malawi,True,Home Win,1325.0,1601.0,-276.0,2022
2022-06-09,Guinea,Malawi,1.0,0.0,African Cup of Nations qualification,Conakry,Guinea,False,Home Win,1423.0,1292.0,131.0,2022
2022-06-09,Panama,Martinique,5.0,0.0,CONCACAF Nations League,Panama City,Panama,False,Home Win,1542.0,1451.0,91.0,2022
2022-06-09,Malta,Estonia,1.0,2.0,UEFA Nations League,Ta' Qali,Malta,False,Away Win,1256.0,1431.0,-175.0,2022
2022-06-09,Barbados,Guadeloupe,0.0,1.0,CONCACAF Nations League,Gros Islet,Saint Lucia,True,Away Win,1103.0,1285.0,-182.0,2022
2022-06-09,Norway,Slovenia,0.0,0.0,UEFA Nations League,Oslo,Norway,False,Draw,1742.0,1616.0,126.0,2022
2022-06-09,Sweden,Serbia,0.0,1.0,UEFA Nations League,Stockholm,Sweden,False,Away Win,1865.0,1803.0,62.0,2022
2022-06-09,Greece,Cyprus,3.0,0.0,UEFA Nations League,Vólos,Greece,False,Home Win,1704.0,1316.0,388.0,2022
2022-06-09,Gibraltar,Bulgaria,1.0,1.0,UEFA Nations League,Gibraltar,Gibraltar,False,Draw,1065.0,1492.0,-427.0,2022
2022-06-09,Switzerland,Spain,0.0,1.0,UEFA Nations League,Geneva,Switzerland,False,Away Win,1913.0,2034.0,-121.0,2022
2022-06-09,Portugal,Czechia,2.0,0.0,UEFA Nations League,Lisbon,Portugal,False,Home Win,2018.0,1744.0,274.0,2022
2022-06-10,Austria,France,1.0,1.0,UEFA Nations League,Vienna,Austria,False,Draw,1759.0,2073.0,-314.0,2022
2022-06-10,Denmark,Croatia,0.0,1.0,UEFA Nations League,Copenhagen,Denmark,False,Away Win,1983.0,1808.0,175.0,2022
2022-06-10,Bahamas,Nicaragua,0.0,2.0,CONCACAF Nations League,Nassau,Bahamas,False,Away Win,872.0,1251.0,-379.0,2022
2022-06-10,Azerbaijan,Slovakia,0.0,1.0,UEFA Nations League,Mardakan,Azerbaijan,False,Away Win,1292.0,1648.0,-356.0,2022
2022-06-10,Albania,Israel,1.0,2.0,UEFA Nations League,Tirana,Albania,False,Away Win,1586.0,1641.0,-55.0,2022
2022-06-10,Japan,Ghana,4.0,1.0,Kirin Cup,Kobe,Japan,False,Home Win,1803.0,1588.0,215.0,2022
2022-06-10,Chile,Tunisia,0.0,2.0,Kirin Cup,Kobe,Japan,True,Away Win,1757.0,1634.0,123.0,2022
2022-06-10,Andorra,Liechtenstein,2.0,1.0,UEFA Nations League,Andorra la Vella,Andorra,False,Home Win,1073.0,1051.0,22.0,2022
2022-06-10,Belarus,Kazakhstan,1.0,1.0,UEFA Nations League,Novi Sad,Serbia,True,Draw,1454.0,1387.0,67.0,2022
2022-06-11,Kuwait,Nepal,4.0,1.0,AFC Asian Cup qualification,Kuwait City,Kuwait,False,Home Win,1373.0,941.0,432.0,2022
2022-06-11,Indonesia,Jordan,0.0,1.0,AFC Asian Cup qualification,Kuwait City,Kuwait,True,Away Win,1108.0,1450.0,-342.0,2022
2022-06-11,Mongolia,Philippines,0.0,1.0,AFC Asian Cup qualification,Ulaanbaatar,Mongolia,False,Away Win,769.0,1147.0,-378.0,2022
2022-06-11,Yemen,Palestine,0.0,5.0,AFC Asian Cup qualification,Ulaanbaatar,Mongolia,True,Away Win,1209.0,1385.0,-176.0,2022
2022-06-11,Uzbekistan,Maldives,4.0,0.0,AFC Asian Cup qualification,Namangan,Uzbekistan,False,Home Win,1554.0,904.0,650.0,2022
2022-06-11,India,Afghanistan,2.0,1.0,AFC Asian Cup qualification,Kolkata,India,False,Home Win,1200.0,1140.0,60.0,2022
2022-06-11,Bangladesh,Turkmenistan,1.0,2.0,AFC Asian Cup qualification,Kuala Lumpur,Malaysia,True,Away Win,878.0,1268.0,-390.0,2022
2022-06-11,Malaysia,Bahrain,1.0,2.0,AFC Asian Cup qualification,Kuala Lumpur,Malaysia,False,Away Win,1192.0,1544.0,-352.0,2022
2022-06-11,Singapore,Tajikistan,0.0,1.0,AFC Asian Cup qualification,Bishkek,Kyrgyzstan,True,Away Win,1139.0,1252.0,-113.0,2022
2022-06-11,Kyrgyzstan,Myanmar,2.0,0.0,AFC Asian Cup qualification,Bishkek,Kyrgyzstan,False,Home Win,1234.0,1006.0,228.0,2022
2022-06-11,Mexico,Suriname,3.0,0.0,CONCACAF Nations League,Torreón,Mexico,False,Home Win,1928.0,1257.0,671.0,2022
2022-06-11,Guyana,Haiti,2.0,6.0,CONCACAF Nations League,Leonora,Guyana,False,Away Win,1250.0,1527.0,-277.0,2022
2022-06-11,Montserrat,Bermuda,3.0,2.0,CONCACAF Nations League,Santo Domingo,Dominican Republic,True,Home Win,893.0,1299.0,-406.0,2022
2022-06-11,England,Italy,0.0,0.0,UEFA Nations League,Wolverhampton,England,False,Draw,2045.0,2006.0,39.0,2022
2022-06-11,Hungary,Germany,1.0,1.0,UEFA Nations League,Budapest,Hungary,False,Draw,1677.0,1935.0,-258.0,2022
2022-06-11,Wales,Belgium,1.0,1.0,UEFA Nations League,Cardiff,Wales,False,Draw,1827.0,2082.0,-255.0,2022
2022-06-11,Netherlands,Poland,2.0,2.0,UEFA Nations League,Rotterdam,Netherlands,False,Draw,1919.0,1782.0,137.0,2022
2022-06-11,Ukraine,Armenia,3.0,0.0,UEFA Nations League,Łódź,Poland,True,Home Win,1814.0,1558.0,256.0,2022
2022-06-11,Ireland,Scotland,3.0,0.0,UEFA Nations League,Dublin,Republic of Ireland,False,Home Win,1631.0,1671.0,-40.0,2022
2022-06-11,Romania,Finland,1.0,0.0,UEFA Nations League,Bucharest,Romania,False,Home Win,1666.0,1732.0,-66.0,2022
2022-06-11,Luxembourg,Turkey,0.0,2.0,UEFA Nations League,Luxembourg,Luxembourg,False,Away Win,1394.0,1711.0,-317.0,2022
2022-06-11,Uruguay,Panama,5.0,0.0,Friendly,Montevideo,Uruguay,False,Home Win,1953.0,1542.0,411.0,2022
2022-06-12,Norway,Sweden,3.0,2.0,UEFA Nations League,Oslo,Norway,False,Home Win,1742.0,1865.0,-123.0,2022
2022-06-12,Martinique,Panama,0.0,0.0,CONCACAF Nations League,Fort-de-France,Martinique,False,Draw,1451.0,1542.0,-91.0,2022
2022-06-12,Spain,Czechia,2.0,0.0,UEFA Nations League,Málaga,Spain,False,Home Win,2034.0,1744.0,290.0,2022
2022-06-12,Switzerland,Portugal,1.0,0.0,UEFA Nations League,Geneva,Switzerland,False,Home Win,1913.0,2018.0,-105.0,2022
2022-06-12,Georgia,Bulgaria,0.0,0.0,UEFA Nations League,Tbilisi,Georgia,False,Draw,1463.0,1492.0,-29.0,2022
2022-06-12,Slovenia,Serbia,2.0,2.0,UEFA Nations League,Ljubljana,Slovenia,False,Draw,1616.0,1803.0,-187.0,2022
2022-06-12,Greece,Kosovo,2.0,0.0,UEFA Nations League,Vólos,Greece,False,Home Win,1704.0,1502.0,202.0,2022
2022-06-12,Iran,Algeria,1.0,2.0,Friendly,Doha,Qatar,True,Away Win,1794.0,1702.0,92.0,2022
2022-06-12,Guadeloupe,Barbados,2.0,1.0,CONCACAF Nations League,Les Abymes,Guadeloupe,False,Home Win,1285.0,1103.0,182.0,2022
2022-06-13,Denmark,Austria,2.0,0.0,UEFA Nations League,Copenhagen,Denmark,False,Home Win,1983.0,1759.0,224.0,2022
2022-06-13,Morocco,Liberia,2.0,0.0,African Cup of Nations qualification,Casablanca,Morocco,False,Home Win,1701.0,1326.0,375.0,2022
2022-06-13,Honduras,Canada,2.0,1.0,CONCACAF Nations League,San Pedro Sula,Honduras,False,Home Win,1429.0,1565.0,-136.0,2022
2022-06-13,Nicaragua,Bahamas,4.0,0.0,CONCACAF Nations League,Managua,Nicaragua,False,Home Win,1251.0,872.0,379.0,2022
2022-06-13,Australia,Peru,0.0,0.0,FIFA World Cup qualification,Al Rayyan,Qatar,True,Draw,1731.0,1792.0,-61.0,2022
2022-06-13,France,Croatia,0.0,1.0,UEFA Nations League,Paris,France,False,Away Win,2073.0,1808.0,265.0,2022
2022-06-13,Iceland,Israel,2.0,2.0,UEFA Nations League,Reykjavík,Iceland,False,Draw,1546.0,1641.0,-95.0,2022
2022-06-13,Azerbaijan,Belarus,2.0,0.0,UEFA Nations League,Mardakan,Azerbaijan,False,Home Win,1292.0,1454.0,-162.0,2022
2022-06-13,Albania,Estonia,0.0,0.0,Friendly,Tirana,Albania,False,Draw,1586.0,1431.0,155.0,2022
2022-06-13,Kazakhstan,Slovakia,2.0,1.0,UEFA Nations League,Astana,Kazakhstan,False,Home Win,1387.0,1648.0,-261.0,2022
2022-06-14,Indonesia,Nepal,7.0,0.0,AFC Asian Cup qualification,Kuwait City,Kuwait,True,Home Win,1108.0,941.0,167.0,2022
2022-06-14,Palestine,Philippines,4.0,0.0,AFC Asian Cup qualification,Ulaanbaatar,Mongolia,True,Home Win,1385.0,1147.0,238.0,2022
2022-06-14,Mongolia,Yemen,2.0,0.0,AFC Asian Cup qualification,Ulaanbaatar,Mongolia,False,Home Win,769.0,1209.0,-440.0,2022
2022-06-14,Afghanistan,Cambodia,2.0,2.0,AFC Asian Cup qualification,Kolkata,India,True,Draw,1140.0,852.0,288.0,2022
2022-06-14,Kuwait,Jordan,0.0,3.0,AFC Asian Cup qualification,Kuwait City,Kuwait,False,Away Win,1373.0,1450.0,-77.0,2022
2022-06-14,Malaysia,Bangladesh,4.0,1.0,AFC Asian Cup qualification,Kuala Lumpur,Malaysia,False,Home Win,1192.0,878.0,314.0,2022
2022-06-14,Myanmar,Singapore,2.0,6.0,AFC Asian Cup qualification,Bishkek,Kyrgyzstan,True,Away Win,1006.0,1139.0,-133.0,2022
2022-06-14,Kyrgyzstan,Tajikistan,0.0,0.0,AFC Asian Cup qualification,Bishkek,Kyrgyzstan,False,Draw,1234.0,1252.0,-18.0,2022
2022-06-14,Bahrain,Turkmenistan,1.0,0.0,AFC Asian Cup qualification,Kuala Lumpur,Malaysia,True,Home Win,1544.0,1268.0,276.0,2022
2022-06-14,Jamaica,Mexico,1.0,1.0,CONCACAF Nations League,Kingston,Jamaica,False,Draw,1578.0,1928.0,-350.0,2022
2022-06-14,Haiti,Guyana,6.0,0.0,CONCACAF Nations League,Santo Domingo,Dominican Republic,True,Home Win,1527.0,1250.0,277.0,2022
2022-06-14,Uzbekistan,Thailand,2.0,0.0,AFC Asian Cup qualification,Namangan,Uzbekistan,False,Home Win,1554.0,1319.0,235.0,2022
2022-06-14,Romania,Montenegro,0.0,3.0,UEFA Nations League,Bucharest,Romania,False,Away Win,1666.0,1529.0,137.0,2022
2022-06-14,Japan,Tunisia,0.0,3.0,Kirin Cup,Suita,Japan,False,Away Win,1803.0,1634.0,169.0,2022
2022-06-14,Poland,Belgium,0.0,1.0,UEFA Nations League,Warsaw,Poland,False,Away Win,1782.0,2082.0,-300.0,2022
2022-06-14,Armenia,Scotland,1.0,4.0,UEFA Nations League,Yerevan,Armenia,False,Away Win,1558.0,1671.0,-113.0,2022
2022-06-14,Ukraine,Ireland,1.0,1.0,UEFA Nations League,Łódź,Poland,True,Draw,1814.0,1631.0,183.0,2022
2022-06-14,Turkey,Lithuania,2.0,0.0,UEFA Nations League,İzmir,Turkey,False,Home Win,1711.0,1333.0,378.0,2022
2022-06-14,Netherlands,Wales,3.0,2.0,UEFA Nations League,Rotterdam,Netherlands,False,Home Win,1919.0,1827.0,92.0,2022
2022-06-14,Liechtenstein,Latvia,0.0,2.0,UEFA Nations League,Vaduz,Liechtenstein,False,Away Win,1051.0,1350.0,-299.0,2022
2022-06-14,Chile,Ghana,0.0,0.0,Kirin Cup,Suita,Japan,True,Draw,1757.0,1588.0,169.0,2022
2022-06-14,Germany,Italy,5.0,2.0,UEFA Nations League,Mönchengladbach,Germany,False,Home Win,1935.0,2006.0,-71.0,2022
2022-06-14,England,Hungary,0.0,4.0,UEFA Nations League,Wolverhampton,England,False,Away Win,2045.0,1677.0,368.0,2022
2022-07-05,Seychelles,Botswana,0.0,1.0,COSAFA Cup,Durban,South Africa,True,Away Win,901.0,1313.0,-412.0,2022
2022-07-05,Angola,Comoros,3.0,1.0,COSAFA Cup,Durban,South Africa,True,Home Win,1349.0,1253.0,96.0,2022
2022-07-06,Mauritius,Eswatini,0.0,3.0,COSAFA Cup,Durban,South Africa,True,Away Win,1072.0,1250.0,-178.0,2022
2022-07-06,Lesotho,Malawi,2.0,1.0,COSAFA Cup,Durban,South Africa,True,Home Win,1191.0,1292.0,-101.0,2022
2022-07-07,Comoros,Botswana,0.0,1.0,COSAFA Cup,Durban,South Africa,True,Away Win,1253.0,1313.0,-60.0,2022
2022-07-07,Angola,Seychelles,3.0,0.0,COSAFA Cup,Durban,South Africa,True,Home Win,1349.0,901.0,448.0,2022
2022-07-08,Malawi,Eswatini,1.0,1.0,COSAFA Cup,Durban,South Africa,True,Draw,1292.0,1250.0,42.0,2022
2022-07-08,Lesotho,Mauritius,2.0,1.0,COSAFA Cup,Durban,South Africa,True,Home Win,1191.0,1072.0,119.0,2022
2022-07-10,Botswana,Angola,1.0,0.0,COSAFA Cup,Durban,South Africa,True,Home Win,1313.0,1349.0,-36.0,2022
2022-07-10,Seychelles,Comoros,1.0,2.0,COSAFA Cup,KwaMashu,South Africa,True,Away Win,901.0,1253.0,-352.0,2022
2022-07-10,Eswatini,Lesotho,2.0,0.0,COSAFA Cup,Durban,South Africa,True,Home Win,1250.0,1191.0,59.0,2022
2022-07-10,Mauritius,Malawi,0.0,2.0,COSAFA Cup,KwaMashu,South Africa,True,Away Win,1072.0,1292.0,-220.0,2022
2022-07-12,Madagascar,Namibia,0.0,2.0,COSAFA Cup,KwaMashu,South Africa,True,Away Win,1422.0,1383.0,39.0,2022
2022-07-12,Zambia,Botswana,1.0,1.0,COSAFA Cup,KwaMashu,South Africa,True,Draw,1433.0,1352.0,81.0,2022
2022-07-13,Senegal,Eswatini,1.0,1.0,COSAFA Cup,KwaMashu,South Africa,True,Draw,1705.0,1306.0,399.0,2022
2022-07-15,Botswana,Eswatini,2.0,0.0,COSAFA Cup,Clermont,South Africa,True,Home Win,1352.0,1306.0,46.0,2022
2022-07-15,Namibia,Mozambique,1.0,0.0,COSAFA Cup,Durban,South Africa,True,Home Win,1383.0,1284.0,99.0,2022
2022-07-15,Zambia,Senegal,4.0,3.0,COSAFA Cup,Durban,South Africa,True,Home Win,1433.0,1705.0,-272.0,2022
2022-07-17,Mozambique,Senegal,1.0,1.0,COSAFA Cup,Durban,South Africa,True,Draw,1284.0,1705.0,-421.0,2022
2022-07-17,Namibia,Zambia,0.0,1.0,COSAFA Cup,Durban,South Africa,True,Away Win,1383.0,1433.0,-50.0,2022
2022-07-24,Japan,China,0.0,0.0,EAFF Championship,Toyota,Japan,False,Draw,1766.0,1473.0,293.0,2022
2022-08-31,Mexico,Paraguay,0.0,1.0,Friendly,Atlanta,United States,True,Away Win,1823.0,1769.0,54.0,2022
2022-09-21,Libya,Uganda,0.0,0.0,Friendly,Benghazi,Libya,False,Draw,1331.0,1463.0,-132.0,2022
2022-09-21,Vietnam,Singapore,4.0,0.0,Friendly,Ho Chi Minh City,Vietnam,False,Home Win,1425.0,1126.0,299.0,2022
2022-09-21,Scotland,Ukraine,3.0,0.0,UEFA Nations League,Glasgow,Scotland,False,Home Win,1706.0,1848.0,-142.0,2022
2022-09-22,Cambodia,Bangladesh,0.0,1.0,Friendly,Phnom Penh,Cambodia,False,Away Win,863.0,843.0,20.0,2022
2022-09-22,Comoros,Tunisia,0.0,1.0,Friendly,Orléans,France,True,Away Win,1251.0,1684.0,-433.0,2022
2022-09-22,Iceland,Venezuela,1.0,0.0,Friendly,Maria Enzersdorf,Austria,True,Home Win,1546.0,1801.0,-255.0,2022
2022-09-22,Suriname,Nicaragua,2.0,1.0,Friendly,Almere,Netherlands,True,Home Win,1257.0,1251.0,6.0,2022
2022-09-22,France,Austria,2.0,0.0,UEFA Nations League,Paris,France,False,Home Win,2073.0,1759.0,314.0,2022
2022-09-22,Croatia,Denmark,2.0,1.0,UEFA Nations League,Zagreb,Croatia,False,Home Win,1808.0,1983.0,-175.0,2022
2022-09-22,Thailand,Malaysia,1.0,1.0,King's Cup,Chiang Mai,Thailand,False,Draw,1394.0,1194.0,200.0,2022
2022-09-22,Belgium,Wales,2.0,1.0,UEFA Nations League,Brussels,Belgium,False,Home Win,2033.0,1822.0,211.0,2022
2022-09-22,Liechtenstein,Andorra,0.0,2.0,UEFA Nations League,Vaduz,Liechtenstein,False,Away Win,1026.0,1077.0,-51.0,2022
2022-09-22,Turkey,Luxembourg,3.0,3.0,UEFA Nations League,Istanbul,Turkey,False,Draw,1745.0,1412.0,333.0,2022
2022-09-22,Kazakhstan,Belarus,2.0,1.0,UEFA Nations League,Astana,Kazakhstan,False,Home Win,1387.0,1454.0,-67.0,2022
2022-09-22,Slovakia,Azerbaijan,1.0,2.0,UEFA Nations League,Trnava,Slovakia,False,Away Win,1648.0,1292.0,356.0,2022
2022-09-22,Poland,Netherlands,0.0,2.0,UEFA Nations League,Warsaw,Poland,False,Away Win,1803.0,2003.0,-200.0,2022
2022-09-23,Iraq,Oman,1.0,1.0,Jordan International Tournament,Amman,Jordan,True,Draw,1631.0,1496.0,135.0,2022
2022-09-23,Algeria,Guinea,1.0,0.0,Friendly,Oran,Algeria,False,Home Win,1702.0,1423.0,279.0,2022
2022-09-23,Argentina,Honduras,3.0,0.0,Friendly,Miami Gardens,United States,True,Home Win,1994.0,1429.0,565.0,2022
2022-09-23,Brazil,Ghana,3.0,0.0,Friendly,Le Havre,France,True,Home Win,2166.0,1535.0,631.0,2022
2022-09-23,Cameroon,Uzbekistan,0.0,2.0,Friendly,Goyang,South Korea,True,Away Win,1588.0,1555.0,33.0,2022
2022-09-23,Canada,Qatar,2.0,0.0,Friendly,Vienna,Austria,True,Home Win,1565.0,1673.0,-108.0,2022
2022-09-23,Egypt,Niger,3.0,0.0,Friendly,Alexandria,Egypt,False,Home Win,1636.0,1254.0,382.0,2022
2022-09-23,Iran,Uruguay,1.0,0.0,Friendly,Sankt Pölten,Austria,True,Home Win,1794.0,1953.0,-159.0,2022
2022-09-23,Mali,Zambia,1.0,0.0,Friendly,Bamako,Mali,False,Home Win,1574.0,1433.0,141.0,2022
2022-09-23,Morocco,Chile,2.0,0.0,Friendly,Barcelona,Spain,True,Home Win,1701.0,1718.0,-17.0,2022
2022-09-23,Germany,Hungary,0.0,1.0,UEFA Nations League,Leipzig,Germany,False,Away Win,1988.0,1823.0,165.0,2022
2022-09-23,Italy,England,1.0,0.0,UEFA Nations League,Milan,Italy,False,Home Win,1949.0,1937.0,12.0,2022
2022-09-23,Finland,Romania,1.0,1.0,UEFA Nations League,Helsinki,Finland,False,Draw,1663.0,1574.0,89.0,2022
2022-09-23,Bulgaria,Gibraltar,5.0,1.0,UEFA Nations League,Razgrad,Bulgaria,False,Home Win,1492.0,1065.0,427.0,2022
2022-09-23,Estonia,Malta,2.0,1.0,UEFA Nations League,Tallinn,Estonia,False,Home Win,1431.0,1256.0,175.0,2022
2022-09-23,Jordan,Syria,2.0,0.0,Jordan International Tournament,Amman,Jordan,False,Home Win,1574.0,1481.0,93.0,2022
2022-09-24,Mexico,Peru,1.0,0.0,Friendly,Pasadena,United States,True,Home Win,1823.0,1792.0,31.0,2022
2022-09-24,Mauritania,Benin,1.0,0.0,Friendly,Mohammedia,Morocco,True,Home Win,1340.0,1476.0,-136.0,2022
2022-09-24,Madagascar,Congo,3.0,3.0,Friendly,Mohammedia,Morocco,True,Draw,1422.0,1350.0,72.0,2022
2022-09-24,Tanzania,Uganda,1.0,0.0,Friendly,Benghazi,Libya,True,Home Win,1294.0,1463.0,-169.0,2022
2022-09-24,Bolivia,Senegal,0.0,2.0,Friendly,Orléans,France,True,Away Win,1582.0,1705.0,-123.0,2022
2022-09-24,India,Singapore,1.0,1.0,Friendly,Ho Chi Minh City,Vietnam,True,Draw,1235.0,1126.0,109.0,2022
2022-09-24,Colombia,Guatemala,4.0,1.0,Friendly,Harrison,United States,True,Home Win,1896.0,1510.0,386.0,2022
2022-09-24,Indonesia,Curaçao,3.0,2.0,Friendly,Bandung,Indonesia,False,Home Win,1251.0,1410.0,-159.0,2022
2022-09-24,Laos,Maldives,1.0,3.0,Friendly,Bandar Seri Begawan,Brunei,True,Away Win,770.0,917.0,-147.0,2022
2022-09-24,Serbia,Sweden,4.0,1.0,UEFA Nations League,Belgrade,Serbia,False,Home Win,1803.0,1865.0,-62.0,2022
2022-09-24,Scotland,Ireland,2.0,1.0,UEFA Nations League,Glasgow,Scotland,False,Home Win,1706.0,1689.0,17.0,2022
2022-09-24,Slovenia,Norway,2.0,1.0,UEFA Nations League,Ljubljana,Slovenia,False,Home Win,1616.0,1742.0,-126.0,2022
2022-09-24,Israel,Albania,2.0,1.0,UEFA Nations League,Tel Aviv,Israel,False,Home Win,1641.0,1586.0,55.0,2022
2022-09-24,Cyprus,Greece,1.0,0.0,UEFA Nations League,Larnaca,Cyprus,False,Home Win,1316.0,1704.0,-388.0,2022
2022-09-24,Armenia,Ukraine,0.0,5.0,UEFA Nations League,Yerevan,Armenia,False,Away Win,1478.0,1848.0,-370.0,2022
2022-09-24,Spain,Switzerland,1.0,2.0,UEFA Nations League,Zaragoza,Spain,False,Away Win,2034.0,1913.0,121.0,2022
2022-09-24,Czechia,Portugal,0.0,4.0,UEFA Nations League,Prague,Czech Republic,False,Away Win,1744.0,2018.0,-274.0,2022
2022-09-24,Kyrgyzstan,Russia,1.0,2.0,Friendly,Bishkek,Kyrgyzstan,False,Away Win,1268.0,1739.0,-471.0,2022
2022-09-25,Netherlands,Belgium,1.0,0.0,UEFA Nations League,Amsterdam,Netherlands,False,Home Win,2003.0,2033.0,-30.0,2022
2022-09-25,Malaysia,Tajikistan,0.0,0.0,King's Cup,Chiang Mai,Thailand,True,Draw,1194.0,1306.0,-112.0,2022
2022-09-25,Niger,Liberia,0.0,0.0,Friendly,Cairo,Egypt,True,Draw,1252.0,1326.0,-74.0,2022
2022-09-25,Denmark,France,2.0,0.0,UEFA Nations League,Copenhagen,Denmark,False,Home Win,1983.0,2073.0,-90.0,2022
2022-09-25,Wales,Poland,0.0,1.0,UEFA Nations League,Cardiff,Wales,False,Away Win,1822.0,1803.0,19.0,2022
2022-09-25,Azerbaijan,Kazakhstan,3.0,0.0,UEFA Nations League,Baku,Azerbaijan,False,Home Win,1292.0,1387.0,-95.0,2022
2022-09-25,Luxembourg,Lithuania,1.0,0.0,UEFA Nations League,Luxembourg,Luxembourg,False,Home Win,1412.0,1260.0,152.0,2022
2022-09-25,Slovakia,Belarus,1.0,1.0,UEFA Nations League,Bačka Topola,Serbia,True,Draw,1648.0,1454.0,194.0,2022
2022-09-25,Andorra,Latvia,1.0,1.0,UEFA Nations League,Andorra la Vella,Andorra,False,Draw,1077.0,1390.0,-313.0,2022
2022-09-25,Austria,Croatia,1.0,3.0,UEFA Nations League,Vienna,Austria,False,Away Win,1759.0,1808.0,-49.0,2022
2022-09-26,Ethiopia,Sudan,2.0,2.0,Friendly,Addis Ababa,Ethiopia,False,Draw,1352.0,1304.0,48.0,2022
2022-09-26,England,Germany,3.0,3.0,UEFA Nations League,London,England,False,Draw,1923.0,1955.0,-32.0,2022
2022-09-26,Jordan,Oman,1.0,0.0,Jordan International Tournament,Amman,Jordan,False,Home Win,1584.0,1558.0,26.0,2022
2022-09-26,Montenegro,Finland,0.0,2.0,UEFA Nations League,Podgorica,Montenegro,False,Away Win,1578.0,1653.0,-75.0,2022
2022-09-26,Hungary,Italy,0.0,2.0,UEFA Nations League,Budapest,Hungary,False,Away Win,1856.0,1963.0,-107.0,2022
2022-09-26,Iraq,Syria,1.0,0.0,Jordan International Tournament,Amman,Jordan,True,Home Win,1564.0,1450.0,114.0,2022
2022-09-26,Gibraltar,Georgia,1.0,2.0,UEFA Nations League,Gibraltar,Gibraltar,False,Away Win,1054.0,1662.0,-608.0,2022
2022-09-27,Madagascar,Benin,3.0,1.0,Friendly,Mohammedia,Morocco,True,Home Win,1422.0,1476.0,-54.0,2022
2022-09-27,Algeria,Nigeria,2.0,1.0,Friendly,Oran,Algeria,False,Home Win,1714.0,1657.0,57.0,2022
2022-09-27,Argentina,Jamaica,3.0,0.0,Friendly,Harrison,United States,True,Home Win,2140.0,1547.0,593.0,2022
2022-09-27,Bahrain,Panama,0.0,2.0,Friendly,Riffa,Bahrain,False,Away Win,1510.0,1542.0,-32.0,2022
2022-09-27,Brazil,Tunisia,5.0,1.0,Friendly,Paris,France,True,Home Win,2167.0,1684.0,483.0,2022
2022-09-27,Libya,Tanzania,2.0,1.0,Friendly,Benghazi,Libya,False,Home Win,1331.0,1294.0,37.0,2022
2022-09-27,Ecuador,Japan,0.0,0.0,Kirin Challenge Cup,Düsseldorf,Germany,True,Draw,1841.0,1799.0,42.0,2022
2022-09-27,Egypt,Liberia,3.0,0.0,Friendly,Alexandria,Egypt,False,Home Win,1639.0,1326.0,313.0,2022
2022-09-27,Ghana,Nicaragua,1.0,0.0,Friendly,Lorca,Spain,True,Home Win,1534.0,1251.0,283.0,2022
2022-09-27,Honduras,Guatemala,2.0,1.0,Friendly,Houston,United States,True,Home Win,1461.0,1510.0,-49.0,2022
2022-09-27,Indonesia,Curaçao,2.0,1.0,Friendly,Cibinong,Indonesia,False,Home Win,1251.0,1410.0,-159.0,2022
2022-09-27,Iran,Senegal,1.0,1.0,Friendly,Maria Enzersdorf,Austria,True,Draw,1823.0,1705.0,118.0,2022
2022-09-27,Switzerland,Czechia,2.0,1.0,UEFA Nations League,St. Gallen,Switzerland,False,Home Win,1913.0,1744.0,169.0,2022
2022-09-27,Canada,Uruguay,0.0,2.0,Friendly,Bratislava,Slovakia,True,Away Win,1778.0,1926.0,-148.0,2022
2022-09-27,Mexico,Colombia,2.0,3.0,Friendly,Santa Clara,United States,True,Away Win,1823.0,1896.0,-73.0,2022
2022-09-27,Nepal,Bangladesh,3.0,1.0,Friendly,Kathmandu,Nepal,False,Home Win,922.0,843.0,79.0,2022
2022-09-27,Paraguay,Morocco,0.0,0.0,Friendly,Seville,Spain,True,Draw,1740.0,1751.0,-11.0,2022
2022-09-27,Qatar,Chile,2.0,2.0,Friendly,Vienna,Austria,True,Draw,1648.0,1704.0,-56.0,2022
2022-09-27,Vietnam,India,3.0,0.0,Friendly,Ho Chi Minh City,Vietnam,False,Home Win,1425.0,1235.0,190.0,2022
2022-09-27,Portugal,Spain,0.0,1.0,UEFA Nations League,Braga,Portugal,False,Away Win,2018.0,2034.0,-16.0,2022
2022-09-27,Mauritania,Congo,2.0,0.0,Friendly,Mohammedia,Morocco,True,Home Win,1340.0,1350.0,-10.0,2022
2022-09-27,Ireland,Armenia,3.0,2.0,UEFA Nations League,Dublin,Republic of Ireland,False,Home Win,1689.0,1478.0,211.0,2022
2022-09-27,Ukraine,Scotland,0.0,0.0,UEFA Nations League,Kraków,Poland,True,Draw,1848.0,1706.0,142.0,2022
2022-09-27,Albania,Iceland,1.0,1.0,UEFA Nations League,Tirana,Albania,False,Draw,1586.0,1546.0,40.0,2022
2022-09-27,Norway,Serbia,0.0,2.0,UEFA Nations League,Oslo,Norway,False,Away Win,1742.0,1803.0,-61.0,2022
2022-09-27,Sweden,Slovenia,1.0,1.0,UEFA Nations League,Stockholm,Sweden,False,Draw,1865.0,1616.0,249.0,2022
2022-09-27,Kosovo,Cyprus,5.0,1.0,UEFA Nations League,Pristina,Kosovo,False,Home Win,1502.0,1316.0,186.0,2022
2022-09-27,Malta,Israel,2.0,1.0,Friendly,Ta' Qali,Malta,False,Home Win,1238.0,1641.0,-403.0,2022
2022-10-23,Qatar,Guatemala,2.0,0.0,Friendly,Málaga,Spain,True,Home Win,1652.0,1510.0,142.0,2022
2022-10-27,Qatar,Honduras,1.0,0.0,Friendly,Marbella,Spain,True,Home Win,1652.0,1461.0,191.0,2022
2022-11-07,Qatar,Panama,2.0,1.0,Friendly,Marbella,Spain,True,Home Win,1652.0,1542.0,110.0,2022
2022-11-09,Albania,Qatar,0.0,1.0,Friendly,Marbella,Spain,True,Away Win,1586.0,1652.0,-66.0,2022
2022-11-09,Cameroon,Jamaica,1.0,1.0,Friendly,Yaoundé,Cameroon,False,Draw,1613.0,1547.0,66.0,2022
2022-11-09,Mexico,Iraq,4.0,0.0,Friendly,Girona,Spain,True,Home Win,1823.0,1564.0,259.0,2022
2022-11-10,Iran,Nicaragua,1.0,0.0,Friendly,Tehran,Iran,False,Home Win,1823.0,1251.0,572.0,2022
2022-11-11,Bahrain,Canada,2.0,2.0,Friendly,Isa Town,Bahrain,False,Draw,1510.0,1778.0,-268.0,2022
2022-11-12,Iraq,Ecuador,0.0,0.0,Friendly,Madrid,Spain,True,Draw,1564.0,1841.0,-277.0,2022
2022-11-13,Syria,Algeria,0.0,1.0,Friendly,Sharjah,United Arab Emirates,True,Away Win,1450.0,1714.0,-264.0,2022
2022-11-15,Venezuela,Panama,2.0,2.0,Friendly,Al Hamriyah,United Arab Emirates,True,Draw,1801.0,1542.0,259.0,2022
2022-11-16,Albania,Italy,1.0,3.0,Friendly,Tirana,Albania,False,Away Win,1586.0,1963.0,-377.0,2022
2022-11-16,Algeria,Mali,1.0,1.0,Friendly,Oran,Algeria,False,Draw,1714.0,1618.0,96.0,2022
2022-11-16,Andorra,Austria,0.0,1.0,Friendly,Málaga,Spain,True,Away Win,1077.0,1759.0,-682.0,2022
2022-11-16,Cyprus,Bulgaria,0.0,2.0,Friendly,Larnaca,Cyprus,False,Away Win,1316.0,1476.0,-160.0,2022
2022-11-16,Gibraltar,Liechtenstein,2.0,0.0,Friendly,Gibraltar,Gibraltar,False,Home Win,1054.0,1026.0,28.0,2022
2022-11-16,Iran,Tunisia,0.0,2.0,Friendly,Doha,Qatar,True,Away Win,1823.0,1684.0,139.0,2022
2022-11-16,Kosovo,Armenia,2.0,2.0,Friendly,Pristina,Kosovo,False,Draw,1502.0,1478.0,24.0,2022
2022-11-16,Peru,Paraguay,1.0,0.0,Friendly,Lima,Peru,False,Home Win,1792.0,1740.0,52.0,2022
2022-11-16,Mexico,Sweden,1.0,2.0,Friendly,Girona,Spain,True,Away Win,1823.0,1865.0,-42.0,2022
2022-11-16,Oman,Germany,0.0,1.0,Friendly,Muscat,Oman,False,Away Win,1558.0,1955.0,-397.0,2022
2022-11-16,Poland,Chile,1.0,0.0,Friendly,Warsaw,Poland,False,Home Win,1803.0,1704.0,99.0,2022
2022-11-16,Turkey,Scotland,2.0,1.0,Friendly,Diyarbakir,Turkey,False,Home Win,1745.0,1706.0,39.0,2022
2022-11-16,Uzbekistan,Kazakhstan,2.0,0.0,Friendly,Tashkent,Uzbekistan,False,Home Win,1573.0,1387.0,186.0,2022
2022-11-16,Lithuania,Iceland,0.0,0.0,Baltic Cup,Kaunas,Lithuania,False,Draw,1260.0,1546.0,-286.0,2022
2022-11-16,Latvia,Estonia,1.0,1.0,Baltic Cup,Riga,Latvia,False,Draw,1390.0,1417.0,-27.0,2022
2022-11-17,Montenegro,Slovakia,2.0,2.0,Friendly,Podgorica,Montenegro,False,Draw,1578.0,1648.0,-70.0,2022
2022-11-17,Angola,Botswana,1.0,0.0,Friendly,Soweto,South Africa,True,Home Win,1389.0,1352.0,37.0,2022
2022-11-17,Israel,Zambia,4.0,2.0,Friendly,Petah Tikva,Israel,False,Home Win,1641.0,1464.0,177.0,2022
2022-11-17,Japan,Canada,1.0,2.0,Friendly,Dubai,United Arab Emirates,True,Away Win,1799.0,1778.0,21.0,2022
2022-11-17,Jordan,Spain,1.0,3.0,Friendly,Amman,Jordan,False,Away Win,1584.0,2034.0,-450.0,2022
2022-11-17,Luxembourg,Hungary,2.0,2.0,Friendly,Luxembourg,Luxembourg,False,Draw,1412.0,1856.0,-444.0,2022
2022-11-17,Malta,Greece,2.0,2.0,Friendly,Ta' Qali,Malta,False,Draw,1238.0,1704.0,-466.0,2022
2022-11-17,Switzerland,Ghana,0.0,2.0,Friendly,Abu Dhabi,United Arab Emirates,True,Away Win,1913.0,1534.0,379.0,2022
2022-11-17,Gabon,Guinea-Bissau,3.0,1.0,Friendly,Antalya,Turkey,True,Home Win,1404.0,1383.0,21.0,2022
2022-11-17,Niger,Libya,2.0,3.0,Friendly,Antalya,Turkey,True,Away Win,1252.0,1331.0,-79.0,2022
2022-11-17,Portugal,Nigeria,4.0,0.0,Friendly,Lisbon,Portugal,False,Home Win,2018.0,1657.0,361.0,2022
2022-11-17,Ireland,Norway,1.0,2.0,Friendly,Dublin,Republic of Ireland,False,Away Win,1689.0,1742.0,-53.0,2022
2022-11-17,Romania,Slovenia,1.0,2.0,Friendly,Cluj,Romania,False,Away Win,1584.0,1616.0,-32.0,2022
2022-11-17,Rwanda,Sudan,0.0,0.0,Friendly,Kigali,Rwanda,False,Draw,1271.0,1304.0,-33.0,2022
2022-11-17,Syria,Belarus,0.0,1.0,Friendly,Dubai,United Arab Emirates,True,Away Win,1450.0,1454.0,-4.0,2022
2022-11-17,Tajikistan,Russia,0.0,0.0,Friendly,Dushanbe,Tajikistan,False,Draw,1306.0,1739.0,-433.0,2022
2022-11-17,Morocco,Georgia,3.0,0.0,Friendly,Sharjah,United Arab Emirates,True,Home Win,1751.0,1662.0,89.0,2022
2022-11-18,Bahrain,Serbia,1.0,5.0,Friendly,Arad,Bahrain,False,Away Win,1510.0,1803.0,-293.0,2022
2022-11-18,Cameroon,Panama,1.0,1.0,Friendly,Abu Dhabi,United Arab Emirates,True,Draw,1613.0,1542.0,71.0,2022
2022-11-18,Egypt,Belgium,2.0,1.0,Friendly,Kuwait City,Kuwait,True,Home Win,1639.0,2033.0,-394.0,2022
2022-11-19,Peru,Bolivia,1.0,0.0,Friendly,Arequipa,Peru,False,Home Win,1848.0,1582.0,266.0,2022
2022-11-19,Albania,Armenia,2.0,0.0,Friendly,Tirana,Albania,False,Home Win,1535.0,1459.0,76.0,2022
2022-11-19,Colombia,Paraguay,2.0,0.0,Friendly,Fort Lauderdale,United States,True,Home Win,1896.0,1735.0,161.0,2022
2022-11-19,Gibraltar,Andorra,1.0,0.0,Friendly,Gibraltar,Gibraltar,False,Home Win,1060.0,1118.0,-58.0,2022
2022-11-19,Kuwait,Lebanon,2.0,0.0,Friendly,Dubai,United Arab Emirates,True,Home Win,1299.0,1407.0,-108.0,2022
2022-11-19,Sweden,Algeria,2.0,0.0,Friendly,Malmö,Sweden,False,Home Win,1747.0,1714.0,33.0,2022
2022-11-19,Rwanda,Sudan,1.0,0.0,Friendly,Kigali,Rwanda,False,Home Win,1271.0,1304.0,-33.0,2022
2022-11-19,Turkey,Czechia,2.0,1.0,Friendly,Gaziantep,Turkey,False,Home Win,1701.0,1788.0,-87.0,2022
2022-11-19,Estonia,Lithuania,2.0,0.0,Baltic Cup,Tallinn,Estonia,False,Home Win,1421.0,1255.0,166.0,2022
2022-11-19,Latvia,Iceland,1.0,1.0,Baltic Cup,Riga,Latvia,False,Draw,1348.0,1546.0,-198.0,2022
2022-11-19,Guatemala,Nicaragua,3.0,1.0,Friendly,Carson,United States,True,Home Win,1510.0,1265.0,245.0,2022
2022-11-20,Malta,Ireland,0.0,1.0,Friendly,Ta' Qali,Malta,False,Away Win,1238.0,1689.0,-451.0,2022
2022-11-20,Hungary,Greece,2.0,1.0,Friendly,Budapest,Hungary,False,Home Win,1856.0,1704.0,152.0,2022
2022-11-20,Luxembourg,Bulgaria,0.0,0.0,Friendly,Luxembourg,Luxembourg,False,Draw,1412.0,1520.0,-108.0,2022
2022-11-20,Gambia,Guinea-Bissau,0.0,0.0,Friendly,Antalya,Turkey,True,Draw,1355.0,1383.0,-28.0,2022
2022-11-20,Austria,Italy,2.0,0.0,Friendly,Vienna,Austria,False,Home Win,1729.0,1995.0,-266.0,2022
2022-11-20,Syria,Venezuela,1.0,2.0,Friendly,Dubai,United Arab Emirates,True,Away Win,1450.0,1801.0,-351.0,2022
2022-11-20,Israel,Cyprus,2.0,3.0,Friendly,Petah Tikva,Israel,False,Away Win,1641.0,1337.0,304.0,2022
2022-11-20,Oman,Belarus,2.0,0.0,Friendly,Al Ain,United Arab Emirates,True,Home Win,1545.0,1454.0,91.0,2022
2022-11-20,Norway,Finland,1.0,1.0,Friendly,Oslo,Norway,False,Draw,1742.0,1653.0,89.0,2022
2022-11-20,Qatar,Ecuador,0.0,2.0,FIFA World Cup,Al Khor,Qatar,False,Away Win,1652.0,1841.0,-189.0,2022
2022-11-20,Niger,Gabon,1.0,3.0,Friendly,Antalya,Turkey,True,Away Win,1252.0,1404.0,-152.0,2022
2022-11-20,Slovenia,Montenegro,1.0,0.0,Friendly,Ljubljana,Slovenia,False,Home Win,1616.0,1578.0,38.0,2022
2022-11-20,Slovakia,Chile,0.0,0.0,Friendly,Bratislava,Slovakia,False,Draw,1648.0,1697.0,-49.0,2022
2022-11-20,Uzbekistan,Russia,0.0,0.0,Friendly,Tashkent,Uzbekistan,False,Draw,1572.0,1739.0,-167.0,2022
2022-11-21,Senegal,Netherlands,0.0,2.0,FIFA World Cup,Doha,Qatar,True,Away Win,1705.0,2003.0,-298.0,2022
2022-11-21,England,Iran,6.0,2.0,FIFA World Cup,Al Rayyan,Qatar,True,Home Win,1923.0,1798.0,125.0,2022
2022-11-22,Mexico,Poland,0.0,0.0,FIFA World Cup,Doha,Qatar,True,Draw,1809.0,1813.0,-4.0,2022
2022-11-22,Denmark,Tunisia,0.0,0.0,FIFA World Cup,Al Rayyan,Qatar,True,Draw,1983.0,1705.0,278.0,2022
2022-11-22,France,Australia,4.0,1.0,FIFA World Cup,Al Wakrah,Qatar,True,Home Win,2073.0,1731.0,342.0,2022
2022-11-23,Germany,Japan,1.0,2.0,FIFA World Cup,Al Rayyan,Qatar,True,Away Win,1962.0,1799.0,163.0,2022
2022-11-23,Morocco,Croatia,0.0,0.0,FIFA World Cup,Al Khor,Qatar,True,Draw,1751.0,1926.0,-175.0,2022
2022-11-23,Belgium,Canada,1.0,0.0,FIFA World Cup,Al Rayyan,Qatar,True,Home Win,2033.0,1778.0,255.0,2022
2022-11-24,Brazil,Serbia,2.0,0.0,FIFA World Cup,Lusail,Qatar,True,Home Win,2167.0,1803.0,364.0,2022
2022-11-24,Portugal,Ghana,3.0,2.0,FIFA World Cup,Doha,Qatar,True,Home Win,2018.0,1534.0,484.0,2022
2022-11-24,Switzerland,Cameroon,1.0,0.0,FIFA World Cup,Al Wakrah,Qatar,True,Home Win,1913.0,1613.0,300.0,2022
2022-11-25,Qatar,Senegal,1.0,3.0,FIFA World Cup,Doha,Qatar,False,Away Win,1652.0,1705.0,-53.0,2022
2022-11-25,Netherlands,Ecuador,1.0,1.0,FIFA World Cup,Al Rayyan,Qatar,True,Draw,2003.0,1841.0,162.0,2022
2022-11-25,Wales,Iran,0.0,2.0,FIFA World Cup,Al Rayyan,Qatar,True,Away Win,1822.0,1798.0,24.0,2022
2022-11-26,Argentina,Mexico,2.0,0.0,FIFA World Cup,Lusail,Qatar,True,Home Win,2143.0,1809.0,334.0,2022
2022-11-26,Tunisia,Australia,0.0,1.0,FIFA World Cup,Al Wakrah,Qatar,True,Away Win,1705.0,1731.0,-26.0,2022
2022-11-26,France,Denmark,2.0,1.0,FIFA World Cup,Doha,Qatar,True,Home Win,2073.0,1983.0,90.0,2022
2022-11-27,Belgium,Morocco,0.0,2.0,FIFA World Cup,Doha,Qatar,True,Away Win,2033.0,1751.0,282.0,2022
2022-11-27,Croatia,Canada,4.0,1.0,FIFA World Cup,Al Rayyan,Qatar,True,Home Win,1926.0,1778.0,148.0,2022
2022-11-27,Spain,Germany,1.0,1.0,FIFA World Cup,Al Khor,Qatar,True,Draw,2034.0,1962.0,72.0,2022
2022-11-28,Cameroon,Serbia,3.0,3.0,FIFA World Cup,Al Wakrah,Qatar,True,Draw,1613.0,1803.0,-190.0,2022
2022-11-28,Brazil,Switzerland,1.0,0.0,FIFA World Cup,Doha,Qatar,True,Home Win,2167.0,1913.0,254.0,2022
2022-11-28,Portugal,Uruguay,2.0,0.0,FIFA World Cup,Lusail,Qatar,True,Home Win,2018.0,1926.0,92.0,2022
2022-11-29,Ecuador,Senegal,1.0,2.0,FIFA World Cup,Al Rayyan,Qatar,True,Away Win,1841.0,1705.0,136.0,2022
2022-11-29,Qatar,Netherlands,0.0,2.0,FIFA World Cup,Al Khor,Qatar,False,Away Win,1652.0,2003.0,-351.0,2022
2022-11-29,Wales,England,0.0,3.0,FIFA World Cup,Al Rayyan,Qatar,True,Away Win,1822.0,1923.0,-101.0,2022
2022-11-30,Poland,Argentina,0.0,2.0,FIFA World Cup,Doha,Qatar,True,Away Win,1813.0,2143.0,-330.0,2022
2022-11-30,Australia,Denmark,1.0,0.0,FIFA World Cup,Al Wakrah,Qatar,True,Home Win,1731.0,1983.0,-252.0,2022
2022-11-30,Tunisia,France,1.0,0.0,FIFA World Cup,Al Rayyan,Qatar,True,Home Win,1705.0,2073.0,-368.0,2022
2022-12-01,Japan,Spain,2.0,1.0,FIFA World Cup,Al Rayyan,Qatar,True,Home Win,1799.0,2034.0,-235.0,2022
2022-12-01,Croatia,Belgium,0.0,0.0,FIFA World Cup,Al Rayyan,Qatar,True,Draw,1926.0,2033.0,-107.0,2022
2022-12-01,Canada,Morocco,1.0,2.0,FIFA World Cup,Doha,Qatar,True,Away Win,1778.0,1751.0,27.0,2022
2022-12-02,Cameroon,Brazil,1.0,0.0,FIFA World Cup,Lusail,Qatar,True,Home Win,1613.0,2167.0,-554.0,2022
2022-12-02,Ghana,Uruguay,0.0,2.0,FIFA World Cup,Al Wakrah,Qatar,True,Away Win,1534.0,1926.0,-392.0,2022
2022-12-02,Serbia,Switzerland,2.0,3.0,FIFA World Cup,Doha,Qatar,True,Away Win,1803.0,1913.0,-110.0,2022
2022-12-03,Argentina,Australia,2.0,1.0,FIFA World Cup,Al Rayyan,Qatar,True,Home Win,2143.0,1731.0,412.0,2022
2022-12-04,France,Poland,3.0,1.0,FIFA World Cup,Doha,Qatar,True,Home Win,2073.0,1813.0,260.0,2022
2022-12-04,England,Senegal,3.0,0.0,FIFA World Cup,Al Khor,Qatar,True,Home Win,1923.0,1705.0,218.0,2022
2022-12-05,Japan,Croatia,1.0,1.0,FIFA World Cup,Al Wakrah,Qatar,True,Draw,1799.0,1926.0,-127.0,2022
2022-12-06,Morocco,Spain,0.0,0.0,FIFA World Cup,Al Rayyan,Qatar,True,Draw,1751.0,2034.0,-283.0,2022
2022-12-06,Portugal,Switzerland,6.0,1.0,FIFA World Cup,Lusail,Qatar,True,Home Win,2018.0,1913.0,105.0,2022
2022-12-09,Croatia,Brazil,1.0,1.0,FIFA World Cup,Al Rayyan,Qatar,True,Draw,1926.0,2167.0,-241.0,2022
2022-12-09,Netherlands,Argentina,2.0,2.0,FIFA World Cup,Lusail,Qatar,True,Draw,2003.0,2143.0,-140.0,2022
2022-12-09,Malaysia,Cambodia,4.0,0.0,Friendly,Kuala Lumpur,Malaysia,False,Home Win,1194.0,863.0,331.0,2022
2022-12-10,Morocco,Portugal,1.0,0.0,FIFA World Cup,Doha,Qatar,True,Home Win,1751.0,2018.0,-267.0,2022
2022-12-10,England,France,1.0,2.0,FIFA World Cup,Al Khor,Qatar,True,Away Win,1923.0,2073.0,-150.0,2022
2022-12-11,Thailand,Myanmar,6.0,0.0,Friendly,Pathum Thani,Thailand,False,Home Win,1394.0,930.0,464.0,2022
2022-12-13,Argentina,Croatia,3.0,0.0,FIFA World Cup,Lusail,Qatar,True,Home Win,2143.0,1926.0,217.0,2022
2022-12-14,Malaysia,Maldives,3.0,0.0,Friendly,Kuala Lumpur,Malaysia,False,Home Win,1194.0,917.0,277.0,2022
2022-12-14,France,Morocco,2.0,0.0,FIFA World Cup,Al Khor,Qatar,True,Home Win,2073.0,1751.0,322.0,2022
2022-12-14,Vietnam,Philippines,1.0,0.0,Friendly,Hanoi,Vietnam,False,Home Win,1425.0,1097.0,328.0,2022
2022-12-14,Thailand,Taiwan,0.0,1.0,Friendly,Pathum Thani,Thailand,False,Away Win,1394.0,909.0,485.0,2022
2022-12-17,Croatia,Morocco,2.0,1.0,FIFA World Cup,Al Rayyan,Qatar,True,Home Win,1926.0,1751.0,175.0,2022
2022-12-17,Singapore,Maldives,3.0,1.0,Friendly,Singapore,Singapore,False,Home Win,1126.0,917.0,209.0,2022
2022-12-18,Argentina,France,3.0,3.0,FIFA World Cup,Lusail,Qatar,True,Draw,2143.0,2073.0,70.0,2022
2022-12-20,Cambodia,Philippines,3.0,2.0,AFF Championship,Phnom Penh,Cambodia,False,Home Win,863.0,1097.0,-234.0,2022
2022-12-21,Myanmar,Malaysia,0.0,1.0,AFF Championship,Yangon,Myanmar,False,Away Win,930.0,1194.0,-264.0,2022
2022-12-21,Laos,Vietnam,0.0,6.0,AFF Championship,Vientiane,Laos,False,Away Win,770.0,1425.0,-655.0,2022
2022-12-23,Oman,Syria,2.0,1.0,Friendly,Dubai,United Arab Emirates,True,Home Win,1545.0,1450.0,95.0,2022
2022-12-23,Indonesia,Cambodia,2.0,1.0,AFF Championship,Jakarta,Indonesia,False,Home Win,1251.0,863.0,388.0,2022
2022-12-24,Singapore,Myanmar,3.0,2.0,AFF Championship,Singapore,Singapore,False,Home Win,1126.0,930.0,196.0,2022
2022-12-24,Malaysia,Laos,5.0,0.0,AFF Championship,Kuala Lumpur,Malaysia,False,Home Win,1194.0,770.0,424.0,2022
2022-12-26,Thailand,Philippines,4.0,0.0,AFF Championship,Pathum Thani,Thailand,False,Home Win,1394.0,1097.0,297.0,2022
2022-12-27,Laos,Singapore,0.0,2.0,AFF Championship,Vientiane,Laos,False,Away Win,770.0,1126.0,-356.0,2022
2022-12-27,Vietnam,Malaysia,3.0,0.0,AFF Championship,Hanoi,Vietnam,False,Home Win,1425.0,1194.0,231.0,2022
2022-12-29,Indonesia,Thailand,1.0,1.0,AFF Championship,Jakarta,Indonesia,False,Draw,1251.0,1394.0,-143.0,2022
2022-12-30,Iraq,Kuwait,1.0,0.0,Friendly,Basra,Iraq,False,Home Win,1564.0,1299.0,265.0,2022
2022-12-30,Oman,Syria,1.0,0.0,Friendly,Dubai,United Arab Emirates,True,Home Win,1545.0,1450.0,95.0,2022
2022-12-30,Myanmar,Laos,2.0,2.0,AFF Championship,Yangon,Myanmar,False,Draw,930.0,770.0,160.0,2022
2022-12-30,Singapore,Vietnam,0.0,0.0,AFF Championship,Singapore,Singapore,False,Draw,1126.0,1425.0,-299.0,2022
2023-01-02,Thailand,Cambodia,3.0,1.0,AFF Championship,Pathum Thani,Thailand,False,Home Win,1394.0,863.0,531.0,2023
2023-01-02,Philippines,Indonesia,1.0,2.0,AFF Championship,Manila,Philippines,False,Away Win,1097.0,1251.0,-154.0,2023
2023-01-03,Vietnam,Myanmar,3.0,0.0,AFF Championship,Hanoi,Vietnam,False,Home Win,1425.0,930.0,495.0,2023
2023-01-03,Malaysia,Singapore,4.0,1.0,AFF Championship,Kuala Lumpur,Malaysia,False,Home Win,1194.0,1126.0,68.0,2023
2023-01-06,Iraq,Oman,0.0,0.0,Gulf Cup,Basra,Iraq,False,Draw,1564.0,1545.0,19.0,2023
2023-01-06,Indonesia,Vietnam,0.0,0.0,AFF Championship,Jakarta,Indonesia,False,Draw,1251.0,1425.0,-174.0,2023
2023-01-07,Kuwait,Qatar,0.0,2.0,Gulf Cup,Basra,Iraq,True,Away Win,1299.0,1652.0,-353.0,2023
2023-01-07,Malaysia,Thailand,1.0,0.0,AFF Championship,Kuala Lumpur,Malaysia,False,Home Win,1194.0,1394.0,-200.0,2023
2023-01-08,Iceland,Estonia,1.0,1.0,Friendly,Albufeira,Portugal,True,Draw,1546.0,1421.0,125.0,2023
2023-01-09,Sweden,Finland,2.0,0.0,Friendly,Faro-Loulé,Portugal,True,Home Win,1747.0,1653.0,94.0,2023
2023-01-09,Oman,Yemen,3.0,2.0,Gulf Cup,Basra,Iraq,True,Home Win,1545.0,1100.0,445.0,2023
2023-01-09,Vietnam,Indonesia,2.0,0.0,AFF Championship,Hanoi,Vietnam,False,Home Win,1425.0,1251.0,174.0,2023
2023-01-10,Qatar,Bahrain,1.0,2.0,Gulf Cup,Basra,Iraq,True,Away Win,1652.0,1510.0,142.0,2023
2023-01-10,Thailand,Malaysia,3.0,0.0,AFF Championship,Pathum Thani,Thailand,False,Home Win,1394.0,1194.0,200.0,2023
2023-01-12,Finland,Estonia,0.0,1.0,Friendly,Albufeira,Portugal,True,Away Win,1653.0,1421.0,232.0,2023
2023-01-12,Sweden,Iceland,2.0,1.0,Friendly,Faro-Loulé,Portugal,True,Home Win,1747.0,1546.0,201.0,2023
2023-01-12,Iraq,Yemen,5.0,0.0,Gulf Cup,Basra,Iraq,False,Home Win,1564.0,1100.0,464.0,2023
2023-01-13,Bahrain,Kuwait,1.0,1.0,Gulf Cup,Basra,Iraq,True,Draw,1510.0,1299.0,211.0,2023
2023-01-13,Vietnam,Thailand,2.0,2.0,AFF Championship,Hanoi,Vietnam,False,Draw,1425.0,1394.0,31.0,2023
2023-01-16,Iraq,Qatar,2.0,1.0,Gulf Cup,Basra,Iraq,False,Home Win,1564.0,1652.0,-88.0,2023
2023-01-16,Bahrain,Oman,0.0,1.0,Gulf Cup,Basra,Iraq,True,Away Win,1510.0,1545.0,-35.0,2023
2023-01-16,Thailand,Vietnam,1.0,0.0,AFF Championship,Pathum Thani,Thailand,False,Home Win,1394.0,1425.0,-31.0,2023
2023-01-19,Iraq,Oman,3.0,2.0,Gulf Cup,Basra,Iraq,False,Home Win,1564.0,1545.0,19.0,2023
2023-02-22,Grenada,Barbados,1.0,1.0,Friendly,Sauteurs,Grenada,False,Draw,1112.0,1103.0,9.0,2023
2023-02-26,Grenada,Barbados,2.0,2.0,Friendly,St. George's,Grenada,False,Draw,1112.0,1103.0,9.0,2023
2023-03-12,Guatemala,Panama,1.0,1.0,Friendly,San Jose,United States,True,Draw,1510.0,1542.0,-32.0,2023
2023-03-15,Bangladesh,Malawi,1.0,1.0,Friendly,Medina,Saudi Arabia,True,Draw,843.0,1293.0,-450.0,2023
2023-03-19,Ethiopia,Rwanda,1.0,0.0,Friendly,Adama,Ethiopia,False,Home Win,1352.0,1271.0,81.0,2023
2023-03-20,Fiji,Vanuatu,1.0,2.0,Friendly,Lautoka,Fiji,False,Away Win,1250.0,1210.0,40.0,2023
2023-03-21,Maldives,Pakistan,1.0,0.0,Friendly,Laamu,Maldives,False,Home Win,917.0,872.0,45.0,2023
2023-03-22,India,Myanmar,1.0,0.0,Tri Nation Tournament,Imphal,India,False,Home Win,1235.0,930.0,305.0,2023
2023-03-22,Nepal,Laos,2.0,0.0,Tri Nation Tournament,Kathmandu,Nepal,False,Home Win,936.0,770.0,166.0,2023
2023-03-22,Ireland,Latvia,3.0,2.0,Friendly,Dublin,Republic of Ireland,False,Home Win,1689.0,1348.0,341.0,2023
2023-03-22,Benin,Rwanda,1.0,1.0,African Cup of Nations qualification,Cotonou,Benin,False,Draw,1476.0,1271.0,205.0,2023
2023-03-23,Zambia,Lesotho,3.0,1.0,African Cup of Nations qualification,Ndola,Zambia,False,Home Win,1464.0,1219.0,245.0,2023
2023-03-23,Argentina,Panama,2.0,0.0,Friendly,Buenos Aires,Argentina,False,Home Win,2143.0,1542.0,601.0,2023
2023-03-23,Hungary,Estonia,1.0,0.0,Friendly,Budapest,Hungary,False,Home Win,1856.0,1421.0,435.0,2023
2023-03-23,Iran,Russia,1.0,1.0,Friendly,Tehran,Iran,False,Draw,1798.0,1739.0,59.0,2023
2023-03-23,Malaysia,Turkmenistan,1.0,0.0,Friendly,Johor Bahru,Malaysia,False,Home Win,1194.0,1252.0,-58.0,2023
2023-03-23,Algeria,Niger,2.0,1.0,African Cup of Nations qualification,Algiers,Algeria,False,Home Win,1714.0,1252.0,462.0,2023
2023-03-23,Denmark,Finland,3.0,1.0,UEFA Euro qualification,Copenhagen,Denmark,False,Home Win,1983.0,1653.0,330.0,2023
2023-03-23,Ghana,Angola,1.0,0.0,African Cup of Nations qualification,Kumasi,Ghana,False,Home Win,1534.0,1389.0,145.0,2023
2023-03-23,Italy,England,1.0,2.0,UEFA Euro qualification,Napoli,Italy,False,Away Win,1995.0,1923.0,72.0,2023
2023-03-23,Kazakhstan,Slovenia,1.0,2.0,UEFA Euro qualification,Astana,Kazakhstan,False,Away Win,1396.0,1616.0,-220.0,2023
2023-03-23,Portugal,Liechtenstein,4.0,0.0,UEFA Euro qualification,Lisbon,Portugal,False,Home Win,2018.0,977.0,1041.0,2023
2023-03-23,Slovakia,Luxembourg,0.0,0.0,UEFA Euro qualification,Trnava,Slovakia,False,Draw,1648.0,1412.0,236.0,2023
2023-03-23,Suriname,Mexico,0.0,2.0,CONCACAF Nations League,Paramaribo,Suriname,False,Away Win,1257.0,1809.0,-552.0,2023
2023-03-23,Barbados,Cuba,0.0,1.0,CONCACAF Nations League,Bridgetown,Barbados,False,Away Win,1103.0,1276.0,-173.0,2023
2023-03-23,Gabon,Sudan,1.0,0.0,African Cup of Nations qualification,Franceville,Gabon,False,Home Win,1404.0,1304.0,100.0,2023
2023-03-24,Egypt,Malawi,2.0,0.0,African Cup of Nations qualification,Cairo,Egypt,False,Home Win,1639.0,1293.0,346.0,2023
2023-03-24,Guinea,Ethiopia,2.0,0.0,African Cup of Nations qualification,Casablanca,Morocco,True,Home Win,1387.0,1352.0,35.0,2023
2023-03-24,Cameroon,Namibia,1.0,1.0,African Cup of Nations qualification,Yaoundé,Cameroon,False,Draw,1613.0,1383.0,230.0,2023
2023-03-24,Nigeria,Guinea-Bissau,0.0,1.0,African Cup of Nations qualification,Abuja,Nigeria,False,Away Win,1657.0,1383.0,274.0,2023
2023-03-24,Japan,Uruguay,1.0,1.0,Friendly,Tokyo,Japan,False,Draw,1799.0,1926.0,-127.0,2023
2023-03-24,Kuwait,Philippines,2.0,0.0,Friendly,Kuwait City,Kuwait,False,Home Win,1299.0,1097.0,202.0,2023
2023-03-24,Mali,Gambia,2.0,0.0,African Cup of Nations qualification,Bamako,Mali,False,Home Win,1617.0,1355.0,262.0,2023
2023-03-24,Uganda,Tanzania,0.0,1.0,African Cup of Nations qualification,Ismailia,Egypt,True,Away Win,1463.0,1294.0,169.0,2023
2023-03-24,Uzbekistan,Bolivia,1.0,0.0,Friendly,Jeddah,Saudi Arabia,True,Home Win,1572.0,1582.0,-10.0,2023
2023-03-24,Australia,Ecuador,3.0,1.0,Friendly,Sydney,Australia,False,Home Win,1731.0,1841.0,-110.0,2023
2023-03-24,Gibraltar,Greece,0.0,3.0,UEFA Euro qualification,Faro-Loulé,Portugal,True,Away Win,1060.0,1704.0,-644.0,2023
2023-03-24,Sweden,Belgium,0.0,3.0,UEFA Euro qualification,Stockholm,Sweden,False,Away Win,1747.0,2033.0,-286.0,2023
2023-03-24,Senegal,Mozambique,5.0,1.0,African Cup of Nations qualification,Diamniadio,Senegal,False,Home Win,1705.0,1284.0,421.0,2023
2023-03-24,Belize,Guatemala,1.0,2.0,CONCACAF Nations League,Belmopan,Belize,False,Away Win,1076.0,1510.0,-434.0,2023
2023-03-24,Bulgaria,Montenegro,0.0,1.0,UEFA Euro qualification,Razgrad,Bulgaria,False,Away Win,1520.0,1578.0,-58.0,2023
2023-03-24,Serbia,Lithuania,2.0,0.0,UEFA Euro qualification,Belgrade,Serbia,False,Home Win,1803.0,1255.0,548.0,2023
2023-03-24,Austria,Azerbaijan,4.0,1.0,UEFA Euro qualification,Pasching,Austria,False,Home Win,1729.0,1399.0,330.0,2023
2023-03-24,Czechia,Poland,3.0,1.0,UEFA Euro qualification,Prague,Czech Republic,False,Home Win,1788.0,1813.0,-25.0,2023
2023-03-24,France,Netherlands,4.0,0.0,UEFA Euro qualification,Paris,France,False,Home Win,2073.0,2003.0,70.0,2023
2023-03-24,Tunisia,Libya,3.0,0.0,African Cup of Nations qualification,Radès,Tunisia,False,Home Win,1705.0,1331.0,374.0,2023
2023-03-25,Indonesia,Burundi,3.0,1.0,Friendly,Bekasi,Indonesia,False,Home Win,1251.0,1252.0,-1.0,2023
2023-03-25,Morocco,Brazil,2.0,1.0,Friendly,Tangier,Morocco,False,Home Win,1751.0,2167.0,-416.0,2023
2023-03-25,Germany,Peru,2.0,0.0,Friendly,Mainz,Germany,False,Home Win,1962.0,1848.0,114.0,2023
2023-03-25,Myanmar,Kyrgyzstan,1.0,1.0,Tri Nation Tournament,Imphal,India,True,Draw,930.0,1268.0,-338.0,2023
2023-03-25,Bhutan,Laos,1.0,2.0,Tri Nation Tournament,Kathmandu,Nepal,True,Away Win,588.0,770.0,-182.0,2023
2023-03-25,Bangladesh,Seychelles,1.0,0.0,Friendly,Sylhet,Bangladesh,False,Home Win,843.0,891.0,-48.0,2023
2023-03-25,Bahrain,Palestine,1.0,2.0,Friendly,Arad,Bahrain,False,Away Win,1510.0,1432.0,78.0,2023
2023-03-25,Georgia,Mongolia,6.0,1.0,Friendly,Batumi,Georgia,False,Home Win,1662.0,805.0,857.0,2023
2023-03-25,Croatia,Wales,1.0,1.0,UEFA Euro qualification,Split,Croatia,False,Draw,1926.0,1822.0,104.0,2023
2023-03-25,Thailand,Syria,1.0,3.0,Friendly,Dubai,United Arab Emirates,True,Away Win,1394.0,1450.0,-56.0,2023
2023-03-25,Andorra,Romania,0.0,2.0,UEFA Euro qualification,Andorra la Vella,Andorra,False,Away Win,1118.0,1584.0,-466.0,2023
2023-03-25,Scotland,Cyprus,3.0,0.0,UEFA Euro qualification,Glasgow,Scotland,False,Home Win,1752.0,1337.0,415.0,2023
2023-03-25,Montserrat,Haiti,0.0,4.0,CONCACAF Nations League,Lookout,Montserrat,False,Away Win,893.0,1536.0,-643.0,2023
2023-03-25,Bermuda,Guyana,0.0,2.0,CONCACAF Nations League,Devonshire Parish,Bermuda,False,Away Win,1299.0,1183.0,116.0,2023
2023-03-25,Curaçao,Canada,0.0,2.0,CONCACAF Nations League,Willemstad,Curaçao,False,Away Win,1410.0,1778.0,-368.0,2023
2023-03-25,Spain,Norway,3.0,0.0,UEFA Euro qualification,Málaga,Spain,False,Home Win,2034.0,1742.0,292.0,2023
2023-03-25,Israel,Kosovo,1.0,1.0,UEFA Euro qualification,Tel Aviv,Israel,False,Draw,1641.0,1514.0,127.0,2023
2023-03-25,Armenia,Turkey,1.0,2.0,UEFA Euro qualification,Yerevan,Armenia,False,Away Win,1459.0,1701.0,-242.0,2023
2023-03-25,Belarus,Switzerland,0.0,5.0,UEFA Euro qualification,Novi Sad,Serbia,True,Away Win,1454.0,1913.0,-459.0,2023
2023-03-26,Macao,Singapore,0.0,1.0,Friendly,Taipa,Macau,False,Away Win,674.0,1133.0,-459.0,2023
2023-03-26,Russia,Iraq,2.0,0.0,Friendly,Saint Petersburg,Russia,False,Home Win,1757.0,1564.0,193.0,2023
2023-03-26,Lesotho,Zambia,0.0,2.0,African Cup of Nations qualification,Soweto,South Africa,True,Away Win,1229.0,1473.0,-244.0,2023
2023-03-26,England,Ukraine,2.0,0.0,UEFA Euro qualification,London,England,False,Home Win,1992.0,1848.0,144.0,2023
2023-03-26,Malta,Italy,0.0,2.0,UEFA Euro qualification,Ta' Qali,Malta,False,Away Win,1256.0,1947.0,-691.0,2023
2023-03-26,Kazakhstan,Denmark,3.0,2.0,UEFA Euro qualification,Astana,Kazakhstan,False,Home Win,1380.0,1890.0,-510.0,2023
2023-03-26,Liechtenstein,Iceland,0.0,7.0,UEFA Euro qualification,Vaduz,Liechtenstein,False,Away Win,977.0,1517.0,-540.0,2023
2023-03-26,Luxembourg,Portugal,0.0,6.0,UEFA Euro qualification,Luxembourg,Luxembourg,False,Away Win,1454.0,1998.0,-544.0,2023
2023-03-26,Mexico,Jamaica,2.0,2.0,CONCACAF Nations League,Mexico City,Mexico,False,Draw,1819.0,1547.0,272.0,2023
2023-03-26,Cuba,Guadeloupe,1.0,0.0,CONCACAF Nations League,Santiago de Cuba,Cuba,False,Home Win,1335.0,1186.0,149.0,2023
2023-03-27,Sudan,Gabon,1.0,0.0,African Cup of Nations qualification,Omdurman,Sudan,False,Home Win,1296.0,1494.0,-198.0,2023
2023-03-27,Chile,Paraguay,3.0,2.0,Friendly,Santiago,Chile,False,Home Win,1697.0,1735.0,-38.0,2023
2023-03-27,Greece,Lithuania,0.0,0.0,Friendly,Athens,Greece,False,Draw,1704.0,1255.0,449.0,2023
2023-03-27,Oman,Lebanon,2.0,0.0,Friendly,Muscat,Oman,False,Home Win,1545.0,1407.0,138.0,2023
2023-03-27,Guinea-Bissau,Nigeria,0.0,1.0,African Cup of Nations qualification,Bissau,Guinea-Bissau,False,Away Win,1383.0,1657.0,-274.0,2023
2023-03-27,Ethiopia,Guinea,2.0,3.0,African Cup of Nations qualification,Rabat,Morocco,True,Away Win,1352.0,1387.0,-35.0,2023
2023-03-27,Niger,Algeria,0.0,1.0,African Cup of Nations qualification,Radès,Tunisia,True,Away Win,1239.0,1706.0,-467.0,2023
2023-03-27,Angola,Ghana,1.0,1.0,African Cup of Nations qualification,Luanda,Angola,False,Draw,1398.0,1599.0,-201.0,2023
2023-03-27,Poland,Albania,1.0,0.0,UEFA Euro qualification,Warsaw,Poland,False,Home Win,1813.0,1535.0,278.0,2023
2023-03-27,Netherlands,Gibraltar,3.0,0.0,UEFA Euro qualification,Rotterdam,Netherlands,False,Home Win,2003.0,1060.0,943.0,2023
2023-03-27,Austria,Estonia,2.0,1.0,UEFA Euro qualification,Pasching,Austria,False,Home Win,1729.0,1447.0,282.0,2023
2023-03-27,Sweden,Azerbaijan,5.0,0.0,UEFA Euro qualification,Stockholm,Sweden,False,Home Win,1747.0,1399.0,348.0,2023
2023-03-27,Hungary,Bulgaria,3.0,0.0,UEFA Euro qualification,Budapest,Hungary,False,Home Win,1825.0,1520.0,305.0,2023
2023-03-27,Montenegro,Serbia,0.0,2.0,UEFA Euro qualification,Podgorica,Montenegro,False,Away Win,1578.0,1803.0,-225.0,2023
2023-03-27,Ireland,France,0.0,1.0,UEFA Euro qualification,Dublin,Republic of Ireland,False,Away Win,1689.0,2073.0,-384.0,2023
2023-03-28,Armenia,Cyprus,2.0,2.0,Friendly,Yerevan,Armenia,False,Draw,1459.0,1337.0,122.0,2023
2023-03-28,Bahrain,Syria,1.0,0.0,Friendly,Arad,Bahrain,False,Home Win,1510.0,1450.0,60.0,2023
2023-03-28,Bangladesh,Seychelles,0.0,1.0,Friendly,Sylhet,Bangladesh,False,Away Win,843.0,891.0,-48.0,2023
2023-03-28,Germany,Belgium,2.0,3.0,Friendly,Cologne,Germany,False,Away Win,1962.0,2033.0,-71.0,2023
2023-03-28,India,Kyrgyzstan,2.0,0.0,Tri Nation Tournament,Imphal,India,False,Home Win,1235.0,1268.0,-33.0,2023
2023-03-28,Australia,Ecuador,1.0,2.0,Friendly,Melbourne,Australia,False,Away Win,1731.0,1841.0,-110.0,2023
2023-03-28,Kuwait,Tajikistan,2.0,1.0,Friendly,Kuwait City,Kuwait,False,Home Win,1299.0,1306.0,-7.0,2023
2023-03-28,Japan,Colombia,1.0,2.0,Friendly,Osaka,Japan,False,Away Win,1799.0,1896.0,-97.0,2023
2023-03-28,Jordan,Philippines,4.0,0.0,Friendly,Al Wakrah,Qatar,True,Home Win,1584.0,1097.0,487.0,2023
2023-03-28,Indonesia,Burundi,2.0,2.0,Friendly,Bekasi,Indonesia,False,Draw,1251.0,1252.0,-1.0,2023
2023-03-28,Morocco,Peru,0.0,0.0,Friendly,Madrid,Spain,True,Draw,1751.0,1848.0,-97.0,2023
2023-03-28,Nepal,Bhutan,1.0,1.0,Tri Nation Tournament,Kathmandu,Nepal,False,Draw,936.0,588.0,348.0,2023
2023-03-28,Argentina,Curaçao,7.0,0.0,Friendly,Santiago del Estero,Argentina,False,Home Win,2145.0,1410.0,735.0,2023
2023-03-28,Iran,Kenya,2.0,1.0,Friendly,Tehran,Iran,False,Home Win,1776.0,1372.0,404.0,2023
2023-03-28,Uzbekistan,Venezuela,1.0,1.0,Friendly,Jeddah,Saudi Arabia,True,Draw,1572.0,1801.0,-229.0,2023
2023-03-28,Namibia,Cameroon,2.0,1.0,African Cup of Nations qualification,Soweto,South Africa,True,Home Win,1383.0,1613.0,-230.0,2023
2023-03-28,Malawi,Egypt,0.0,4.0,African Cup of Nations qualification,Lilongwe,Malawi,False,Away Win,1293.0,1639.0,-346.0,2023
2023-03-28,Gambia,Mali,1.0,0.0,African Cup of Nations qualification,Casablanca,Morocco,True,Home Win,1355.0,1617.0,-262.0,2023
2023-03-28,Libya,Tunisia,0.0,1.0,African Cup of Nations qualification,Benghazi,Libya,False,Away Win,1331.0,1705.0,-374.0,2023
2023-03-28,Scotland,Spain,2.0,0.0,UEFA Euro qualification,Glasgow,Scotland,False,Home Win,1752.0,2034.0,-282.0,2023
2023-03-28,Georgia,Norway,1.0,1.0,UEFA Euro qualification,Batumi,Georgia,False,Draw,1662.0,1742.0,-80.0,2023
2023-03-28,Wales,Latvia,1.0,0.0,UEFA Euro qualification,Cardiff,Wales,False,Home Win,1822.0,1348.0,474.0,2023
2023-03-28,Romania,Belarus,2.0,1.0,UEFA Euro qualification,Bucharest,Romania,False,Home Win,1584.0,1454.0,130.0,2023
2023-03-28,Mozambique,Senegal,0.0,1.0,African Cup of Nations qualification,Maputo,Mozambique,False,Away Win,1284.0,1705.0,-421.0,2023
2023-03-28,Switzerland,Israel,3.0,0.0,UEFA Euro qualification,Geneva,Switzerland,False,Home Win,1913.0,1641.0,272.0,2023
2023-03-28,Canada,Honduras,4.0,1.0,CONCACAF Nations League,Toronto,Canada,False,Home Win,1778.0,1461.0,317.0,2023
2023-03-28,Haiti,Bermuda,3.0,1.0,CONCACAF Nations League,San Cristóbal,Dominican Republic,True,Home Win,1536.0,1299.0,237.0,2023
2023-03-28,Guyana,Montserrat,0.0,0.0,CONCACAF Nations League,Bridgetown,Barbados,True,Draw,1183.0,893.0,290.0,2023
2023-03-28,Kosovo,Andorra,1.0,1.0,UEFA Euro qualification,Pristina,Kosovo,False,Draw,1514.0,1118.0,396.0,2023
2023-03-28,Tanzania,Uganda,0.0,1.0,African Cup of Nations qualification,Dar es Salaam,Tanzania,False,Away Win,1294.0,1463.0,-169.0,2023
2023-03-28,Turkey,Croatia,0.0,2.0,UEFA Euro qualification,Bursa,Turkey,False,Away Win,1701.0,1926.0,-225.0,2023
2023-03-29,Rwanda,Benin,1.0,1.0,African Cup of Nations qualification,Kigali,Rwanda,False,Draw,1271.0,1476.0,-205.0,2023
2023-03-31,Nepal,Laos,2.0,1.0,Tri Nation Tournament,Kathmandu,Nepal,False,Home Win,928.0,770.0,158.0,2023
2023-06-07,Mexico,Guatemala,2.0,0.0,Friendly,Mazatlán,Mexico,False,Home Win,1819.0,1510.0,309.0,2023
2023-06-09,Luxembourg,Malta,0.0,1.0,Friendly,Luxembourg,Luxembourg,False,Away Win,1454.0,1256.0,198.0,2023
2023-06-10,Mexico,Cameroon,2.0,2.0,Friendly,San Diego,United States,True,Draw,1819.0,1625.0,194.0,2023
2023-06-10,Panama,Nicaragua,3.0,2.0,Friendly,Penonomé,Panama,False,Home Win,1670.0,1265.0,405.0,2023
2023-06-11,Chile,Cuba,3.0,0.0,Friendly,Concepción,Chile,False,Home Win,1697.0,1335.0,362.0,2023
2023-06-11,Tajikistan,Turkmenistan,1.0,1.0,CAFA Nations Cup,Tashkent,Uzbekistan,True,Draw,1326.0,1245.0,81.0,2023
2023-06-11,Uzbekistan,Oman,3.0,0.0,CAFA Nations Cup,Tashkent,Uzbekistan,False,Home Win,1588.0,1545.0,43.0,2023
2023-06-11,Mauritius,Pakistan,3.0,0.0,Mauritius Four Nations Cup,Saint Pierre,Mauritius,False,Home Win,940.0,872.0,68.0,2023
2023-06-12,Germany,Ukraine,3.0,3.0,Friendly,Bremen,Germany,False,Draw,1950.0,1848.0,102.0,2023
2023-06-13,Iran,Afghanistan,6.0,1.0,CAFA Nations Cup,Bishkek,Kyrgyzstan,True,Home Win,1777.0,1097.0,680.0,2023
2023-06-14,Indonesia,Palestine,0.0,0.0,Friendly,Surabaya,Indonesia,False,Draw,1285.0,1432.0,-147.0,2023
2023-06-14,Mozambique,Malawi,1.0,1.0,Friendly,Maputo,Mozambique,False,Draw,1311.0,1252.0,59.0,2023
2023-06-14,Togo,Lesotho,2.0,0.0,Friendly,Johannesburg,South Africa,True,Home Win,1319.0,1229.0,90.0,2023
2023-06-14,Uruguay,Nicaragua,4.0,1.0,Friendly,Montevideo,Uruguay,False,Home Win,1915.0,1265.0,650.0,2023
2023-06-14,Netherlands,Croatia,2.0,4.0,UEFA Nations League,Rotterdam,Netherlands,False,Away Win,2003.0,1956.0,47.0,2023
2023-06-14,Oman,Tajikistan,1.0,1.0,CAFA Nations Cup,Tashkent,Uzbekistan,True,Draw,1575.0,1321.0,254.0,2023
2023-06-14,Uzbekistan,Turkmenistan,2.0,0.0,CAFA Nations Cup,Tashkent,Uzbekistan,False,Home Win,1615.0,1250.0,365.0,2023
2023-06-14,Pakistan,Kenya,0.0,1.0,Mauritius Four Nations Cup,Saint Pierre,Mauritius,True,Away Win,852.0,1371.0,-519.0,2023
2023-06-14,Mauritius,Djibouti,1.0,3.0,Mauritius Four Nations Cup,Saint Pierre,Mauritius,False,Away Win,963.0,752.0,211.0,2023
2023-06-14,Guinea,Egypt,1.0,2.0,African Cup of Nations qualification,Marrakesh,Morocco,True,Away Win,1387.0,1675.0,-288.0,2023
2023-06-15,Honduras,Venezuela,0.0,1.0,Friendly,"Washington, D.C.",United States,True,Away Win,1472.0,1691.0,-219.0,2023
2023-06-15,Panama,Canada,0.0,2.0,CONCACAF Nations League,Las Vegas,United States,True,Away Win,1670.0,1732.0,-62.0,2023
2023-06-15,Cambodia,Bangladesh,0.0,1.0,Friendly,Phnom Penh,Cambodia,False,Away Win,863.0,851.0,12.0,2023
2023-06-15,Philippines,Nepal,1.0,0.0,Friendly,Manila,Philippines,False,Home Win,1046.0,928.0,118.0,2023
2023-06-15,Jamaica,Qatar,1.0,2.0,Friendly,Ritzing,Austria,True,Away Win,1547.0,1652.0,-105.0,2023
2023-06-15,Spain,Italy,2.0,1.0,UEFA Nations League,Enschede,Netherlands,True,Home Win,1963.0,1947.0,16.0,2023
2023-06-15,Argentina,Australia,2.0,0.0,Friendly,Beijing,China,True,Home Win,2145.0,1776.0,369.0,2023
2023-06-16,Gibraltar,France,0.0,3.0,UEFA Euro qualification,Faro-Loulé,Portugal,True,Away Win,1060.0,2073.0,-1013.0,2023
2023-06-16,China,Myanmar,4.0,0.0,Friendly,Dalian,China,False,Home Win,1475.0,930.0,545.0,2023
2023-06-16,Taiwan,Thailand,2.0,2.0,Friendly,Kaohsiung,Taiwan,False,Draw,909.0,1379.0,-470.0,2023
2023-06-16,Colombia,Iraq,1.0,0.0,Friendly,Valencia,Spain,True,Home Win,1929.0,1564.0,365.0,2023
2023-06-16,Poland,Germany,1.0,0.0,Friendly,Warsaw,Poland,False,Home Win,1813.0,1950.0,-137.0,2023
2023-06-16,Greece,Ireland,2.0,1.0,UEFA Euro qualification,Athens,Greece,False,Home Win,1704.0,1689.0,15.0,2023
2023-06-16,Latvia,Turkey,2.0,3.0,UEFA Euro qualification,Riga,Latvia,False,Away Win,1348.0,1701.0,-353.0,2023
2023-06-16,Serbia,Jordan,3.0,2.0,Friendly,Vienna,Austria,True,Home Win,1803.0,1592.0,211.0,2023
2023-06-16,Kyrgyzstan,Iran,1.0,5.0,CAFA Nations Cup,Bishkek,Kyrgyzstan,False,Away Win,1236.0,1777.0,-541.0,2023
2023-06-16,Finland,Slovenia,2.0,0.0,UEFA Euro qualification,Helsinki,Finland,False,Home Win,1653.0,1677.0,-24.0,2023
2023-06-16,Andorra,Switzerland,1.0,2.0,UEFA Euro qualification,Andorra la Vella,Andorra,False,Away Win,1122.0,1890.0,-768.0,2023
2023-06-16,Belarus,Israel,1.0,2.0,UEFA Euro qualification,Budapest,Hungary,True,Away Win,1404.0,1601.0,-197.0,2023
2023-06-16,Kosovo,Romania,0.0,0.0,UEFA Euro qualification,Pristina,Kosovo,False,Draw,1500.0,1621.0,-121.0,2023
2023-06-16,Wales,Armenia,2.0,4.0,UEFA Euro qualification,Cardiff,Wales,False,Away Win,1733.0,1435.0,298.0,2023
2023-06-16,Malta,England,0.0,4.0,UEFA Euro qualification,Ta' Qali,Malta,False,Away Win,1256.0,1992.0,-736.0,2023
2023-06-17,Guyana,Grenada,1.0,1.0,Gold Cup qualification,Fort Lauderdale,United States,True,Draw,1210.0,1112.0,98.0,2023
2023-06-17,Brazil,Guinea,4.0,1.0,Friendly,Barcelona,Spain,True,Home Win,2167.0,1387.0,780.0,2023
2023-06-17,Ecuador,Bolivia,1.0,0.0,Friendly,Harrison,United States,True,Home Win,1840.0,1617.0,223.0,2023
2023-06-17,Norway,Scotland,1.0,2.0,UEFA Euro qualification,Oslo,Norway,False,Away Win,1744.0,1798.0,-54.0,2023
2023-06-17,Cyprus,Georgia,1.0,2.0,UEFA Euro qualification,Larnaca,Cyprus,False,Away Win,1356.0,1651.0,-295.0,2023
2023-06-17,Azerbaijan,Estonia,1.0,1.0,UEFA Euro qualification,Baku,Azerbaijan,False,Draw,1399.0,1447.0,-48.0,2023
2023-06-17,Belgium,Austria,1.0,1.0,UEFA Euro qualification,Brussels,Belgium,False,Draw,1987.0,1729.0,258.0,2023
2023-06-17,Lithuania,Bulgaria,1.0,1.0,UEFA Euro qualification,Kaunas,Lithuania,False,Draw,1255.0,1520.0,-265.0,2023
2023-06-17,Montenegro,Hungary,0.0,0.0,UEFA Euro qualification,Podgorica,Montenegro,False,Draw,1578.0,1825.0,-247.0,2023
2023-06-17,Luxembourg,Liechtenstein,2.0,0.0,UEFA Euro qualification,Luxembourg,Luxembourg,False,Home Win,1454.0,977.0,477.0,2023
2023-06-17,Iceland,Slovakia,1.0,2.0,UEFA Euro qualification,Reykjavík,Iceland,False,Away Win,1517.0,1567.0,-50.0,2023
2023-06-17,Turkmenistan,Oman,0.0,2.0,CAFA Nations Cup,Tashkent,Uzbekistan,True,Away Win,1250.0,1575.0,-325.0,2023
2023-06-17,Uzbekistan,Tajikistan,5.0,1.0,CAFA Nations Cup,Tashkent,Uzbekistan,False,Home Win,1615.0,1321.0,294.0,2023
2023-06-17,Djibouti,Pakistan,3.0,1.0,Mauritius Four Nations Cup,Saint Pierre,Mauritius,True,Home Win,752.0,852.0,-100.0,2023
2023-06-17,Lesotho,Comoros,0.0,1.0,African Cup of Nations qualification,Johannesburg,South Africa,True,Away Win,1229.0,1235.0,-6.0,2023
2023-06-17,Botswana,Libya,1.0,0.0,African Cup of Nations qualification,Francistown,Botswana,False,Home Win,1326.0,1338.0,-12.0,2023
2023-06-17,Benin,Senegal,1.0,1.0,African Cup of Nations qualification,Cotonou,Benin,False,Draw,1476.0,1754.0,-278.0,2023
2023-06-18,Panama,Mexico,0.0,1.0,CONCACAF Nations League,Las Vegas,United States,True,Away Win,1670.0,1819.0,-149.0,2023
2023-06-18,Guatemala,Venezuela,0.0,1.0,Friendly,East Hartford,United States,True,Away Win,1461.0,1691.0,-230.0,2023
2023-06-18,Paraguay,Nicaragua,2.0,0.0,Friendly,Asunción,Paraguay,False,Home Win,1735.0,1265.0,470.0,2023
2023-06-18,Netherlands,Italy,2.0,3.0,UEFA Nations League,Enschede,Netherlands,False,Away Win,2003.0,1947.0,56.0,2023
2023-06-18,Croatia,Spain,0.0,0.0,UEFA Nations League,Rotterdam,Netherlands,True,Draw,1956.0,1963.0,-7.0,2023
2023-06-18,Mauritius,Kenya,1.0,0.0,Mauritius Four Nations Cup,Saint Pierre,Mauritius,False,Home Win,963.0,1371.0,-408.0,2023
2023-06-18,Eswatini,Togo,0.0,2.0,African Cup of Nations qualification,Mbombela,South Africa,True,Away Win,1298.0,1319.0,-21.0,2023
2023-06-18,Madagascar,Ghana,0.0,0.0,African Cup of Nations qualification,Antananarivo,Madagascar,False,Draw,1251.0,1599.0,-348.0,2023
2023-06-18,Tanzania,Niger,1.0,0.0,African Cup of Nations qualification,Dar es Salaam,Tanzania,False,Home Win,1313.0,1239.0,74.0,2023
2023-06-18,Uganda,Algeria,1.0,2.0,African Cup of Nations qualification,Douala,Cameroon,True,Away Win,1389.0,1706.0,-317.0,2023
2023-06-18,Congo,Mali,0.0,2.0,African Cup of Nations qualification,Brazzaville,Congo,False,Away Win,1263.0,1595.0,-332.0,2023
2023-06-18,Rwanda,Mozambique,0.0,2.0,African Cup of Nations qualification,Butare,Rwanda,False,Away Win,1271.0,1311.0,-40.0,2023
2023-06-19,France,Greece,1.0,0.0,UEFA Euro qualification,Paris,France,False,Home Win,2073.0,1704.0,369.0,2023
2023-06-19,Indonesia,Argentina,0.0,2.0,Friendly,Jakarta,Indonesia,False,Away Win,1285.0,2145.0,-860.0,2023
2023-06-19,Jamaica,Jordan,1.0,2.0,Friendly,Wiener Neustadt,Austria,True,Away Win,1547.0,1592.0,-45.0,2023
2023-06-19,Philippines,Taiwan,2.0,3.0,Friendly,Manila,Philippines,False,Away Win,1046.0,909.0,137.0,2023
2023-06-19,Ireland,Gibraltar,3.0,0.0,UEFA Euro qualification,Dublin,Republic of Ireland,False,Home Win,1689.0,1060.0,629.0,2023
2023-06-19,Slovenia,Denmark,1.0,1.0,UEFA Euro qualification,Ljubljana,Slovenia,False,Draw,1677.0,1890.0,-213.0,2023
2023-06-19,Macao,Myanmar,0.0,2.0,Friendly,Dalian,China,True,Away Win,674.0,930.0,-256.0,2023
2023-06-19,Armenia,Latvia,2.0,1.0,UEFA Euro qualification,Yerevan,Armenia,False,Home Win,1435.0,1348.0,87.0,2023
2023-06-19,Turkey,Wales,2.0,0.0,UEFA Euro qualification,Samsun,Turkey,False,Home Win,1701.0,1733.0,-32.0,2023
2023-06-19,Belarus,Kosovo,2.0,1.0,UEFA Euro qualification,Budapest,Hungary,True,Home Win,1404.0,1500.0,-96.0,2023
2023-06-19,Switzerland,Romania,2.0,2.0,UEFA Euro qualification,Lucerne,Switzerland,False,Draw,1890.0,1621.0,269.0,2023
2023-06-19,Israel,Andorra,2.0,1.0,UEFA Euro qualification,Jerusalem,Israel,False,Home Win,1601.0,1122.0,479.0,2023
2023-06-19,Ukraine,Malta,1.0,0.0,UEFA Euro qualification,Trnava,Slovakia,True,Home Win,1848.0,1256.0,592.0,2023
2023-06-20,Vietnam,Syria,1.0,0.0,Friendly,Nam Định,Vietnam,False,Home Win,1425.0,1423.0,2.0,2023
2023-06-20,Uruguay,Cuba,2.0,0.0,Friendly,Montevideo,Uruguay,False,Home Win,1915.0,1341.0,574.0,2023
2023-06-20,Montenegro,Czechia,1.0,4.0,Friendly,Podgorica,Montenegro,False,Away Win,1578.0,1788.0,-210.0,2023
2023-06-20,Japan,Peru,4.0,1.0,Friendly,Suita,Japan,False,Home Win,1839.0,1845.0,-6.0,2023
2023-06-20,Germany,Colombia,0.0,2.0,Friendly,Gelsenkirchen,Germany,False,Away Win,1950.0,1929.0,21.0,2023
2023-06-20,Bolivia,Chile,0.0,0.0,Friendly,Santa Cruz,Bolivia,False,Draw,1617.0,1706.0,-89.0,2023
2023-06-20,Norway,Cyprus,3.0,1.0,UEFA Euro qualification,Oslo,Norway,False,Home Win,1744.0,1356.0,388.0,2023
2023-06-20,Algeria,Tunisia,1.0,1.0,Friendly,Annaba,Algeria,False,Draw,1706.0,1755.0,-49.0,2023
2023-06-20,Guadeloupe,Guyana,2.0,0.0,Gold Cup qualification,Fort Lauderdale,United States,True,Home Win,1186.0,1210.0,-24.0,2023
2023-06-20,Scotland,Georgia,2.0,0.0,UEFA Euro qualification,Glasgow,Scotland,False,Home Win,1798.0,1651.0,147.0,2023
2023-06-20,China,Palestine,2.0,0.0,Friendly,Dalian,China,False,Home Win,1475.0,1432.0,43.0,2023
2023-06-20,Brazil,Senegal,2.0,4.0,Friendly,Lisbon,Portugal,True,Away Win,2167.0,1754.0,413.0,2023
2023-06-20,Iceland,Portugal,0.0,1.0,UEFA Euro qualification,Reykjavík,Iceland,False,Away Win,1517.0,1998.0,-481.0,2023
2023-06-20,Kyrgyzstan,Oman,0.0,1.0,CAFA Nations Cup,Tashkent,Uzbekistan,True,Away Win,1236.0,1575.0,-339.0,2023
2023-06-20,Austria,Sweden,2.0,0.0,UEFA Euro qualification,Vienna,Austria,False,Home Win,1729.0,1747.0,-18.0,2023
2023-06-20,Ethiopia,Malawi,0.0,0.0,African Cup of Nations qualification,Maputo,Mozambique,True,Draw,1352.0,1252.0,100.0,2023
2023-06-20,Burundi,Namibia,3.0,2.0,African Cup of Nations qualification,Dar es Salaam,Tanzania,True,Home Win,1246.0,1414.0,-168.0,2023
2023-06-20,Sudan,Mauritania,0.0,3.0,African Cup of Nations qualification,Agadir,Morocco,True,Away Win,1296.0,1372.0,-76.0,2023
2023-06-20,Uzbekistan,Iran,0.0,1.0,CAFA Nations Cup,Tashkent,Uzbekistan,False,Away Win,1615.0,1777.0,-162.0,2023
2023-06-20,Liechtenstein,Slovakia,0.0,1.0,UEFA Euro qualification,Vaduz,Liechtenstein,False,Away Win,977.0,1567.0,-590.0,2023
2023-06-20,Bulgaria,Serbia,1.0,1.0,UEFA Euro qualification,Razgrad,Bulgaria,False,Draw,1520.0,1803.0,-283.0,2023
2023-06-20,Hungary,Lithuania,2.0,0.0,UEFA Euro qualification,Budapest,Hungary,False,Home Win,1825.0,1255.0,570.0,2023
2023-06-20,Estonia,Belgium,0.0,3.0,UEFA Euro qualification,Tallinn,Estonia,False,Away Win,1447.0,1987.0,-540.0,2023
2023-06-21,Kuwait,Nepal,3.0,1.0,SAFF Cup,Bengaluru,India,True,Home Win,1353.0,928.0,425.0,2023
2023-06-21,India,Pakistan,4.0,0.0,SAFF Cup,Bengaluru,India,False,Home Win,1240.0,852.0,388.0,2023
2023-06-22,Lebanon,Bangladesh,2.0,0.0,SAFF Cup,Bengaluru,India,True,Home Win,1407.0,851.0,556.0,2023
2023-06-22,Maldives,Bhutan,2.0,0.0,SAFF Cup,Bengaluru,India,True,Home Win,917.0,567.0,350.0,2023
2023-06-24,Pakistan,Kuwait,0.0,4.0,SAFF Cup,Bengaluru,India,True,Away Win,852.0,1353.0,-501.0,2023
2023-06-24,India,Nepal,2.0,0.0,SAFF Cup,Bengaluru,India,False,Home Win,1240.0,928.0,312.0,2023
2023-06-25,Bangladesh,Maldives,3.0,1.0,SAFF Cup,Bengaluru,India,True,Home Win,851.0,917.0,-66.0,2023
2023-06-25,Bhutan,Lebanon,1.0,4.0,SAFF Cup,Bengaluru,India,True,Away Win,567.0,1407.0,-840.0,2023
2023-06-25,Haiti,Qatar,2.0,1.0,Gold Cup,Houston,United States,True,Home Win,1547.0,1652.0,-105.0,2023
2023-06-25,Mexico,Honduras,4.0,0.0,Gold Cup,Houston,United States,True,Home Win,1819.0,1472.0,347.0,2023
2023-06-27,India,Kuwait,1.0,1.0,SAFF Cup,Bengaluru,India,False,Draw,1240.0,1353.0,-113.0,2023
2023-06-27,Nepal,Pakistan,1.0,0.0,SAFF Cup,Bengaluru,India,True,Home Win,928.0,852.0,76.0,2023
2023-06-27,Guatemala,Cuba,1.0,0.0,Gold Cup,Fort Lauderdale,United States,True,Home Win,1461.0,1341.0,120.0,2023
2023-06-27,Canada,Guadeloupe,2.0,2.0,Gold Cup,Toronto,Canada,False,Draw,1732.0,1186.0,546.0,2023
2023-06-28,Lebanon,Maldives,1.0,0.0,SAFF Cup,Bengaluru,India,True,Home Win,1407.0,917.0,490.0,2023
2023-06-28,Bhutan,Bangladesh,1.0,3.0,SAFF Cup,Bengaluru,India,True,Away Win,567.0,851.0,-284.0,2023
2023-06-29,Qatar,Honduras,1.0,1.0,Gold Cup,Glendale,United States,True,Draw,1652.0,1472.0,180.0,2023
2023-06-29,Haiti,Mexico,1.0,3.0,Gold Cup,Glendale,United States,True,Away Win,1547.0,1819.0,-272.0,2023
2023-06-30,Martinique,Panama,1.0,2.0,Gold Cup,Harrison,United States,True,Away Win,1451.0,1670.0,-219.0,2023
2023-07-01,Kuwait,Bangladesh,1.0,0.0,SAFF Cup,Bengaluru,India,True,Home Win,1353.0,851.0,502.0,2023
2023-07-01,India,Lebanon,0.0,0.0,SAFF Cup,Bengaluru,India,False,Draw,1240.0,1407.0,-167.0,2023
2023-07-01,Guatemala,Canada,0.0,0.0,Gold Cup,Houston,United States,True,Draw,1461.0,1732.0,-271.0,2023
2023-07-01,Cuba,Guadeloupe,1.0,4.0,Gold Cup,Houston,United States,True,Away Win,1341.0,1186.0,155.0,2023
2023-07-02,Honduras,Haiti,2.0,1.0,Gold Cup,Charlotte,United States,True,Home Win,1472.0,1547.0,-75.0,2023
2023-07-02,Mexico,Qatar,0.0,1.0,Gold Cup,Santa Clara,United States,True,Away Win,1819.0,1652.0,167.0,2023
2023-07-04,India,Kuwait,1.0,1.0,SAFF Cup,Bengaluru,India,False,Draw,1240.0,1353.0,-113.0,2023
2023-07-04,Guadeloupe,Guatemala,2.0,3.0,Gold Cup,Harrison,United States,True,Away Win,1186.0,1461.0,-275.0,2023
2023-07-04,Canada,Cuba,4.0,2.0,Gold Cup,Houston,United States,True,Home Win,1732.0,1341.0,391.0,2023
2023-07-05,Eswatini,Botswana,0.0,1.0,COSAFA Cup,Durban,South Africa,True,Away Win,1298.0,1326.0,-28.0,2023
2023-07-06,Seychelles,Comoros,0.0,3.0,COSAFA Cup,Durban,South Africa,True,Away Win,887.0,1235.0,-348.0,2023
2023-07-06,Zambia,Malawi,0.0,1.0,COSAFA Cup,Durban,South Africa,True,Away Win,1473.0,1252.0,221.0,2023
2023-07-07,Mauritius,Lesotho,0.0,2.0,COSAFA Cup,Durban,South Africa,True,Away Win,963.0,1229.0,-266.0,2023
2023-07-07,Mozambique,Angola,1.0,1.0,COSAFA Cup,Durban,South Africa,True,Draw,1311.0,1398.0,-87.0,2023
2023-07-08,Panama,Qatar,4.0,0.0,Gold Cup,Arlington,United States,True,Home Win,1670.0,1652.0,18.0,2023
2023-07-08,Namibia,Eswatini,1.0,2.0,COSAFA Cup,Durban,South Africa,True,Away Win,1414.0,1298.0,116.0,2023
2023-07-09,Guatemala,Jamaica,0.0,1.0,Gold Cup,Cincinnati,United States,True,Away Win,1461.0,1547.0,-86.0,2023
2023-07-09,Zambia,Comoros,2.0,1.0,COSAFA Cup,Durban,South Africa,True,Home Win,1473.0,1235.0,238.0,2023
2023-07-09,Malawi,Seychelles,2.0,0.0,COSAFA Cup,Durban,South Africa,True,Home Win,1252.0,887.0,365.0,2023
2023-07-10,Angola,Mauritius,0.0,1.0,COSAFA Cup,KwaMashu,South Africa,True,Away Win,1398.0,963.0,435.0,2023
2023-07-10,Mozambique,Lesotho,0.0,1.0,COSAFA Cup,KwaMashu,South Africa,True,Away Win,1311.0,1229.0,82.0,2023
2023-07-11,Namibia,Botswana,0.0,0.0,COSAFA Cup,Durban,South Africa,True,Draw,1414.0,1326.0,88.0,2023
2023-07-11,Malawi,Comoros,2.0,0.0,COSAFA Cup,Durban,South Africa,True,Home Win,1296.0,1253.0,43.0,2023
2023-07-11,Seychelles,Zambia,2.0,4.0,COSAFA Cup,KwaMashu,South Africa,True,Away Win,874.0,1484.0,-610.0,2023
2023-07-12,Jamaica,Mexico,0.0,3.0,Gold Cup,Paradise,United States,True,Away Win,1604.0,1819.0,-215.0,2023
2023-07-12,Angola,Lesotho,4.0,2.0,COSAFA Cup,Durban,South Africa,True,Home Win,1398.0,1229.0,169.0,2023
2023-07-12,Mauritius,Mozambique,0.0,1.0,COSAFA Cup,KwaMashu,South Africa,True,Away Win,963.0,1311.0,-348.0,2023
2023-07-14,Malawi,Lesotho,1.0,1.0,COSAFA Cup,Durban,South Africa,True,Draw,1296.0,1229.0,67.0,2023
2023-07-16,Mexico,Panama,1.0,0.0,Gold Cup,Inglewood,United States,True,Home Win,1819.0,1670.0,149.0,2023
2023-07-16,Lesotho,Zambia,0.0,1.0,COSAFA Cup,Durban,South Africa,True,Away Win,1229.0,1484.0,-255.0,2023
2023-08-02,Ethiopia,Guyana,2.0,0.0,Friendly,Leesburg,United States,True,Home Win,1352.0,1210.0,142.0,2023
2023-08-24,Comoros,Mayotte,0.0,0.0,Indian Ocean Island Games,Antananarivo,Madagascar,True,Draw,1253.0,1209.0,44.0,2023
2023-08-24,Madagascar,Seychelles,1.0,0.0,Indian Ocean Island Games,Antananarivo,Madagascar,False,Home Win,1254.0,874.0,380.0,2023
2023-08-26,Madagascar,Mauritius,1.0,1.0,Indian Ocean Island Games,Antananarivo,Madagascar,False,Draw,1254.0,963.0,291.0,2023
2023-08-27,Bolivia,Panama,1.0,2.0,Friendly,Cochabamba,Bolivia,False,Away Win,1617.0,1670.0,-53.0,2023
2023-08-28,Mauritius,Seychelles,1.0,0.0,Indian Ocean Island Games,Antananarivo,Madagascar,True,Home Win,963.0,874.0,89.0,2023
2023-08-31,Madagascar,Comoros,4.0,2.0,Indian Ocean Island Games,Antananarivo,Madagascar,False,Home Win,1254.0,1253.0,1.0,2023
2023-09-02,Comoros,Mauritius,0.0,2.0,Indian Ocean Island Games,Antananarivo,Madagascar,True,Away Win,1253.0,963.0,290.0,2023
2023-09-03,Bangladesh,Afghanistan,0.0,0.0,Friendly,Dhaka,Bangladesh,False,Draw,851.0,1097.0,-246.0,2023
2023-09-03,Guatemala,Honduras,0.0,0.0,Friendly,Fort Lauderdale,United States,True,Draw,1496.0,1472.0,24.0,2023
2023-09-04,Mozambique,Benin,3.0,2.0,African Cup of Nations qualification,Maputo,Mozambique,False,Home Win,1311.0,1476.0,-165.0,2023
2023-09-06,Macao,Bhutan,0.0,1.0,Friendly,Taipa,Macau,False,Away Win,674.0,567.0,107.0,2023
2023-09-06,Malta,Gibraltar,1.0,0.0,Friendly,Ta' Qali,Malta,False,Home Win,1256.0,1060.0,196.0,2023
2023-09-06,Oman,Palestine,2.0,1.0,Friendly,Muscat,Oman,False,Home Win,1575.0,1432.0,143.0,2023
2023-09-06,Syria,Malaysia,2.0,2.0,Friendly,Chengdu,China,True,Draw,1423.0,1256.0,167.0,2023
2023-09-07,Panama,Martinique,3.0,0.0,CONCACAF Nations League,Panama City,Panama,False,Home Win,1670.0,1451.0,219.0,2023
2023-09-07,Angola,Madagascar,0.0,0.0,African Cup of Nations qualification,Lubango,Angola,False,Draw,1398.0,1254.0,144.0,2023
2023-09-07,Norway,Jordan,6.0,0.0,Friendly,Oslo,Norway,False,Home Win,1744.0,1592.0,152.0,2023
2023-09-07,Bulgaria,Iran,0.0,1.0,Friendly,Plovdiv,Bulgaria,False,Away Win,1520.0,1777.0,-257.0,2023
2023-09-07,Bangladesh,Afghanistan,1.0,1.0,Friendly,Dhaka,Bangladesh,False,Draw,851.0,1097.0,-246.0,2023
2023-09-07,Bahrain,Kuwait,1.0,3.0,Friendly,Dubai,United Arab Emirates,True,Away Win,1502.0,1353.0,149.0,2023
2023-09-07,Argentina,Ecuador,1.0,0.0,FIFA World Cup qualification,Buenos Aires,Argentina,False,Home Win,2145.0,1840.0,305.0,2023
2023-09-07,Paraguay,Peru,0.0,0.0,FIFA World Cup qualification,Ciudad del Este,Paraguay,False,Draw,1735.0,1845.0,-110.0,2023
2023-09-07,Qatar,Kenya,1.0,2.0,Friendly,Al Wakrah,Qatar,False,Away Win,1652.0,1371.0,281.0,2023
2023-09-07,Colombia,Venezuela,1.0,0.0,FIFA World Cup qualification,Barranquilla,Colombia,False,Home Win,1929.0,1691.0,238.0,2023
2023-09-07,Algeria,Tanzania,0.0,0.0,African Cup of Nations qualification,Annaba,Algeria,False,Draw,1706.0,1313.0,393.0,2023
2023-09-07,Niger,Uganda,0.0,2.0,African Cup of Nations qualification,Marrakesh,Morocco,True,Away Win,1239.0,1389.0,-150.0,2023
2023-09-07,Iraq,India,2.0,2.0,King's Cup,Chiang Mai,Thailand,True,Draw,1564.0,1240.0,324.0,2023
2023-09-07,Kazakhstan,Finland,0.0,1.0,UEFA Euro qualification,Astana,Kazakhstan,False,Away Win,1380.0,1653.0,-273.0,2023
2023-09-07,Lithuania,Montenegro,2.0,2.0,UEFA Euro qualification,Kaunas,Lithuania,False,Draw,1255.0,1578.0,-323.0,2023
2023-09-07,Thailand,Lebanon,2.0,1.0,King's Cup,Chiang Mai,Thailand,False,Home Win,1379.0,1407.0,-28.0,2023
2023-09-07,Serbia,Hungary,1.0,2.0,UEFA Euro qualification,Belgrade,Serbia,False,Away Win,1803.0,1825.0,-22.0,2023
2023-09-07,Netherlands,Greece,3.0,0.0,UEFA Euro qualification,Eindhoven,Netherlands,False,Home Win,2003.0,1704.0,299.0,2023
2023-09-07,France,Ireland,2.0,0.0,UEFA Euro qualification,Paris,France,False,Home Win,2073.0,1689.0,384.0,2023
2023-09-07,Tunisia,Botswana,3.0,0.0,African Cup of Nations qualification,Radès,Tunisia,False,Home Win,1755.0,1326.0,429.0,2023
2023-09-07,Czechia,Albania,1.0,1.0,UEFA Euro qualification,Prague,Czech Republic,False,Draw,1788.0,1535.0,253.0,2023
2023-09-08,Taiwan,Philippines,1.0,1.0,Friendly,Kaohsiung,Taiwan,False,Draw,909.0,1046.0,-137.0,2023
2023-09-08,Haiti,Cuba,0.0,0.0,CONCACAF Nations League,Santo Domingo,Dominican Republic,True,Draw,1547.0,1341.0,206.0,2023
2023-09-08,Grenada,Suriname,1.0,1.0,CONCACAF Nations League,St. George's,Grenada,False,Draw,1112.0,1315.0,-203.0,2023
2023-09-08,Jamaica,Honduras,1.0,0.0,CONCACAF Nations League,Kingston,Jamaica,False,Home Win,1604.0,1472.0,132.0,2023
2023-09-08,Barbados,Montserrat,2.0,3.0,CONCACAF Nations League,Bridgetown,Barbados,False,Away Win,1013.0,972.0,41.0,2023
2023-09-08,Uruguay,Chile,3.0,1.0,FIFA World Cup qualification,Montevideo,Uruguay,False,Home Win,1915.0,1706.0,209.0,2023
2023-09-08,Brazil,Bolivia,5.0,1.0,FIFA World Cup qualification,Belém,Brazil,False,Home Win,2167.0,1617.0,550.0,2023
2023-09-08,Slovakia,Portugal,0.0,1.0,UEFA Euro qualification,Bratislava,Slovakia,False,Away Win,1567.0,1998.0,-431.0,2023
2023-09-08,Indonesia,Turkmenistan,2.0,0.0,Friendly,Surabaya,Indonesia,False,Home Win,1285.0,1250.0,35.0,2023
2023-09-08,Egypt,Ethiopia,1.0,0.0,African Cup of Nations qualification,Cairo,Egypt,False,Home Win,1675.0,1352.0,323.0,2023
2023-09-08,Georgia,Spain,1.0,7.0,UEFA Euro qualification,Tbilisi,Georgia,False,Away Win,1651.0,1963.0,-312.0,2023
2023-09-08,Cyprus,Scotland,0.0,3.0,UEFA Euro qualification,Larnaca,Cyprus,False,Away Win,1356.0,1798.0,-442.0,2023
2023-09-08,Croatia,Latvia,5.0,0.0,UEFA Euro qualification,Rijeka,Croatia,False,Home Win,1956.0,1348.0,608.0,2023
2023-09-08,Turkey,Armenia,1.0,1.0,UEFA Euro qualification,Eskişehir,Turkey,False,Draw,1701.0,1435.0,266.0,2023
2023-09-08,Luxembourg,Iceland,3.0,1.0,UEFA Euro qualification,Luxembourg,Luxembourg,False,Home Win,1454.0,1517.0,-63.0,2023
2023-09-08,Singapore,Tajikistan,0.0,2.0,Friendly,Bishan,Singapore,False,Away Win,1133.0,1321.0,-188.0,2023
2023-09-08,Myanmar,Nepal,0.0,0.0,Friendly,Yangon,Myanmar,False,Draw,930.0,928.0,2.0,2023
2023-09-09,Mauritania,Gabon,2.0,1.0,African Cup of Nations qualification,Nouakchott,Mauritania,False,Home Win,1372.0,1494.0,-122.0,2023
2023-09-09,China,Malaysia,1.0,1.0,Friendly,Chengdu,China,False,Draw,1475.0,1256.0,219.0,2023
2023-09-09,Germany,Japan,1.0,4.0,Friendly,Wolfsburg,Germany,False,Away Win,1950.0,1839.0,111.0,2023
2023-09-09,Malawi,Guinea,2.0,2.0,African Cup of Nations qualification,Lilongwe,Malawi,False,Draw,1296.0,1387.0,-91.0,2023
2023-09-09,Comoros,Zambia,1.0,1.0,African Cup of Nations qualification,Moroni,Comoros,False,Draw,1253.0,1484.0,-231.0,2023
2023-09-09,Estonia,Sweden,0.0,5.0,UEFA Euro qualification,Tallinn,Estonia,False,Away Win,1447.0,1747.0,-300.0,2023
2023-09-09,Mexico,Australia,2.0,2.0,Friendly,Arlington,United States,True,Draw,1819.0,1776.0,43.0,2023
2023-09-09,Ukraine,England,1.0,1.0,UEFA Euro qualification,Wrocław,Poland,True,Draw,1848.0,1992.0,-144.0,2023
2023-09-09,Azerbaijan,Belgium,0.0,1.0,UEFA Euro qualification,Baku,Azerbaijan,False,Away Win,1399.0,1987.0,-588.0,2023
2023-09-09,Andorra,Belarus,0.0,0.0,UEFA Euro qualification,Andorra la Vella,Andorra,False,Draw,1122.0,1404.0,-282.0,2023
2023-09-09,Kosovo,Switzerland,2.0,2.0,UEFA Euro qualification,Pristina,Kosovo,False,Draw,1500.0,1890.0,-390.0,2023
2023-09-09,Romania,Israel,1.0,1.0,UEFA Euro qualification,Bucharest,Romania,False,Draw,1621.0,1601.0,20.0,2023
2023-09-09,Rwanda,Senegal,1.0,1.0,African Cup of Nations qualification,Butare,Rwanda,False,Draw,1271.0,1754.0,-483.0,2023
2023-09-10,Greece,Gibraltar,5.0,0.0,UEFA Euro qualification,Athens,Greece,False,Home Win,1704.0,1060.0,644.0,2023
2023-09-10,Guatemala,Panama,1.0,1.0,CONCACAF Nations League,Guatemala City,Guatemala,False,Draw,1496.0,1670.0,-174.0,2023
2023-09-10,Martinique,Curaçao,1.0,0.0,CONCACAF Nations League,Fort-de-France,Martinique,False,Home Win,1451.0,1351.0,100.0,2023
2023-09-10,Hungary,Czechia,1.0,1.0,Friendly,Budapest,Hungary,False,Draw,1825.0,1788.0,37.0,2023
2023-09-10,Gambia,Congo,2.0,2.0,African Cup of Nations qualification,Marrakesh,Morocco,True,Draw,1443.0,1263.0,180.0,2023
2023-09-10,Ireland,Netherlands,1.0,2.0,UEFA Euro qualification,Dublin,Republic of Ireland,False,Away Win,1689.0,2003.0,-314.0,2023
2023-09-10,Montenegro,Bulgaria,2.0,1.0,UEFA Euro qualification,Podgorica,Montenegro,False,Home Win,1578.0,1520.0,58.0,2023
2023-09-10,Lithuania,Serbia,1.0,3.0,UEFA Euro qualification,Kaunas,Lithuania,False,Away Win,1255.0,1803.0,-548.0,2023
2023-09-10,Finland,Denmark,0.0,1.0,UEFA Euro qualification,Helsinki,Finland,False,Away Win,1653.0,1890.0,-237.0,2023
2023-09-10,Lebanon,India,1.0,0.0,King's Cup,Chiang Mai,Thailand,True,Home Win,1407.0,1240.0,167.0,2023
2023-09-10,Thailand,Iraq,2.0,2.0,King's Cup,Chiang Mai,Thailand,False,Draw,1379.0,1564.0,-185.0,2023
2023-09-10,Albania,Poland,2.0,0.0,UEFA Euro qualification,Tirana,Albania,False,Home Win,1535.0,1813.0,-278.0,2023
2023-09-11,Myanmar,Nepal,1.0,0.0,Friendly,Yangon,Myanmar,False,Home Win,930.0,928.0,2.0,2023
2023-09-11,Latvia,Wales,0.0,2.0,UEFA Euro qualification,Riga,Latvia,False,Away Win,1348.0,1733.0,-385.0,2023
2023-09-11,Kuwait,Kyrgyzstan,1.0,3.0,Friendly,Dubai,United Arab Emirates,True,Away Win,1353.0,1236.0,117.0,2023
2023-09-11,Cambodia,Macao,4.0,0.0,Friendly,Phnom Penh,Cambodia,False,Home Win,863.0,674.0,189.0,2023
2023-09-11,Vietnam,Palestine,2.0,0.0,Friendly,Nam Định,Vietnam,False,Home Win,1425.0,1432.0,-7.0,2023
2023-09-11,Slovakia,Liechtenstein,3.0,0.0,UEFA Euro qualification,Bratislava,Slovakia,False,Home Win,1567.0,977.0,590.0,2023
2023-09-11,Armenia,Croatia,0.0,1.0,UEFA Euro qualification,Yerevan,Armenia,False,Away Win,1435.0,1956.0,-521.0,2023
2023-09-11,Nicaragua,Barbados,5.0,1.0,CONCACAF Nations League,Managua,Nicaragua,False,Home Win,1265.0,1013.0,252.0,2023
2023-09-11,Portugal,Luxembourg,9.0,0.0,UEFA Euro qualification,São João da Venda,Portugal,False,Home Win,1998.0,1454.0,544.0,2023
2023-09-12,Peru,Brazil,0.0,1.0,FIFA World Cup qualification,Lima,Peru,False,Away Win,1845.0,2167.0,-322.0,2023
2023-09-12,Germany,France,2.0,1.0,Friendly,Dortmund,Germany,False,Home Win,1950.0,2073.0,-123.0,2023
2023-09-12,Egypt,Tunisia,1.0,3.0,Friendly,Cairo,Egypt,False,Away Win,1675.0,1755.0,-80.0,2023
2023-09-12,China,Syria,0.0,1.0,Friendly,Chengdu,China,False,Away Win,1475.0,1423.0,52.0,2023
2023-09-12,Bahrain,Turkmenistan,1.0,1.0,Friendly,Dubai,United Arab Emirates,True,Draw,1502.0,1250.0,252.0,2023
2023-09-12,Azerbaijan,Jordan,2.0,1.0,Friendly,Baku,Azerbaijan,False,Home Win,1399.0,1592.0,-193.0,2023
2023-09-12,Chile,Colombia,0.0,0.0,FIFA World Cup qualification,Santiago,Chile,False,Draw,1706.0,1929.0,-223.0,2023
2023-09-12,Cuba,Suriname,1.0,0.0,CONCACAF Nations League,Santiago de Cuba,Cuba,False,Home Win,1341.0,1315.0,26.0,2023
2023-09-12,Ecuador,Uruguay,2.0,1.0,FIFA World Cup qualification,Quito,Ecuador,False,Home Win,1840.0,1915.0,-75.0,2023
2023-09-12,Bolivia,Argentina,0.0,3.0,FIFA World Cup qualification,La Paz,Bolivia,False,Away Win,1617.0,2145.0,-528.0,2023
2023-09-12,Guyana,Bahamas,3.0,2.0,CONCACAF Nations League,Leonora,Guyana,False,Home Win,1210.0,872.0,338.0,2023
2023-09-12,Honduras,Grenada,4.0,0.0,CONCACAF Nations League,Tegucigalpa,Honduras,False,Home Win,1472.0,1112.0,360.0,2023
2023-09-12,Jamaica,Haiti,2.0,2.0,CONCACAF Nations League,Kingston,Jamaica,False,Draw,1604.0,1547.0,57.0,2023
2023-09-12,Ghana,Liberia,3.0,1.0,Friendly,Accra,Ghana,False,Home Win,1599.0,1308.0,291.0,2023
2023-09-12,Qatar,Russia,1.0,1.0,Friendly,Al Wakrah,Qatar,False,Draw,1652.0,1757.0,-105.0,2023
2023-09-12,Venezuela,Paraguay,1.0,0.0,FIFA World Cup qualification,Maturín,Venezuela,False,Home Win,1691.0,1735.0,-44.0,2023
2023-09-12,Iran,Angola,4.0,0.0,Friendly,Tehran,Iran,False,Home Win,1777.0,1398.0,379.0,2023
2023-09-12,Cameroon,Burundi,3.0,0.0,African Cup of Nations qualification,Garoua,Cameroon,False,Home Win,1625.0,1246.0,379.0,2023
2023-09-12,Israel,Belarus,1.0,0.0,UEFA Euro qualification,Tel Aviv,Israel,False,Home Win,1601.0,1404.0,197.0,2023
2023-09-12,Switzerland,Andorra,3.0,0.0,UEFA Euro qualification,Sion,Switzerland,False,Home Win,1890.0,1122.0,768.0,2023
2023-09-12,Sweden,Austria,1.0,3.0,UEFA Euro qualification,Stockholm,Sweden,False,Away Win,1747.0,1729.0,18.0,2023
2023-09-12,Belgium,Estonia,5.0,0.0,UEFA Euro qualification,Brussels,Belgium,False,Home Win,1987.0,1447.0,540.0,2023
2023-09-12,Italy,Ukraine,2.0,1.0,UEFA Euro qualification,Milan,Italy,False,Home Win,1947.0,1848.0,99.0,2023
2023-09-12,Spain,Cyprus,6.0,0.0,UEFA Euro qualification,Granada,Spain,False,Home Win,1963.0,1356.0,607.0,2023
2023-09-12,Romania,Kosovo,2.0,0.0,UEFA Euro qualification,Bucharest,Romania,False,Home Win,1621.0,1500.0,121.0,2023
2023-09-12,Singapore,Taiwan,3.0,1.0,Friendly,Bishan,Singapore,False,Home Win,1133.0,909.0,224.0,2023
2023-09-12,Senegal,Algeria,0.0,1.0,Friendly,Diamniadio,Senegal,False,Away Win,1754.0,1706.0,48.0,2023
2023-09-12,Scotland,England,1.0,3.0,Friendly,Glasgow,Scotland,False,Away Win,1798.0,1992.0,-194.0,2023
2023-09-12,Philippines,Afghanistan,2.0,1.0,Friendly,Manila,Philippines,False,Home Win,1046.0,1097.0,-51.0,2023
2023-09-12,Mexico,Uzbekistan,3.0,3.0,Friendly,Atlanta,United States,True,Draw,1819.0,1615.0,204.0,2023
2023-09-12,Japan,Turkey,4.0,2.0,Friendly,Genk,Belgium,True,Home Win,1839.0,1701.0,138.0,2023
2023-09-12,Norway,Georgia,2.0,1.0,UEFA Euro qualification,Oslo,Norway,False,Home Win,1744.0,1651.0,93.0,2023
2023-10-10,China,Vietnam,2.0,0.0,Friendly,Dalian,China,False,Home Win,1475.0,1425.0,50.0,2023
2023-10-11,Wales,Gibraltar,4.0,0.0,Friendly,Wrexham,Wales,False,Home Win,1733.0,1060.0,673.0,2023
2023-10-12,Maldives,Bangladesh,1.0,1.0,FIFA World Cup qualification,Malé,Maldives,False,Draw,917.0,851.0,66.0,2023
2023-10-12,Suriname,Haiti,1.0,1.0,CONCACAF Nations League,Paramaribo,Suriname,False,Draw,1315.0,1547.0,-232.0,2023
2023-10-12,Grenada,Jamaica,1.0,4.0,CONCACAF Nations League,St. George's,Grenada,False,Away Win,1112.0,1604.0,-492.0,2023
2023-10-12,Cuba,Honduras,0.0,0.0,CONCACAF Nations League,Santo Domingo,Dominican Republic,True,Draw,1341.0,1472.0,-131.0,2023
2023-10-12,Colombia,Uruguay,2.0,2.0,FIFA World Cup qualification,Barranquilla,Colombia,False,Draw,1929.0,1915.0,14.0,2023
2023-10-12,Bolivia,Ecuador,1.0,2.0,FIFA World Cup qualification,La Paz,Bolivia,False,Away Win,1617.0,1840.0,-223.0,2023
2023-10-12,Cambodia,Pakistan,0.0,0.0,FIFA World Cup qualification,Phnom Penh,Cambodia,False,Draw,863.0,852.0,11.0,2023
2023-10-12,Brazil,Venezuela,1.0,1.0,FIFA World Cup qualification,Cuiabá,Brazil,False,Draw,2167.0,1691.0,476.0,2023
2023-10-12,Chile,Peru,2.0,0.0,FIFA World Cup qualification,Santiago,Chile,False,Home Win,1706.0,1845.0,-139.0,2023
2023-10-12,Afghanistan,Mongolia,1.0,0.0,FIFA World Cup qualification,Dushanbe,Tajikistan,True,Home Win,1097.0,805.0,292.0,2023
2023-10-12,Argentina,Paraguay,1.0,0.0,FIFA World Cup qualification,Buenos Aires,Argentina,False,Home Win,2145.0,1735.0,410.0,2023
2023-10-12,Bonaire,Anguilla,2.0,0.0,CONCACAF Nations League,Rincon,Bonaire,False,Home Win,876.0,547.0,329.0,2023
2023-10-12,Myanmar,Macao,5.0,1.0,FIFA World Cup qualification,Yangon,Myanmar,False,Home Win,930.0,674.0,256.0,2023
2023-10-12,Nepal,Laos,1.0,1.0,FIFA World Cup qualification,Kathmandu,Nepal,False,Draw,928.0,770.0,158.0,2023
2023-10-12,Spain,Scotland,2.0,0.0,UEFA Euro qualification,Seville,Spain,False,Home Win,1963.0,1798.0,165.0,2023
2023-10-12,Bahrain,Kyrgyzstan,2.0,0.0,Friendly,Arad,Bahrain,False,Home Win,1502.0,1236.0,266.0,2023
2023-10-12,Singapore,Guam,2.0,1.0,FIFA World Cup qualification,Kallang,Singapore,False,Home Win,1133.0,714.0,419.0,2023
2023-10-12,Egypt,Zambia,1.0,0.0,Friendly,Al Ain,United Arab Emirates,True,Home Win,1675.0,1484.0,191.0,2023
2023-10-12,Georgia,Thailand,8.0,0.0,Friendly,Tbilisi,Georgia,False,Home Win,1651.0,1379.0,272.0,2023
2023-10-12,Russia,Cameroon,1.0,0.0,Friendly,Moscow,Russia,False,Home Win,1757.0,1625.0,132.0,2023
2023-10-12,Montenegro,Lebanon,3.0,2.0,Friendly,Podgorica,Montenegro,False,Home Win,1578.0,1407.0,171.0,2023
2023-10-12,Cyprus,Norway,0.0,4.0,UEFA Euro qualification,Larnaca,Cyprus,False,Away Win,1356.0,1744.0,-388.0,2023
2023-10-12,Latvia,Armenia,2.0,0.0,UEFA Euro qualification,Riga,Latvia,False,Home Win,1348.0,1435.0,-87.0,2023
2023-10-12,Croatia,Turkey,0.0,1.0,UEFA Euro qualification,Osijek,Croatia,False,Away Win,1956.0,1701.0,255.0,2023
2023-10-12,Andorra,Kosovo,0.0,3.0,UEFA Euro qualification,Andorra la Vella,Andorra,False,Away Win,1122.0,1500.0,-378.0,2023
2023-10-12,Belarus,Romania,0.0,0.0,UEFA Euro qualification,Budapest,Hungary,True,Draw,1404.0,1621.0,-217.0,2023
2023-10-12,Albania,Czechia,3.0,0.0,UEFA Euro qualification,Tirana,Albania,False,Home Win,1535.0,1788.0,-253.0,2023
2023-10-13,Iraq,Qatar,0.0,0.0,Friendly,Amman,Jordan,True,Draw,1564.0,1652.0,-88.0,2023
2023-10-13,Curaçao,Panama,1.0,2.0,CONCACAF Nations League,Willemstad,Curaçao,False,Away Win,1351.0,1670.0,-319.0,2023
2023-10-13,Montserrat,Nicaragua,0.0,3.0,CONCACAF Nations League,Bridgetown,Barbados,True,Away Win,972.0,1265.0,-293.0,2023
2023-10-13,Mali,Uganda,1.0,0.0,Friendly,Bamako,Mali,False,Home Win,1595.0,1389.0,206.0,2023
2023-10-13,England,Australia,1.0,0.0,Friendly,London,England,False,Home Win,1992.0,1776.0,216.0,2023
2023-10-13,Guinea,Guinea-Bissau,1.0,0.0,Friendly,Setúbal,Portugal,True,Home Win,1387.0,1383.0,4.0,2023
2023-10-13,Japan,Canada,4.0,1.0,Friendly,Niigata,Japan,False,Home Win,1839.0,1724.0,115.0,2023
2023-10-13,Belize,Bermuda,0.0,1.0,CONCACAF Nations League,Belmopan,Belize,False,Away Win,1076.0,1158.0,-82.0,2023
2023-10-13,Vietnam,Uzbekistan,0.0,2.0,Friendly,Dalian,China,True,Away Win,1425.0,1615.0,-190.0,2023
2023-10-13,Netherlands,France,1.0,2.0,UEFA Euro qualification,Amsterdam,Netherlands,False,Away Win,2003.0,2073.0,-70.0,2023
2023-10-13,Estonia,Azerbaijan,0.0,2.0,UEFA Euro qualification,Tallinn,Estonia,False,Away Win,1447.0,1399.0,48.0,2023
2023-10-13,Angola,Mozambique,1.0,1.0,Friendly,Albufeira,Portugal,True,Draw,1398.0,1311.0,87.0,2023
2023-10-13,Iceland,Luxembourg,1.0,1.0,UEFA Euro qualification,Reykjavík,Iceland,False,Draw,1517.0,1454.0,63.0,2023
2023-10-13,Portugal,Slovakia,3.0,2.0,UEFA Euro qualification,Porto,Portugal,False,Home Win,1998.0,1567.0,431.0,2023
2023-10-13,Ireland,Greece,0.0,2.0,UEFA Euro qualification,Dublin,Republic of Ireland,False,Away Win,1689.0,1704.0,-15.0,2023
2023-10-13,Austria,Belgium,2.0,3.0,UEFA Euro qualification,Vienna,Austria,False,Away Win,1729.0,1987.0,-258.0,2023
2023-10-14,Mauritania,Madagascar,2.0,1.0,Friendly,Mohammedia,Morocco,True,Home Win,1372.0,1254.0,118.0,2023
2023-10-14,Mexico,Ghana,2.0,0.0,Friendly,Charlotte,United States,True,Home Win,1819.0,1599.0,220.0,2023
2023-10-14,Slovenia,Finland,3.0,0.0,UEFA Euro qualification,Ljubljana,Slovenia,False,Home Win,1677.0,1653.0,24.0,2023
2023-10-14,Liberia,Libya,2.0,3.0,Friendly,Khouribga,Morocco,True,Away Win,1308.0,1338.0,-30.0,2023
2023-10-14,Bulgaria,Lithuania,0.0,2.0,UEFA Euro qualification,Sofia,Bulgaria,False,Away Win,1520.0,1255.0,265.0,2023
2023-10-14,Hungary,Serbia,2.0,1.0,UEFA Euro qualification,Budapest,Hungary,False,Home Win,1825.0,1803.0,22.0,2023
2023-10-14,Denmark,Kazakhstan,3.0,1.0,UEFA Euro qualification,Copenhagen,Denmark,False,Home Win,1890.0,1380.0,510.0,2023
2023-10-14,Italy,Malta,4.0,0.0,UEFA Euro qualification,Bari,Italy,False,Home Win,1947.0,1256.0,691.0,2023
2023-10-15,Georgia,Cyprus,4.0,0.0,UEFA Euro qualification,Tbilisi,Georgia,False,Home Win,1629.0,1323.0,306.0,2023
2023-10-15,Honduras,Cuba,4.0,0.0,CONCACAF Nations League,Tegucigalpa,Honduras,False,Home Win,1477.0,1305.0,172.0,2023
2023-10-15,Haiti,Jamaica,2.0,3.0,CONCACAF Nations League,Port of Spain,Trinidad and Tobago,True,Away Win,1513.0,1591.0,-78.0,2023
2023-10-15,Suriname,Grenada,4.0,0.0,CONCACAF Nations League,Paramaribo,Suriname,False,Home Win,1291.0,1107.0,184.0,2023
2023-10-15,Kyrgyzstan,Philippines,0.0,1.0,Friendly,Manama,Bahrain,True,Away Win,1251.0,1046.0,205.0,2023
2023-10-15,Sudan,Tanzania,1.0,1.0,Friendly,Taif,Saudi Arabia,True,Draw,1296.0,1313.0,-17.0,2023
2023-10-15,Wales,Croatia,2.0,1.0,UEFA Euro qualification,Cardiff,Wales,False,Home Win,1733.0,1978.0,-245.0,2023
2023-10-15,Turkey,Latvia,4.0,0.0,UEFA Euro qualification,Konya,Turkey,False,Home Win,1742.0,1356.0,386.0,2023
2023-10-15,Switzerland,Belarus,3.0,3.0,UEFA Euro qualification,St. Gallen,Switzerland,False,Draw,1890.0,1416.0,474.0,2023
2023-10-15,Romania,Andorra,4.0,0.0,UEFA Euro qualification,Bucharest,Romania,False,Home Win,1629.0,1115.0,514.0,2023
2023-10-15,Norway,Spain,0.0,1.0,UEFA Euro qualification,Oslo,Norway,False,Away Win,1755.0,2017.0,-262.0,2023
2023-10-16,Kenya,Russia,2.0,2.0,Friendly,Antalya,Turkey,True,Draw,1371.0,1763.0,-392.0,2023
2023-10-16,China,Uzbekistan,1.0,2.0,Friendly,Dalian,China,False,Away Win,1475.0,1615.0,-140.0,2023
2023-10-16,Botswana,Eswatini,2.0,1.0,Friendly,Lobatse,Botswana,False,Home Win,1326.0,1298.0,28.0,2023
2023-10-16,Senegal,Cameroon,1.0,0.0,Friendly,Lens,France,True,Home Win,1754.0,1631.0,123.0,2023
2023-10-16,Mozambique,Nigeria,2.0,3.0,Friendly,Albufeira,Portugal,True,Away Win,1311.0,1657.0,-346.0,2023
2023-10-16,Algeria,Egypt,1.0,1.0,Friendly,Al Ain,United Arab Emirates,True,Draw,1712.0,1676.0,36.0,2023
2023-10-16,Nicaragua,Montserrat,3.0,0.0,CONCACAF Nations League,Managua,Nicaragua,False,Home Win,1265.0,972.0,293.0,2023
2023-10-16,Belgium,Sweden,1.0,1.0,UEFA Euro qualification,Brussels,Belgium,False,Draw,1987.0,1722.0,265.0,2023
2023-10-16,Iceland,Liechtenstein,4.0,0.0,UEFA Euro qualification,Reykjavík,Iceland,False,Home Win,1517.0,977.0,540.0,2023
2023-10-16,Greece,Netherlands,0.0,1.0,UEFA Euro qualification,Athens,Greece,False,Away Win,1704.0,2003.0,-299.0,2023
2023-10-16,Luxembourg,Slovakia,0.0,1.0,UEFA Euro qualification,Luxembourg,Luxembourg,False,Away Win,1454.0,1567.0,-113.0,2023
2023-10-16,Azerbaijan,Austria,0.0,1.0,UEFA Euro qualification,Baku,Azerbaijan,False,Away Win,1399.0,1729.0,-330.0,2023
2023-10-16,Gibraltar,Ireland,0.0,4.0,UEFA Euro qualification,Faro-Loulé,Portugal,True,Away Win,1060.0,1689.0,-629.0,2023
2023-10-17,Panama,Guatemala,3.0,0.0,CONCACAF Nations League,Panama City,Panama,False,Home Win,1670.0,1496.0,174.0,2023
2023-10-17,Bermuda,Belize,1.0,1.0,CONCACAF Nations League,Devonshire Parish,Bermuda,False,Draw,1158.0,1076.0,82.0,2023
2023-10-17,Venezuela,Chile,3.0,0.0,FIFA World Cup qualification,Maturín,Venezuela,False,Home Win,1728.0,1739.0,-11.0,2023
2023-10-17,Ecuador,Colombia,0.0,0.0,FIFA World Cup qualification,Quito,Ecuador,False,Draw,1879.0,1939.0,-60.0,2023
2023-10-17,Paraguay,Bolivia,1.0,0.0,FIFA World Cup qualification,Asunción,Paraguay,False,Home Win,1703.0,1584.0,119.0,2023
2023-10-17,Peru,Argentina,0.0,2.0,FIFA World Cup qualification,Lima,Peru,False,Away Win,1798.0,2159.0,-361.0,2023
2023-10-17,Guam,Singapore,0.0,1.0,FIFA World Cup qualification,Dededo,Guam,False,Away Win,705.0,1132.0,-427.0,2023
2023-10-17,Brunei,Indonesia,0.0,6.0,FIFA World Cup qualification,Bandar Seri Begawan,Brunei,False,Away Win,601.0,1297.0,-696.0,2023
2023-10-17,Pakistan,Cambodia,1.0,0.0,FIFA World Cup qualification,Islamabad,Pakistan,False,Home Win,819.0,867.0,-48.0,2023
2023-10-17,Laos,Nepal,0.0,1.0,FIFA World Cup qualification,Vientiane,Laos,False,Away Win,680.0,912.0,-232.0,2023
2023-10-17,Macao,Myanmar,0.0,0.0,FIFA World Cup qualification,Taipa,Macau,False,Draw,657.0,928.0,-271.0,2023
2023-10-17,Mongolia,Afghanistan,0.0,1.0,FIFA World Cup qualification,Ulaanbaatar,Mongolia,False,Away Win,805.0,1082.0,-277.0,2023
2023-10-17,Albania,Bulgaria,2.0,0.0,Friendly,Tirana,Albania,False,Home Win,1657.0,1520.0,137.0,2023
2023-10-17,Bangladesh,Maldives,2.0,1.0,FIFA World Cup qualification,Dhaka,Bangladesh,False,Home Win,912.0,896.0,16.0,2023
2023-10-17,Syria,Kuwait,1.0,2.0,Friendly,Dubai,United Arab Emirates,True,Away Win,1423.0,1385.0,38.0,2023
2023-10-17,Uruguay,Brazil,2.0,0.0,FIFA World Cup qualification,Montevideo,Uruguay,False,Home Win,1914.0,2090.0,-176.0,2023
2023-10-17,Zambia,Uganda,3.0,0.0,Friendly,Sharjah,United Arab Emirates,True,Home Win,1504.0,1389.0,115.0,2023
2023-10-17,Estonia,Thailand,1.0,1.0,Friendly,Tallinn,Estonia,False,Draw,1447.0,1384.0,63.0,2023
2023-10-17,France,Scotland,4.0,1.0,Friendly,Lille,France,False,Home Win,2073.0,1817.0,256.0,2023
2023-10-17,Guinea,Gabon,1.0,1.0,Friendly,Faro-Loulé,Portugal,True,Draw,1387.0,1494.0,-107.0,2023
2023-10-17,Libya,Niger,1.0,1.0,Friendly,Khouribga,Morocco,True,Draw,1338.0,1239.0,99.0,2023
2023-10-17,Mexico,Germany,2.0,2.0,Friendly,Philadelphia,United States,True,Draw,1819.0,1950.0,-131.0,2023
2023-10-17,Sudan,Chad,1.0,0.0,Friendly,Taif,Saudi Arabia,True,Home Win,1296.0,1250.0,46.0,2023
2023-10-17,England,Italy,3.0,1.0,UEFA Euro qualification,London,England,False,Home Win,1992.0,1947.0,45.0,2023
2023-10-17,Morocco,Liberia,3.0,0.0,African Cup of Nations qualification,Agadir,Morocco,False,Home Win,1879.0,1308.0,571.0,2023
2023-10-17,Benin,Madagascar,1.0,2.0,Friendly,Casablanca,Morocco,True,Away Win,1476.0,1254.0,222.0,2023
2023-10-17,Malta,Ukraine,1.0,3.0,UEFA Euro qualification,Ta' Qali,Malta,False,Away Win,1256.0,1848.0,-592.0,2023
2023-10-17,Serbia,Montenegro,3.0,1.0,UEFA Euro qualification,Belgrade,Serbia,False,Home Win,1803.0,1553.0,250.0,2023
2023-10-17,Lithuania,Hungary,2.0,2.0,UEFA Euro qualification,Kaunas,Lithuania,False,Draw,1255.0,1825.0,-570.0,2023
2023-10-17,Finland,Kazakhstan,1.0,2.0,UEFA Euro qualification,Helsinki,Finland,False,Away Win,1653.0,1380.0,273.0,2023
2023-10-17,Bahrain,Philippines,1.0,0.0,Friendly,Arad,Bahrain,False,Home Win,1480.0,1046.0,434.0,2023
2023-11-11,Guatemala,Jamaica,0.0,0.0,Friendly,Harrison,United States,True,Draw,1496.0,1591.0,-95.0,2023
2023-11-12,Kosovo,Israel,1.0,0.0,UEFA Euro qualification,Pristina,Kosovo,False,Home Win,1491.0,1601.0,-110.0,2023
2023-11-15,Belgium,Serbia,1.0,0.0,Friendly,Leuven,Belgium,False,Home Win,1987.0,1803.0,184.0,2023
2023-11-15,Israel,Switzerland,1.0,1.0,UEFA Euro qualification,Felcsút,Hungary,True,Draw,1601.0,1890.0,-289.0,2023
2023-11-15,Rwanda,Zimbabwe,0.0,0.0,FIFA World Cup qualification,Butare,Rwanda,False,Draw,1271.0,1333.0,-62.0,2023
2023-11-16,Bolivia,Peru,2.0,0.0,FIFA World Cup qualification,La Paz,Bolivia,False,Home Win,1584.0,1798.0,-214.0,2023
2023-11-16,Venezuela,Ecuador,0.0,0.0,FIFA World Cup qualification,Maturín,Venezuela,False,Draw,1728.0,1879.0,-151.0,2023
2023-11-16,Colombia,Brazil,2.0,1.0,FIFA World Cup qualification,Barranquilla,Colombia,False,Home Win,1939.0,2090.0,-151.0,2023
2023-11-16,Argentina,Uruguay,0.0,2.0,FIFA World Cup qualification,Buenos Aires,Argentina,False,Away Win,2159.0,1914.0,245.0,2023
2023-11-16,Chile,Paraguay,0.0,0.0,FIFA World Cup qualification,Santiago,Chile,False,Draw,1739.0,1703.0,36.0,2023
2023-11-16,Kuwait,India,0.0,1.0,FIFA World Cup qualification,Kuwait City,Kuwait,False,Away Win,1385.0,1240.0,145.0,2023
2023-11-16,Japan,Myanmar,5.0,0.0,FIFA World Cup qualification,Suita,Japan,False,Home Win,1839.0,928.0,911.0,2023
2023-11-16,Qatar,Afghanistan,8.0,1.0,FIFA World Cup qualification,Al Rayyan,Qatar,False,Home Win,1652.0,1082.0,570.0,2023
2023-11-16,Turkmenistan,Uzbekistan,1.0,3.0,FIFA World Cup qualification,Ashgabat,Turkmenistan,False,Away Win,1250.0,1615.0,-365.0,2023
2023-11-16,Iraq,Indonesia,5.0,1.0,FIFA World Cup qualification,Basra,Iraq,False,Home Win,1564.0,1297.0,267.0,2023
2023-11-16,Philippines,Vietnam,0.0,2.0,FIFA World Cup qualification,Manila,Philippines,False,Away Win,1046.0,1425.0,-379.0,2023
2023-11-16,Tajikistan,Jordan,1.0,1.0,FIFA World Cup qualification,Dushanbe,Tajikistan,False,Draw,1321.0,1592.0,-271.0,2023
2023-11-16,Thailand,China,1.0,2.0,FIFA World Cup qualification,Bangkok,Thailand,False,Away Win,1384.0,1475.0,-91.0,2023
2023-11-16,Lebanon,Palestine,0.0,0.0,FIFA World Cup qualification,Sharjah,United Arab Emirates,True,Draw,1311.0,1432.0,-121.0,2023
2023-11-16,Oman,Taiwan,3.0,0.0,FIFA World Cup qualification,Muscat,Oman,False,Home Win,1575.0,927.0,648.0,2023
2023-11-16,Yemen,Bahrain,0.0,2.0,FIFA World Cup qualification,Abha,Saudi Arabia,True,Away Win,1099.0,1480.0,-381.0,2023
2023-11-16,Bulgaria,Hungary,2.0,2.0,UEFA Euro qualification,Sofia,Bulgaria,False,Draw,1520.0,1825.0,-305.0,2023
2023-11-16,Australia,Bangladesh,7.0,0.0,FIFA World Cup qualification,Melbourne,Australia,False,Home Win,1776.0,912.0,864.0,2023
2023-11-16,Egypt,Djibouti,6.0,0.0,FIFA World Cup qualification,Cairo,Egypt,False,Home Win,1676.0,752.0,924.0,2023
2023-11-16,Sudan,Togo,1.0,1.0,FIFA World Cup qualification,Benghazi,Libya,True,Draw,1296.0,1319.0,-23.0,2023
2023-11-16,Nigeria,Lesotho,1.0,1.0,FIFA World Cup qualification,Uyo,Nigeria,False,Draw,1657.0,1229.0,428.0,2023
2023-11-16,Burundi,Gambia,3.0,2.0,FIFA World Cup qualification,Dar es Salaam,Tanzania,True,Home Win,1246.0,1443.0,-197.0,2023
2023-11-16,Gabon,Kenya,2.0,1.0,FIFA World Cup qualification,Franceville,Gabon,False,Home Win,1494.0,1371.0,123.0,2023
2023-11-16,Cyprus,Spain,1.0,3.0,UEFA Euro qualification,Limassol,Cyprus,False,Away Win,1323.0,2017.0,-694.0,2023
2023-11-16,Botswana,Mozambique,2.0,3.0,FIFA World Cup qualification,Francistown,Botswana,False,Away Win,1326.0,1311.0,15.0,2023
2023-11-16,Azerbaijan,Sweden,3.0,0.0,UEFA Euro qualification,Baku,Azerbaijan,False,Home Win,1399.0,1722.0,-323.0,2023
2023-11-16,Montenegro,Lithuania,2.0,0.0,UEFA Euro qualification,Podgorica,Montenegro,False,Home Win,1553.0,1255.0,298.0,2023
2023-11-16,Liechtenstein,Portugal,0.0,2.0,UEFA Euro qualification,Vaduz,Liechtenstein,False,Away Win,977.0,1998.0,-1021.0,2023
2023-11-16,Slovakia,Iceland,4.0,2.0,UEFA Euro qualification,Bratislava,Slovakia,False,Home Win,1567.0,1517.0,50.0,2023
2023-11-16,Georgia,Scotland,2.0,2.0,UEFA Euro qualification,Tbilisi,Georgia,False,Draw,1629.0,1817.0,-188.0,2023
2023-11-16,Estonia,Austria,0.0,2.0,UEFA Euro qualification,Tallinn,Estonia,False,Away Win,1447.0,1729.0,-282.0,2023
2023-11-16,Malaysia,Kyrgyzstan,4.0,3.0,FIFA World Cup qualification,Kuala Lumpur,Malaysia,False,Home Win,1256.0,1251.0,5.0,2023
2023-11-17,Zambia,Congo,4.0,2.0,FIFA World Cup qualification,Ndola,Zambia,False,Home Win,1504.0,1263.0,241.0,2023
2023-11-17,Guinea,Uganda,2.0,1.0,FIFA World Cup qualification,Berkane,Morocco,True,Home Win,1387.0,1389.0,-2.0,2023
2023-11-17,Barbados,Nicaragua,0.0,4.0,CONCACAF Nations League,Bridgetown,Barbados,False,Away Win,1013.0,1265.0,-252.0,2023
2023-11-17,Honduras,Mexico,2.0,0.0,CONCACAF Nations League,Tegucigalpa,Honduras,False,Home Win,1477.0,1819.0,-342.0,2023
2023-11-17,Eswatini,Libya,0.0,1.0,FIFA World Cup qualification,Mbombela,South Africa,True,Away Win,1298.0,1338.0,-40.0,2023
2023-11-17,Cameroon,Mauritius,3.0,0.0,FIFA World Cup qualification,Douala,Cameroon,False,Home Win,1631.0,963.0,668.0,2023
2023-11-17,Liberia,Malawi,0.0,1.0,FIFA World Cup qualification,Monrovia,Liberia,False,Away Win,1308.0,1296.0,12.0,2023
2023-11-17,England,Malta,2.0,0.0,UEFA Euro qualification,London,England,False,Home Win,1992.0,1256.0,736.0,2023
2023-11-17,Poland,Czechia,1.0,1.0,UEFA Euro qualification,Warsaw,Poland,False,Draw,1729.0,1748.0,-19.0,2023
2023-11-17,Denmark,Slovenia,2.0,1.0,UEFA Euro qualification,Copenhagen,Denmark,False,Home Win,1890.0,1677.0,213.0,2023
2023-11-17,Ghana,Madagascar,1.0,0.0,FIFA World Cup qualification,Kumasi,Ghana,False,Home Win,1599.0,1254.0,345.0,2023
2023-11-17,Mali,Chad,3.0,1.0,FIFA World Cup qualification,Bamako,Mali,False,Home Win,1595.0,1250.0,345.0,2023
2023-11-18,France,Gibraltar,14.0,0.0,UEFA Euro qualification,Nice,France,False,Home Win,2073.0,1060.0,1013.0,2023
2023-11-18,Anguilla,Bonaire,0.0,3.0,CONCACAF Nations League,The Valley,Anguilla,False,Away Win,578.0,861.0,-283.0,2023
2023-11-18,Jamaica,Canada,1.0,2.0,CONCACAF Nations League,Kingston,Jamaica,False,Away Win,1591.0,1724.0,-133.0,2023
2023-11-18,Niger,Tanzania,0.0,1.0,FIFA World Cup qualification,Marrakesh,Morocco,True,Away Win,1239.0,1313.0,-74.0,2023
2023-11-18,Germany,Turkey,2.0,3.0,Friendly,Berlin,Germany,False,Away Win,1950.0,1742.0,208.0,2023
2023-11-18,Netherlands,Ireland,1.0,0.0,UEFA Euro qualification,Amsterdam,Netherlands,False,Home Win,2003.0,1689.0,314.0,2023
2023-11-18,Latvia,Croatia,0.0,2.0,UEFA Euro qualification,Riga,Latvia,False,Away Win,1356.0,1978.0,-622.0,2023
2023-11-18,Belarus,Andorra,1.0,0.0,UEFA Euro qualification,Budapest,Hungary,True,Home Win,1416.0,1115.0,301.0,2023
2023-11-18,Switzerland,Kosovo,1.0,1.0,UEFA Euro qualification,Basel,Switzerland,False,Draw,1890.0,1491.0,399.0,2023
2023-11-18,Israel,Romania,1.0,2.0,UEFA Euro qualification,Felcsút,Hungary,True,Away Win,1601.0,1629.0,-28.0,2023
2023-11-18,Armenia,Wales,1.0,1.0,UEFA Euro qualification,Yerevan,Armenia,False,Draw,1470.0,1733.0,-263.0,2023
2023-11-19,Scotland,Norway,3.0,3.0,UEFA Euro qualification,Glasgow,Scotland,False,Draw,1817.0,1755.0,62.0,2023
2023-11-19,Zimbabwe,Nigeria,1.0,1.0,FIFA World Cup qualification,Butare,Rwanda,True,Draw,1333.0,1657.0,-324.0,2023
2023-11-19,Burundi,Gabon,1.0,2.0,FIFA World Cup qualification,Dar es Salaam,Tanzania,True,Away Win,1246.0,1494.0,-248.0,2023
2023-11-19,Spain,Georgia,3.0,1.0,UEFA Euro qualification,Valladolid,Spain,False,Home Win,2017.0,1629.0,388.0,2023
2023-11-19,Cyprus,Lithuania,1.0,0.0,Friendly,Limassol,Cyprus,False,Home Win,1323.0,1255.0,68.0,2023
2023-11-19,Mozambique,Algeria,0.0,2.0,FIFA World Cup qualification,Maputo,Mozambique,False,Away Win,1311.0,1712.0,-401.0,2023
2023-11-19,Serbia,Bulgaria,2.0,2.0,UEFA Euro qualification,Leskovac,Serbia,False,Draw,1803.0,1520.0,283.0,2023
2023-11-19,Hungary,Montenegro,3.0,1.0,UEFA Euro qualification,Budapest,Hungary,False,Home Win,1825.0,1553.0,272.0,2023
2023-11-19,Liechtenstein,Luxembourg,0.0,1.0,UEFA Euro qualification,Vaduz,Liechtenstein,False,Away Win,977.0,1454.0,-477.0,2023
2023-11-19,Portugal,Iceland,2.0,0.0,UEFA Euro qualification,Lisbon,Portugal,False,Home Win,1998.0,1517.0,481.0,2023
2023-11-19,Sweden,Estonia,2.0,0.0,UEFA Euro qualification,Stockholm,Sweden,False,Home Win,1722.0,1447.0,275.0,2023
2023-11-19,Belgium,Azerbaijan,5.0,0.0,UEFA Euro qualification,Brussels,Belgium,False,Home Win,1987.0,1399.0,588.0,2023
2023-11-20,Chad,Madagascar,0.0,3.0,FIFA World Cup qualification,Oujda,Morocco,True,Away Win,1178.0,1288.0,-110.0,2023
2023-11-20,Montserrat,Barbados,4.0,2.0,CONCACAF Nations League,Lookout,Montserrat,False,Home Win,1003.0,955.0,48.0,2023
2023-11-20,Djibouti,Guinea-Bissau,0.0,1.0,FIFA World Cup qualification,Cairo,Egypt,True,Away Win,752.0,1411.0,-659.0,2023
2023-11-20,Ukraine,Italy,0.0,0.0,UEFA Euro qualification,Leverkusen,Germany,True,Draw,1848.0,1943.0,-95.0,2023
2023-11-20,Seychelles,Kenya,0.0,5.0,FIFA World Cup qualification,Abidjan,Ivory Coast,True,Away Win,859.0,1371.0,-512.0,2023
2023-11-20,Slovenia,Kazakhstan,2.0,1.0,UEFA Euro qualification,Ljubljana,Slovenia,False,Home Win,1705.0,1486.0,219.0,2023
2023-11-20,Tuvalu,Vanuatu,0.0,6.0,Pacific Games,Honiara,Solomon Islands,True,Away Win,757.0,1129.0,-372.0,2023
2023-11-20,Russia,Cuba,8.0,0.0,Friendly,Volgograd,Russia,False,Home Win,1763.0,1305.0,458.0,2023
2023-11-21,India,Qatar,0.0,3.0,FIFA World Cup qualification,Bhubaneswar,India,False,Away Win,1240.0,1652.0,-412.0,2023
2023-11-21,Ecuador,Chile,1.0,0.0,FIFA World Cup qualification,Quito,Ecuador,False,Home Win,1879.0,1739.0,140.0,2023
2023-11-21,Bangladesh,Lebanon,1.0,1.0,FIFA World Cup qualification,Dhaka,Bangladesh,False,Draw,912.0,1311.0,-399.0,2023
2023-11-21,Uruguay,Bolivia,3.0,0.0,FIFA World Cup qualification,Montevideo,Uruguay,False,Home Win,1914.0,1584.0,330.0,2023
2023-11-21,Peru,Venezuela,1.0,1.0,FIFA World Cup qualification,Lima,Peru,False,Draw,1798.0,1728.0,70.0,2023
2023-11-21,Brazil,Argentina,0.0,1.0,FIFA World Cup qualification,Rio de Janeiro,Brazil,False,Away Win,2090.0,2159.0,-69.0,2023
2023-11-21,Mexico,Honduras,2.0,0.0,CONCACAF Nations League,Mexico City,Mexico,False,Home Win,1792.0,1538.0,254.0,2023
2023-11-21,Afghanistan,Kuwait,0.0,4.0,FIFA World Cup qualification,Dammam,Saudi Arabia,True,Away Win,1082.0,1385.0,-303.0,2023
2023-11-21,Vietnam,Iraq,0.0,1.0,FIFA World Cup qualification,Hanoi,Vietnam,False,Away Win,1425.0,1564.0,-139.0,2023
2023-11-21,Singapore,Thailand,1.0,3.0,FIFA World Cup qualification,Kallang,Singapore,False,Away Win,1132.0,1384.0,-252.0,2023
2023-11-21,Taiwan,Malaysia,0.0,1.0,FIFA World Cup qualification,Taipei,Taiwan,False,Away Win,927.0,1256.0,-329.0,2023
2023-11-21,Uzbekistan,Iran,2.0,2.0,FIFA World Cup qualification,Tashkent,Uzbekistan,False,Draw,1615.0,1777.0,-162.0,2023
2023-11-21,Philippines,Indonesia,1.0,1.0,FIFA World Cup qualification,Manila,Philippines,False,Draw,1046.0,1297.0,-251.0,2023
2023-11-21,Canada,Jamaica,2.0,3.0,CONCACAF Nations League,Toronto,Canada,False,Away Win,1724.0,1591.0,133.0,2023
2023-11-21,Pakistan,Tajikistan,1.0,6.0,FIFA World Cup qualification,Islamabad,Pakistan,False,Away Win,819.0,1321.0,-502.0,2023
2023-11-21,Nepal,Yemen,0.0,2.0,FIFA World Cup qualification,Kathmandu,Nepal,False,Away Win,912.0,1099.0,-187.0,2023
2023-11-21,Syria,Japan,0.0,5.0,FIFA World Cup qualification,Jeddah,Saudi Arabia,True,Away Win,1423.0,1839.0,-416.0,2023
2023-11-21,Paraguay,Colombia,0.0,1.0,FIFA World Cup qualification,Asunción,Paraguay,False,Away Win,1703.0,1939.0,-236.0,2023
2023-11-21,Palestine,Australia,0.0,1.0,FIFA World Cup qualification,Kuwait City,Kuwait,True,Away Win,1432.0,1776.0,-344.0,2023
2023-11-21,Kyrgyzstan,Oman,1.0,0.0,FIFA World Cup qualification,Bishkek,Kyrgyzstan,False,Home Win,1251.0,1575.0,-324.0,2023
2023-11-21,Togo,Senegal,0.0,0.0,FIFA World Cup qualification,Lomé,Togo,False,Draw,1319.0,1754.0,-435.0,2023
2023-11-21,Malawi,Tunisia,0.0,1.0,FIFA World Cup qualification,Lilongwe,Malawi,False,Away Win,1354.0,1731.0,-377.0,2023
2023-11-21,Mauritius,Angola,0.0,0.0,FIFA World Cup qualification,Saint Pierre,Mauritius,False,Draw,1029.0,1398.0,-369.0,2023
2023-11-21,Niger,Zambia,2.0,1.0,FIFA World Cup qualification,Marrakesh,Morocco,True,Home Win,1239.0,1523.0,-284.0,2023
2023-11-21,Greece,France,2.0,2.0,UEFA Euro qualification,Athens,Greece,False,Draw,1714.0,2073.0,-359.0,2023
2023-11-21,Botswana,Guinea,1.0,0.0,FIFA World Cup qualification,Francistown,Botswana,False,Home Win,1326.0,1444.0,-118.0,2023
2023-11-21,Libya,Cameroon,1.0,1.0,FIFA World Cup qualification,Benghazi,Libya,False,Draw,1347.0,1625.0,-278.0,2023
2023-11-21,Comoros,Ghana,1.0,0.0,FIFA World Cup qualification,Moroni,Comoros,False,Home Win,1241.0,1580.0,-339.0,2023
2023-11-21,Andorra,Israel,0.0,2.0,UEFA Euro qualification,Andorra la Vella,Andorra,False,Away Win,1115.0,1601.0,-486.0,2023
2023-11-21,Tanzania,Morocco,0.0,2.0,FIFA World Cup qualification,Dar es Salaam,Tanzania,False,Away Win,1313.0,1879.0,-566.0,2023
2023-11-21,Gibraltar,Netherlands,0.0,6.0,UEFA Euro qualification,Faro-Loulé,Portugal,True,Away Win,1060.0,2003.0,-943.0,2023
2023-11-21,Wales,Turkey,1.0,1.0,UEFA Euro qualification,Cardiff,Wales,False,Draw,1733.0,1742.0,-9.0,2023
2023-11-21,Croatia,Armenia,1.0,0.0,UEFA Euro qualification,Zagreb,Croatia,False,Home Win,1978.0,1470.0,508.0,2023
2023-11-21,Lesotho,Benin,0.0,0.0,FIFA World Cup qualification,Durban,South Africa,True,Draw,1229.0,1476.0,-247.0,2023
2023-11-21,Kosovo,Belarus,0.0,1.0,UEFA Euro qualification,Pristina,Kosovo,False,Away Win,1491.0,1416.0,75.0,2023
2023-11-21,Romania,Switzerland,1.0,0.0,UEFA Euro qualification,Bucharest,Romania,False,Home Win,1629.0,1890.0,-261.0,2023
2023-11-21,Fiji,Tahiti,0.0,0.0,Pacific Games,Honiara,Solomon Islands,True,Draw,1250.0,1147.0,103.0,2023
2023-11-21,Austria,Germany,2.0,0.0,Friendly,Vienna,Austria,False,Home Win,1729.0,1950.0,-221.0,2023
2023-11-21,Poland,Latvia,2.0,0.0,Friendly,Warsaw,Poland,False,Home Win,1707.0,1356.0,351.0,2023
2023-11-27,Tonga,Tuvalu,0.0,4.0,Pacific Games,Honiara,Solomon Islands,True,Away Win,546.0,757.0,-211.0,2023
2023-11-27,Tahiti,Samoa,2.0,1.0,Pacific Games,Honiara,Solomon Islands,True,Home Win,1147.0,677.0,470.0,2023
2023-12-01,Vanuatu,Fiji,2.0,4.0,Pacific Games,Honiara,Solomon Islands,True,Away Win,1129.0,1250.0,-121.0,2023
2023-12-16,Mexico,Colombia,2.0,3.0,Friendly,Los Angeles,United States,True,Away Win,1792.0,1939.0,-147.0,2023
2024-01-01,Japan,Thailand,5.0,0.0,Friendly,Tokyo,Japan,False,Home Win,1839.0,1384.0,455.0,2024
2024-01-02,Indonesia,Libya,0.0,4.0,Friendly,Antalya,Turkey,True,Away Win,1297.0,1347.0,-50.0,2024
2024-01-05,Indonesia,Libya,1.0,2.0,Friendly,Antalya,Turkey,True,Away Win,1297.0,1347.0,-50.0,2024
2024-01-05,Kyrgyzstan,Syria,1.0,1.0,Friendly,Abu Dhabi,United Arab Emirates,True,Draw,1251.0,1423.0,-172.0,2024
2024-01-05,Qatar,Jordan,1.0,2.0,Friendly,Al Rayyan,Qatar,False,Away Win,1652.0,1592.0,60.0,2024
2024-01-05,Togo,Algeria,0.0,3.0,Friendly,Lomé,Togo,False,Away Win,1319.0,1712.0,-393.0,2024
2024-01-06,Mozambique,Lesotho,2.0,0.0,Friendly,Johannesburg,South Africa,True,Home Win,1311.0,1229.0,82.0,2024
2024-01-06,Bahrain,Australia,0.0,2.0,Friendly,Abu Dhabi,United Arab Emirates,True,Away Win,1480.0,1776.0,-296.0,2024
2024-01-06,Mali,Guinea-Bissau,6.0,2.0,Friendly,Bamako,Mali,False,Home Win,1631.0,1411.0,220.0,2024
2024-01-06,Tunisia,Mauritania,0.0,0.0,Friendly,Radès,Tunisia,False,Draw,1731.0,1372.0,359.0,2024
2024-01-07,Uzbekistan,Palestine,1.0,0.0,Friendly,Doha,Qatar,True,Home Win,1615.0,1432.0,183.0,2024
2024-01-07,Egypt,Tanzania,2.0,0.0,Friendly,Cairo,Egypt,False,Home Win,1676.0,1313.0,363.0,2024
2024-01-08,Nigeria,Guinea,0.0,2.0,Friendly,Abu Dhabi,United Arab Emirates,True,Away Win,1657.0,1444.0,213.0,2024
2024-01-08,Botswana,Mozambique,1.0,1.0,Friendly,Johannesburg,South Africa,True,Draw,1326.0,1311.0,15.0,2024
2024-01-08,Syria,Malaysia,2.0,2.0,Friendly,Doha,Qatar,True,Draw,1423.0,1256.0,167.0,2024
2024-01-08,Senegal,Niger,1.0,0.0,Friendly,Dakar,Senegal,False,Home Win,1754.0,1239.0,515.0,2024
2024-01-08,Ghana,Namibia,0.0,0.0,Friendly,Kumasi,Ghana,False,Draw,1580.0,1414.0,166.0,2024
2024-01-09,Burundi,Algeria,0.0,4.0,Friendly,Lomé,Togo,True,Away Win,1246.0,1712.0,-466.0,2024
2024-01-09,Indonesia,Iran,0.0,5.0,Friendly,Al Rayyan,Qatar,True,Away Win,1297.0,1777.0,-480.0,2024
2024-01-09,Japan,Jordan,6.0,1.0,Friendly,Doha,Qatar,True,Home Win,1839.0,1592.0,247.0,2024
2024-01-09,Kyrgyzstan,Vietnam,2.0,1.0,Friendly,Al Khor,Qatar,True,Home Win,1251.0,1425.0,-174.0,2024
2024-01-09,Zambia,Cameroon,1.0,1.0,Friendly,Jeddah,Saudi Arabia,True,Draw,1523.0,1625.0,-102.0,2024
2024-01-10,Bahrain,Angola,0.0,3.0,Friendly,Dubai,United Arab Emirates,True,Away Win,1480.0,1398.0,82.0,2024
2024-01-12,Kuwait,Libya,1.0,3.0,Friendly,Cairo,Egypt,True,Away Win,1385.0,1347.0,38.0,2024
2024-01-12,Sweden,Estonia,2.0,1.0,Friendly,Paphos,Cyprus,True,Home Win,1722.0,1447.0,275.0,2024
2024-01-12,Qatar,Lebanon,3.0,0.0,AFC Asian Cup,Lusail,Qatar,False,Home Win,1652.0,1311.0,341.0,2024
2024-01-13,China,Tajikistan,0.0,0.0,AFC Asian Cup,Doha,Qatar,True,Draw,1475.0,1321.0,154.0,2024
2024-01-13,Australia,India,2.0,0.0,AFC Asian Cup,Al Rayyan,Qatar,True,Home Win,1776.0,1240.0,536.0,2024
2024-01-13,Uzbekistan,Syria,0.0,0.0,AFC Asian Cup,Doha,Qatar,True,Draw,1615.0,1423.0,192.0,2024
2024-01-13,Guatemala,Iceland,0.0,1.0,Friendly,Fort Lauderdale,United States,True,Away Win,1496.0,1517.0,-21.0,2024
2024-01-14,Japan,Vietnam,4.0,2.0,AFC Asian Cup,Doha,Qatar,True,Home Win,1839.0,1425.0,414.0,2024
2024-01-14,Egypt,Mozambique,2.0,2.0,African Cup of Nations,Abidjan,Ivory Coast,True,Draw,1676.0,1311.0,365.0,2024
2024-01-14,Iran,Palestine,4.0,1.0,AFC Asian Cup,Al Rayyan,Qatar,True,Home Win,1777.0,1432.0,345.0,2024
2024-01-15,Indonesia,Iraq,1.0,3.0,AFC Asian Cup,Doha,Qatar,True,Away Win,1297.0,1564.0,-267.0,2024
2024-01-15,Malaysia,Jordan,0.0,4.0,AFC Asian Cup,Al Wakrah,Qatar,True,Away Win,1256.0,1592.0,-336.0,2024
2024-01-15,Senegal,Gambia,3.0,0.0,African Cup of Nations,Yamoussoukro,Ivory Coast,True,Home Win,1754.0,1443.0,311.0,2024
2024-01-15,Cameroon,Guinea,1.0,1.0,African Cup of Nations,Yamoussoukro,Ivory Coast,True,Draw,1625.0,1444.0,181.0,2024
2024-01-15,Algeria,Angola,1.0,1.0,African Cup of Nations,Bouaké,Ivory Coast,True,Draw,1712.0,1398.0,314.0,2024
2024-01-16,Thailand,Kyrgyzstan,2.0,0.0,AFC Asian Cup,Doha,Qatar,True,Home Win,1384.0,1251.0,133.0,2024
2024-01-16,Tunisia,Namibia,0.0,1.0,African Cup of Nations,Korhogo,Ivory Coast,True,Away Win,1731.0,1414.0,317.0,2024
2024-01-17,Lebanon,China,0.0,0.0,AFC Asian Cup,Doha,Qatar,True,Draw,1311.0,1475.0,-164.0,2024
2024-01-17,Qatar,Tajikistan,1.0,0.0,AFC Asian Cup,Al Khor,Qatar,False,Home Win,1652.0,1321.0,331.0,2024
2024-01-17,Morocco,Tanzania,3.0,0.0,African Cup of Nations,San-Pédro,Ivory Coast,True,Home Win,1879.0,1313.0,566.0,2024
2024-01-17,Honduras,Iceland,0.0,2.0,Friendly,Fort Lauderdale,United States,True,Away Win,1538.0,1517.0,21.0,2024
2024-01-18,Syria,Australia,0.0,1.0,AFC Asian Cup,Doha,Qatar,True,Away Win,1423.0,1776.0,-353.0,2024
2024-01-18,India,Uzbekistan,0.0,3.0,AFC Asian Cup,Al Rayyan,Qatar,True,Away Win,1240.0,1615.0,-375.0,2024
2024-01-18,Egypt,Ghana,2.0,2.0,African Cup of Nations,Abidjan,Ivory Coast,True,Draw,1676.0,1580.0,96.0,2024
2024-01-19,Vietnam,Indonesia,0.0,1.0,AFC Asian Cup,Doha,Qatar,True,Away Win,1425.0,1297.0,128.0,2024
2024-01-19,Guinea,Gambia,1.0,0.0,African Cup of Nations,Yamoussoukro,Ivory Coast,True,Home Win,1444.0,1443.0,1.0,2024
2024-01-19,Iraq,Japan,2.0,1.0,AFC Asian Cup,Al Rayyan,Qatar,True,Home Win,1564.0,1839.0,-275.0,2024
2024-01-19,Kuwait,Uganda,0.0,2.0,Friendly,Cairo,Egypt,True,Away Win,1385.0,1362.0,23.0,2024
2024-01-19,Senegal,Cameroon,3.0,1.0,African Cup of Nations,Yamoussoukro,Ivory Coast,True,Home Win,1754.0,1625.0,129.0,2024
2024-01-20,Bahrain,Malaysia,1.0,0.0,AFC Asian Cup,Doha,Qatar,True,Home Win,1480.0,1256.0,224.0,2024
2024-01-20,Mauritania,Angola,2.0,3.0,African Cup of Nations,Bouaké,Ivory Coast,True,Away Win,1372.0,1398.0,-26.0,2024
2024-01-20,Tunisia,Mali,1.0,1.0,African Cup of Nations,Korhogo,Ivory Coast,True,Draw,1731.0,1631.0,100.0,2024
2024-01-21,Oman,Thailand,0.0,0.0,AFC Asian Cup,Doha,Qatar,True,Draw,1575.0,1384.0,191.0,2024
2024-01-21,Zambia,Tanzania,1.0,1.0,African Cup of Nations,San-Pédro,Ivory Coast,True,Draw,1523.0,1313.0,210.0,2024
2024-01-22,Tajikistan,Lebanon,2.0,1.0,AFC Asian Cup,Doha,Qatar,True,Home Win,1321.0,1311.0,10.0,2024
2024-01-22,Qatar,China,1.0,0.0,AFC Asian Cup,Al Rayyan,Qatar,False,Home Win,1652.0,1475.0,177.0,2024
2024-01-22,Mozambique,Ghana,2.0,2.0,African Cup of Nations,Ebimpé,Ivory Coast,True,Draw,1311.0,1580.0,-269.0,2024
2024-01-22,Guinea-Bissau,Nigeria,0.0,1.0,African Cup of Nations,Abidjan,Ivory Coast,True,Away Win,1411.0,1657.0,-246.0,2024
2024-01-23,Australia,Uzbekistan,1.0,1.0,AFC Asian Cup,Al Wakrah,Qatar,True,Draw,1776.0,1615.0,161.0,2024
2024-01-23,Syria,India,1.0,0.0,AFC Asian Cup,Al Khor,Qatar,True,Home Win,1423.0,1240.0,183.0,2024
2024-01-23,Gambia,Cameroon,2.0,3.0,African Cup of Nations,Bouaké,Ivory Coast,True,Away Win,1443.0,1625.0,-182.0,2024
2024-01-23,Guinea,Senegal,0.0,2.0,African Cup of Nations,Yamoussoukro,Ivory Coast,True,Away Win,1444.0,1754.0,-310.0,2024
2024-01-23,Mauritania,Algeria,1.0,0.0,African Cup of Nations,Bouaké,Ivory Coast,True,Home Win,1372.0,1712.0,-340.0,2024
2024-01-24,Iraq,Vietnam,3.0,2.0,AFC Asian Cup,Doha,Qatar,True,Home Win,1564.0,1425.0,139.0,2024
2024-01-24,Japan,Indonesia,3.0,1.0,AFC Asian Cup,Doha,Qatar,True,Home Win,1839.0,1297.0,542.0,2024
2024-01-24,Namibia,Mali,0.0,0.0,African Cup of Nations,San-Pédro,Ivory Coast,True,Draw,1414.0,1631.0,-217.0,2024
2024-01-24,Zambia,Morocco,0.0,1.0,African Cup of Nations,San-Pédro,Ivory Coast,True,Away Win,1523.0,1879.0,-356.0,2024
2024-01-25,Jordan,Bahrain,0.0,1.0,AFC Asian Cup,Al Rayyan,Qatar,True,Away Win,1592.0,1480.0,112.0,2024
2024-01-25,Kyrgyzstan,Oman,1.0,1.0,AFC Asian Cup,Doha,Qatar,True,Draw,1251.0,1575.0,-324.0,2024
2024-01-27,Angola,Namibia,3.0,0.0,African Cup of Nations,Bouaké,Ivory Coast,True,Home Win,1398.0,1414.0,-16.0,2024
2024-01-27,Nigeria,Cameroon,2.0,0.0,African Cup of Nations,Abidjan,Ivory Coast,True,Home Win,1657.0,1625.0,32.0,2024
2024-01-28,Australia,Indonesia,4.0,0.0,AFC Asian Cup,Doha,Qatar,True,Home Win,1776.0,1297.0,479.0,2024
2024-01-29,Iraq,Jordan,2.0,3.0,AFC Asian Cup,Al Rayyan,Qatar,True,Away Win,1564.0,1519.0,45.0,2024
2024-01-29,Qatar,Palestine,2.0,1.0,AFC Asian Cup,Al Khor,Qatar,False,Home Win,1652.0,1432.0,220.0,2024
2024-01-30,Uzbekistan,Thailand,2.0,1.0,AFC Asian Cup,Al Wakrah,Qatar,True,Home Win,1615.0,1431.0,184.0,2024
2024-01-31,Bahrain,Japan,1.0,3.0,AFC Asian Cup,Doha,Qatar,True,Away Win,1466.0,1839.0,-373.0,2024
2024-01-31,Iran,Syria,1.0,1.0,AFC Asian Cup,Doha,Qatar,True,Draw,1777.0,1423.0,354.0,2024
2024-02-02,Tajikistan,Jordan,0.0,1.0,AFC Asian Cup,Al Rayyan,Qatar,True,Away Win,1321.0,1519.0,-198.0,2024
2024-02-02,Nigeria,Angola,1.0,0.0,African Cup of Nations,Abidjan,Ivory Coast,True,Home Win,1657.0,1398.0,259.0,2024
2024-02-03,Iran,Japan,2.0,1.0,AFC Asian Cup,Al Rayyan,Qatar,True,Home Win,1777.0,1839.0,-62.0,2024
2024-02-03,Qatar,Uzbekistan,1.0,1.0,AFC Asian Cup,Al Khor,Qatar,False,Draw,1652.0,1615.0,37.0,2024
2024-02-07,Qatar,Iran,3.0,2.0,AFC Asian Cup,Doha,Qatar,False,Home Win,1652.0,1777.0,-125.0,2024
2024-02-10,Qatar,Jordan,3.0,1.0,AFC Asian Cup,Lusail,Qatar,False,Home Win,1652.0,1519.0,133.0,2024
2024-03-14,Kazakhstan,Turkmenistan,2.0,0.0,Friendly,Dubai,United Arab Emirates,True,Home Win,1486.0,1250.0,236.0,2024
2024-03-20,Djibouti,Liberia,0.0,2.0,African Cup of Nations qualification,Marrakesh,Morocco,True,Away Win,752.0,1270.0,-518.0,2024
2024-03-20,Tonga,Samoa,1.0,4.0,Oceania Nations Cup qualification,Nuku'alofa,Tonga,False,Away Win,546.0,677.0,-131.0,2024
2024-03-21,Guinea,Vanuatu,6.0,0.0,FIFA Series,Jeddah,Saudi Arabia,True,Home Win,1444.0,1129.0,315.0,2024
2024-03-21,Panama,Mexico,0.0,3.0,CONCACAF Nations League,Arlington,United States,True,Away Win,1670.0,1792.0,-122.0,2024
2024-03-21,Oman,Malaysia,2.0,0.0,FIFA World Cup qualification,Muscat,Oman,False,Home Win,1518.0,1291.0,227.0,2024
2024-03-21,Poland,Estonia,5.0,1.0,UEFA Euro qualification,Warsaw,Poland,False,Home Win,1707.0,1447.0,260.0,2024
2024-03-21,Wales,Finland,4.0,1.0,UEFA Euro qualification,Cardiff,Wales,False,Home Win,1733.0,1641.0,92.0,2024
2024-03-21,Israel,Iceland,1.0,4.0,UEFA Euro qualification,Budapest,Hungary,True,Away Win,1601.0,1517.0,84.0,2024
2024-03-21,Georgia,Luxembourg,2.0,0.0,UEFA Euro qualification,Tbilisi,Georgia,False,Home Win,1629.0,1454.0,175.0,2024
2024-03-21,Greece,Kazakhstan,5.0,0.0,UEFA Euro qualification,Athens,Greece,False,Home Win,1714.0,1486.0,228.0,2024
2024-03-21,Qatar,Kuwait,3.0,0.0,FIFA World Cup qualification,Doha,Qatar,False,Home Win,1652.0,1385.0,267.0,2024
2024-03-21,Afghanistan,India,0.0,0.0,FIFA World Cup qualification,Abha,Saudi Arabia,True,Draw,1082.0,1240.0,-158.0,2024
2024-03-21,Myanmar,Syria,1.0,1.0,FIFA World Cup qualification,Yangon,Myanmar,False,Draw,928.0,1423.0,-495.0,2024
2024-03-21,Singapore,China,2.0,2.0,FIFA World Cup qualification,Kallang,Singapore,False,Draw,1132.0,1475.0,-343.0,2024
2024-03-21,Taiwan,Kyrgyzstan,0.0,2.0,FIFA World Cup qualification,Taipei,Taiwan,False,Away Win,927.0,1253.0,-326.0,2024
2024-03-21,Gibraltar,Lithuania,0.0,1.0,UEFA Nations League,Faro-Loulé,Portugal,True,Away Win,1060.0,1255.0,-195.0,2024
2024-03-21,Montenegro,Belarus,2.0,0.0,Friendly,Antalya,Turkey,True,Home Win,1553.0,1416.0,137.0,2024
2024-03-21,Indonesia,Vietnam,1.0,0.0,FIFA World Cup qualification,Jakarta,Indonesia,False,Home Win,1297.0,1425.0,-128.0,2024
2024-03-21,Iraq,Philippines,1.0,0.0,FIFA World Cup qualification,Basra,Iraq,False,Home Win,1564.0,1046.0,518.0,2024
2024-03-21,Pakistan,Jordan,0.0,3.0,FIFA World Cup qualification,Islamabad,Pakistan,False,Away Win,819.0,1519.0,-700.0,2024
2024-03-21,Bahrain,Nepal,5.0,0.0,FIFA World Cup qualification,Riffa,Bahrain,False,Home Win,1466.0,912.0,554.0,2024
2024-03-21,Australia,Lebanon,2.0,0.0,FIFA World Cup qualification,Sydney,Australia,False,Home Win,1776.0,1311.0,465.0,2024
2024-03-21,Palestine,Bangladesh,5.0,0.0,FIFA World Cup qualification,Kuwait City,Kuwait,True,Home Win,1432.0,912.0,520.0,2024
2024-03-21,Cyprus,Latvia,1.0,1.0,Friendly,Larnaca,Cyprus,False,Draw,1323.0,1356.0,-33.0,2024
2024-03-21,Ecuador,Guatemala,2.0,0.0,Friendly,Harrison,United States,True,Home Win,1879.0,1496.0,383.0,2024
2024-03-21,Ethiopia,Lesotho,1.0,2.0,Friendly,Addis Ababa,Ethiopia,False,Away Win,1352.0,1229.0,123.0,2024
2024-03-21,Malta,Slovenia,2.0,2.0,Friendly,Ta' Qali,Malta,False,Draw,1250.0,1705.0,-455.0,2024
2024-03-21,Iran,Turkmenistan,5.0,0.0,FIFA World Cup qualification,Tehran,Iran,False,Home Win,1777.0,1250.0,527.0,2024
2024-03-21,Portugal,Sweden,5.0,2.0,Friendly,Guimarães,Portugal,False,Home Win,1998.0,1722.0,276.0,2024
2024-03-21,Venezuela,Italy,1.0,2.0,Friendly,Fort Lauderdale,United States,True,Away Win,1728.0,1943.0,-215.0,2024
2024-03-22,Armenia,Kosovo,0.0,1.0,Friendly,Yerevan,Armenia,False,Away Win,1470.0,1491.0,-21.0,2024
2024-03-22,Albania,Chile,0.0,3.0,Friendly,Parma,Italy,True,Away Win,1649.0,1739.0,-90.0,2024
2024-03-22,Brunei,Bermuda,0.0,2.0,FIFA Series,Jeddah,Saudi Arabia,True,Away Win,601.0,1175.0,-574.0,2024
2024-03-22,Mauritania,Mali,0.0,2.0,Friendly,Marrakesh,Morocco,True,Away Win,1372.0,1631.0,-259.0,2024
2024-03-22,Azerbaijan,Mongolia,1.0,0.0,FIFA Series,Baku,Azerbaijan,False,Home Win,1399.0,805.0,594.0,2024
2024-03-22,Algeria,Bolivia,3.0,2.0,FIFA Series,Algiers,Algeria,False,Home Win,1712.0,1584.0,128.0,2024
2024-03-22,Hungary,Turkey,1.0,0.0,Friendly,Budapest,Hungary,False,Home Win,1825.0,1742.0,83.0,2024
2024-03-22,Bulgaria,Tanzania,1.0,0.0,FIFA Series,Baku,Azerbaijan,True,Home Win,1520.0,1313.0,207.0,2024
2024-03-22,Comoros,Uganda,4.0,0.0,Friendly,Marrakesh,Morocco,True,Home Win,1241.0,1362.0,-121.0,2024
2024-03-22,Netherlands,Scotland,4.0,0.0,Friendly,Amsterdam,Netherlands,False,Home Win,2003.0,1817.0,186.0,2024
2024-03-22,Peru,Nicaragua,2.0,0.0,Friendly,Lima,Peru,False,Home Win,1798.0,1344.0,454.0,2024
2024-03-22,Spain,Colombia,0.0,1.0,Friendly,London,England,True,Away Win,2017.0,1939.0,78.0,2024
2024-03-22,Senegal,Gabon,3.0,0.0,Friendly,Amiens,France,True,Home Win,1754.0,1494.0,260.0,2024
2024-03-22,Chad,Mauritius,1.0,0.0,African Cup of Nations qualification,Yaoundé,Cameroon,True,Home Win,1178.0,1029.0,149.0,2024
2024-03-22,Norway,Czechia,1.0,2.0,Friendly,Oslo,Norway,False,Away Win,1755.0,1753.0,2.0,2024
2024-03-22,Nigeria,Ghana,2.0,1.0,Friendly,Marrakesh,Morocco,True,Home Win,1657.0,1580.0,77.0,2024
2024-03-22,Niger,Togo,1.0,2.0,Friendly,Mohammedia,Morocco,True,Away Win,1239.0,1319.0,-80.0,2024
2024-03-22,Morocco,Angola,1.0,0.0,Friendly,Agadir,Morocco,False,Home Win,1879.0,1398.0,481.0,2024
2024-03-23,Tunisia,Croatia,0.0,0.0,FIFA Series,Cairo,Egypt,True,Draw,1731.0,1978.0,-247.0,2024
2024-03-23,Denmark,Switzerland,0.0,0.0,Friendly,Copenhagen,Denmark,False,Draw,1877.0,1890.0,-13.0,2024
2024-03-23,England,Brazil,0.0,1.0,Friendly,London,England,False,Away Win,2030.0,2090.0,-60.0,2024
2024-03-23,France,Germany,0.0,2.0,Friendly,Lyon,France,False,Away Win,2073.0,1950.0,123.0,2024
2024-03-23,Ireland,Belgium,0.0,0.0,Friendly,Dublin,Republic of Ireland,False,Draw,1689.0,1987.0,-298.0,2024
2024-03-23,Slovakia,Austria,0.0,2.0,Friendly,Bratislava,Slovakia,False,Away Win,1567.0,1729.0,-162.0,2024
2024-03-24,Ecuador,Italy,0.0,2.0,Friendly,Harrison,United States,True,Away Win,1886.0,1942.0,-56.0,2024
2024-03-24,Guatemala,Venezuela,0.0,0.0,Friendly,Houston,United States,True,Draw,1481.0,1750.0,-269.0,2024
2024-03-24,Jamaica,Panama,1.0,0.0,CONCACAF Nations League,Arlington,United States,True,Home Win,1610.0,1733.0,-123.0,2024
2024-03-24,Suriname,Martinique,1.0,1.0,Friendly,Almere,Netherlands,True,Draw,1291.0,1451.0,-160.0,2024
2024-03-24,Ethiopia,Lesotho,2.0,1.0,Friendly,Addis Ababa,Ethiopia,False,Home Win,1285.0,1252.0,33.0,2024
2024-03-25,Gabon,Congo,1.0,1.0,Friendly,Chambly,France,True,Draw,1494.0,1266.0,228.0,2024
2024-03-25,Sweden,Albania,1.0,0.0,Friendly,Stockholm,Sweden,False,Home Win,1691.0,1649.0,42.0,2024
2024-03-25,Bolivia,Andorra,1.0,0.0,FIFA Series,Annaba,Algeria,True,Home Win,1584.0,1115.0,469.0,2024
2024-03-25,Azerbaijan,Bulgaria,1.0,1.0,FIFA Series,Baku,Azerbaijan,False,Draw,1399.0,1520.0,-121.0,2024
2024-03-25,Tanzania,Mongolia,3.0,0.0,FIFA Series,Baku,Azerbaijan,True,Home Win,1313.0,805.0,508.0,2024
2024-03-25,Bermuda,Guinea,1.0,5.0,FIFA Series,Jeddah,Saudi Arabia,True,Away Win,1175.0,1468.0,-293.0,2024
2024-03-25,Comoros,Angola,0.0,0.0,Friendly,Marrakesh,Morocco,True,Draw,1241.0,1398.0,-157.0,2024
2024-03-25,Cyprus,Serbia,0.0,1.0,Friendly,Larnaca,Cyprus,False,Away Win,1320.0,1786.0,-466.0,2024
2024-03-26,Ukraine,Iceland,2.0,1.0,UEFA Euro qualification,Wrocław,Poland,True,Home Win,1857.0,1550.0,307.0,2024
2024-03-26,Wales,Poland,0.0,0.0,UEFA Euro qualification,Cardiff,Wales,False,Draw,1715.0,1714.0,1.0,2024
2024-03-26,Lithuania,Gibraltar,1.0,0.0,UEFA Nations League,Kaunas,Lithuania,False,Home Win,1326.0,1051.0,275.0,2024
2024-03-26,Syria,Myanmar,7.0,0.0,FIFA World Cup qualification,Dammam,Saudi Arabia,True,Home Win,1444.0,926.0,518.0,2024
2024-03-26,Cambodia,Guyana,1.0,4.0,FIFA Series,Jeddah,Saudi Arabia,True,Away Win,867.0,1268.0,-401.0,2024
2024-03-26,Egypt,Croatia,2.0,4.0,FIFA Series,Cairo,Egypt,False,Away Win,1676.0,1978.0,-302.0,2024
2024-03-26,Georgia,Greece,0.0,0.0,UEFA Euro qualification,Tbilisi,Georgia,False,Draw,1650.0,1738.0,-88.0,2024
2024-03-26,Brunei,Vanuatu,3.0,2.0,FIFA Series,Jeddah,Saudi Arabia,True,Home Win,601.0,1074.0,-473.0,2024
2024-03-26,India,Afghanistan,1.0,2.0,FIFA World Cup qualification,Guwahati,India,False,Away Win,1228.0,1085.0,143.0,2024
2024-03-26,Turkmenistan,Iran,0.0,1.0,FIFA World Cup qualification,Ashgabat,Turkmenistan,False,Away Win,1216.0,1816.0,-600.0,2024
2024-03-26,Kuwait,Qatar,1.0,2.0,FIFA World Cup qualification,Al Farwaniyah,Kuwait,False,Away Win,1340.0,1638.0,-298.0,2024
2024-03-26,China,Singapore,4.0,1.0,FIFA World Cup qualification,Tianjin,China,False,Home Win,1400.0,1127.0,273.0,2024
2024-03-26,Kyrgyzstan,Taiwan,5.0,1.0,FIFA World Cup qualification,Bishkek,Kyrgyzstan,False,Home Win,1266.0,912.0,354.0,2024
2024-03-26,Malaysia,Oman,0.0,2.0,FIFA World Cup qualification,Kuala Lumpur,Malaysia,False,Away Win,1285.0,1526.0,-241.0,2024
2024-03-26,Bangladesh,Palestine,0.0,1.0,FIFA World Cup qualification,Dhaka,Bangladesh,False,Away Win,939.0,1417.0,-478.0,2024
2024-03-26,Philippines,Iraq,0.0,5.0,FIFA World Cup qualification,Manila,Philippines,False,Away Win,1052.0,1640.0,-588.0,2024
2024-03-26,Jordan,Pakistan,7.0,0.0,FIFA World Cup qualification,Amman,Jordan,False,Home Win,1599.0,828.0,771.0,2024
2024-03-26,Bahrain,Nepal,3.0,0.0,FIFA World Cup qualification,Riffa,Bahrain,False,Home Win,1461.0,894.0,567.0,2024
2024-03-26,Australia,Lebanon,5.0,0.0,FIFA World Cup qualification,Canberra,Australia,False,Home Win,1767.0,1284.0,483.0,2024
2024-03-26,Vietnam,Indonesia,0.0,3.0,FIFA World Cup qualification,Hanoi,Vietnam,False,Away Win,1318.0,1297.0,21.0,2024
2024-03-26,Finland,Estonia,2.0,1.0,Friendly,Helsinki,Finland,False,Home Win,1621.0,1357.0,264.0,2024
2024-03-26,Nicaragua,Cuba,0.0,1.0,Friendly,Managua,Nicaragua,False,Away Win,1344.0,1305.0,39.0,2024
2024-03-26,Latvia,Liechtenstein,1.0,1.0,Friendly,Larnaca,Cyprus,True,Draw,1349.0,977.0,372.0,2024
2024-03-26,Hungary,Kosovo,2.0,0.0,Friendly,Budapest,Hungary,False,Home Win,1825.0,1491.0,334.0,2024
2024-03-26,Germany,Netherlands,2.0,1.0,Friendly,Frankfurt,Germany,False,Home Win,1950.0,2003.0,-53.0,2024
2024-03-26,Mauritius,Chad,1.0,2.0,African Cup of Nations qualification,Saint Pierre,Mauritius,False,Away Win,1029.0,1178.0,-149.0,2024
2024-03-26,England,Belgium,2.0,2.0,Friendly,London,England,False,Draw,2030.0,1987.0,43.0,2024
2024-03-26,Czechia,Armenia,2.0,1.0,Friendly,Prague,Czech Republic,False,Home Win,1753.0,1470.0,283.0,2024
2024-03-26,Malta,Belarus,0.0,0.0,Friendly,Ta' Qali,Malta,False,Draw,1258.0,1457.0,-199.0,2024
2024-03-26,France,Chile,3.0,2.0,Friendly,Marseille,France,False,Home Win,2073.0,1739.0,334.0,2024
2024-03-26,Austria,Turkey,6.0,1.0,Friendly,Vienna,Austria,False,Home Win,1729.0,1742.0,-13.0,2024
2024-03-26,Morocco,Mauritania,0.0,0.0,Friendly,Agadir,Morocco,False,Draw,1879.0,1372.0,507.0,2024
2024-03-26,Norway,Slovakia,1.0,1.0,Friendly,Oslo,Norway,False,Draw,1755.0,1567.0,188.0,2024
2024-03-26,Ireland,Switzerland,0.0,1.0,Friendly,Dublin,Republic of Ireland,False,Away Win,1689.0,1890.0,-201.0,2024
2024-03-26,Senegal,Benin,1.0,0.0,Friendly,Amiens,France,True,Home Win,1754.0,1476.0,278.0,2024
2024-03-26,Slovenia,Portugal,2.0,0.0,Friendly,Ljubljana,Slovenia,False,Home Win,1716.0,2035.0,-319.0,2024
2024-03-26,Colombia,Romania,3.0,2.0,Friendly,Madrid,Spain,True,Home Win,1939.0,1629.0,310.0,2024
2024-03-26,Liberia,Djibouti,0.0,0.0,African Cup of Nations qualification,Monrovia,Liberia,False,Draw,1270.0,752.0,518.0,2024
2024-03-26,Spain,Brazil,3.0,3.0,Friendly,Madrid,Spain,False,Draw,2017.0,2090.0,-73.0,2024
2024-04-26,Guatemala,Nicaragua,1.0,1.0,Friendly,San Jose,United States,True,Draw,1481.0,1344.0,137.0,2024
2024-05-31,Bolivia,Mexico,0.0,1.0,Friendly,Chicago,United States,True,Away Win,1584.0,1826.0,-242.0,2024
2024-06-02,Indonesia,Tanzania,0.0,0.0,Friendly,Jakarta,Indonesia,False,Draw,1297.0,1313.0,-16.0,2024
2024-06-03,Albania,Liechtenstein,3.0,0.0,Friendly,Szombathely,Hungary,True,Home Win,1649.0,977.0,672.0,2024
2024-06-03,Germany,Ukraine,0.0,0.0,Friendly,Nuremberg,Germany,False,Draw,1950.0,1857.0,93.0,2024
2024-06-03,Gibraltar,Scotland,0.0,2.0,Friendly,Faro-Loulé,Portugal,True,Away Win,1051.0,1817.0,-766.0,2024
2024-06-04,Austria,Serbia,2.0,1.0,Friendly,Vienna,Austria,False,Home Win,1729.0,1786.0,-57.0,2024
2024-06-04,Italy,Turkey,0.0,0.0,Friendly,Bologna,Italy,False,Draw,1942.0,1742.0,200.0,2024
2024-06-04,Portugal,Finland,4.0,2.0,Friendly,Lisbon,Portugal,False,Home Win,2035.0,1621.0,414.0,2024
2024-06-04,Ireland,Hungary,2.0,1.0,Friendly,Dublin,Republic of Ireland,False,Home Win,1689.0,1825.0,-136.0,2024
2024-06-04,Romania,Bulgaria,0.0,0.0,Friendly,Bucharest,Romania,False,Draw,1629.0,1520.0,109.0,2024
2024-06-04,Slovenia,Armenia,2.0,1.0,Friendly,Ljubljana,Slovenia,False,Home Win,1716.0,1470.0,246.0,2024
2024-06-04,Switzerland,Estonia,4.0,0.0,Friendly,Lucerne,Switzerland,False,Home Win,1890.0,1357.0,533.0,2024
2024-06-05,Belgium,Montenegro,2.0,0.0,Friendly,Brussels,Belgium,False,Home Win,1987.0,1561.0,426.0,2024
2024-06-05,Denmark,Sweden,2.0,1.0,Friendly,Copenhagen,Denmark,False,Home Win,1877.0,1691.0,186.0,2024
2024-06-05,France,Luxembourg,3.0,0.0,Friendly,Metz,France,False,Home Win,2073.0,1507.0,566.0,2024
2024-06-05,Mexico,Uruguay,0.0,4.0,Friendly,Denver,United States,True,Away Win,1826.0,1914.0,-88.0,2024
2024-06-05,Norway,Kosovo,3.0,0.0,Friendly,Oslo,Norway,False,Home Win,1755.0,1491.0,264.0,2024
2024-06-05,Spain,Andorra,5.0,0.0,Friendly,Badajoz,Spain,False,Home Win,2017.0,1115.0,902.0,2024
2024-06-05,Namibia,Liberia,1.0,1.0,FIFA World Cup qualification,Johannesburg,South Africa,True,Draw,1414.0,1270.0,144.0,2024
2024-06-05,Curaçao,Barbados,4.0,1.0,FIFA World Cup qualification,Willemstad,Curaçao,False,Home Win,1351.0,955.0,396.0,2024
2024-06-05,Nicaragua,Montserrat,4.0,1.0,FIFA World Cup qualification,Managua,Nicaragua,False,Home Win,1344.0,1003.0,341.0,2024
2024-06-05,Guatemala,Dominica,6.0,0.0,FIFA World Cup qualification,Guatemala City,Guatemala,False,Home Win,1481.0,981.0,500.0,2024
2024-06-06,China,Thailand,1.0,1.0,FIFA World Cup qualification,Shenyang,China,False,Draw,1400.0,1437.0,-37.0,2024
2024-06-06,Gibraltar,Wales,0.0,0.0,Friendly,Faro-Loulé,Portugal,True,Draw,1051.0,1715.0,-664.0,2024
2024-06-06,Netherlands,Canada,4.0,0.0,Friendly,Rotterdam,Netherlands,False,Home Win,2003.0,1724.0,279.0,2024
2024-06-06,Mauritania,Sudan,0.0,2.0,FIFA World Cup qualification,Nouakchott,Mauritania,False,Away Win,1372.0,1296.0,76.0,2024
2024-06-06,Benin,Rwanda,1.0,0.0,FIFA World Cup qualification,Abidjan,Ivory Coast,True,Home Win,1476.0,1271.0,205.0,2024
2024-06-06,Libya,Mauritius,2.0,1.0,FIFA World Cup qualification,Benghazi,Libya,False,Home Win,1347.0,1029.0,318.0,2024
2024-06-06,Algeria,Guinea,1.0,2.0,FIFA World Cup qualification,Algiers,Algeria,False,Away Win,1712.0,1468.0,244.0,2024
2024-06-06,Mali,Ghana,1.0,2.0,FIFA World Cup qualification,Bamako,Mali,False,Away Win,1631.0,1580.0,51.0,2024
2024-06-06,Afghanistan,Qatar,0.0,0.0,FIFA World Cup qualification,Al Hofuf,Saudi Arabia,True,Draw,1085.0,1638.0,-553.0,2024
2024-06-06,India,Kuwait,0.0,0.0,FIFA World Cup qualification,Kolkata,India,False,Draw,1228.0,1340.0,-112.0,2024
2024-06-06,Myanmar,Japan,0.0,5.0,FIFA World Cup qualification,Yangon,Myanmar,False,Away Win,926.0,1852.0,-926.0,2024
2024-06-06,Palestine,Lebanon,0.0,0.0,FIFA World Cup qualification,Doha,Qatar,True,Draw,1417.0,1284.0,133.0,2024
2024-06-06,Taiwan,Oman,0.0,3.0,FIFA World Cup qualification,Taipei,Taiwan,False,Away Win,912.0,1526.0,-614.0,2024
2024-06-06,Kyrgyzstan,Malaysia,1.0,1.0,FIFA World Cup qualification,Bishkek,Kyrgyzstan,False,Draw,1266.0,1285.0,-19.0,2024
2024-06-06,Uzbekistan,Turkmenistan,3.0,1.0,FIFA World Cup qualification,Tashkent,Uzbekistan,False,Home Win,1667.0,1216.0,451.0,2024
2024-06-06,Indonesia,Iraq,0.0,2.0,FIFA World Cup qualification,Jakarta,Indonesia,False,Away Win,1297.0,1640.0,-343.0,2024
2024-06-06,Vietnam,Philippines,3.0,2.0,FIFA World Cup qualification,Hanoi,Vietnam,False,Home Win,1318.0,1052.0,266.0,2024
2024-06-06,Jordan,Tajikistan,3.0,0.0,FIFA World Cup qualification,Amman,Jordan,False,Home Win,1599.0,1380.0,219.0,2024
2024-06-06,Bahrain,Yemen,0.0,0.0,FIFA World Cup qualification,Riffa,Bahrain,False,Draw,1461.0,1101.0,360.0,2024
2024-06-06,Bangladesh,Australia,0.0,2.0,FIFA World Cup qualification,Dhaka,Bangladesh,False,Away Win,939.0,1767.0,-828.0,2024
2024-06-06,Honduras,Cuba,3.0,1.0,FIFA World Cup qualification,Tegucigalpa,Honduras,False,Home Win,1538.0,1305.0,233.0,2024
2024-06-06,Panama,Guyana,2.0,0.0,FIFA World Cup qualification,Panama City,Panama,False,Home Win,1733.0,1268.0,465.0,2024
2024-06-06,Guinea-Bissau,Ethiopia,0.0,0.0,FIFA World Cup qualification,Bissau,Guinea-Bissau,False,Draw,1411.0,1285.0,126.0,2024
2024-06-07,Czechia,Malta,7.0,1.0,Friendly,Grödig,Austria,True,Home Win,1753.0,1258.0,495.0,2024
2024-06-07,England,Iceland,0.0,1.0,Friendly,London,England,False,Away Win,2030.0,1550.0,480.0,2024
2024-06-07,Cambodia,Mongolia,2.0,0.0,Friendly,Phnom Penh,Cambodia,False,Home Win,867.0,805.0,62.0,2024
2024-06-07,Germany,Greece,2.0,1.0,Friendly,Mönchengladbach,Germany,False,Home Win,1950.0,1738.0,212.0,2024
2024-06-07,Armenia,Kazakhstan,2.0,1.0,Friendly,Yerevan,Armenia,False,Home Win,1470.0,1477.0,-7.0,2024
2024-06-07,Albania,Azerbaijan,3.0,1.0,Friendly,Szombathely,Hungary,True,Home Win,1649.0,1399.0,250.0,2024
2024-06-07,Belarus,Russia,0.0,4.0,Friendly,Minsk,Belarus,False,Away Win,1457.0,1773.0,-316.0,2024
2024-06-07,Peru,Paraguay,0.0,0.0,Friendly,Lima,Peru,False,Draw,1798.0,1703.0,95.0,2024
2024-06-07,Poland,Ukraine,3.0,1.0,Friendly,Warsaw,Poland,False,Home Win,1714.0,1857.0,-143.0,2024
2024-06-07,Romania,Liechtenstein,0.0,0.0,Friendly,Bucharest,Romania,False,Draw,1629.0,977.0,652.0,2024
2024-06-07,Scotland,Finland,2.0,2.0,Friendly,Glasgow,Scotland,False,Draw,1817.0,1621.0,196.0,2024
2024-06-07,Madagascar,Comoros,2.0,1.0,FIFA World Cup qualification,Johannesburg,South Africa,True,Home Win,1288.0,1241.0,47.0,2024
2024-06-07,Uganda,Botswana,1.0,0.0,FIFA World Cup qualification,Kira,Uganda,False,Home Win,1362.0,1326.0,36.0,2024
2024-06-07,Zimbabwe,Lesotho,0.0,2.0,FIFA World Cup qualification,Johannesburg,South Africa,True,Away Win,1333.0,1252.0,81.0,2024
2024-06-07,Kenya,Burundi,1.0,1.0,FIFA World Cup qualification,Lilongwe,Malawi,True,Draw,1371.0,1246.0,125.0,2024
2024-06-07,Angola,Eswatini,1.0,0.0,FIFA World Cup qualification,Luanda,Angola,False,Home Win,1398.0,1269.0,129.0,2024
2024-06-07,Morocco,Zambia,2.0,1.0,FIFA World Cup qualification,Agadir,Morocco,False,Home Win,1879.0,1523.0,356.0,2024
2024-06-08,Portugal,Croatia,1.0,2.0,Friendly,Oeiras,Portugal,False,Away Win,2035.0,1978.0,57.0,2024
2024-06-08,Latvia,Lithuania,0.0,2.0,Baltic Cup,Liepāja,Latvia,False,Away Win,1349.0,1326.0,23.0,2024
2024-06-08,Belgium,Luxembourg,3.0,0.0,Friendly,Brussels,Belgium,False,Home Win,1987.0,1507.0,480.0,2024
2024-06-08,Denmark,Norway,3.0,1.0,Friendly,Brondbyvester,Denmark,False,Home Win,1877.0,1755.0,122.0,2024
2024-06-08,Hungary,Israel,3.0,0.0,Friendly,Debrecen,Hungary,False,Home Win,1825.0,1557.0,268.0,2024
2024-06-08,Mexico,Brazil,2.0,3.0,Friendly,College Station,United States,True,Away Win,1826.0,2090.0,-264.0,2024
2024-06-08,Switzerland,Austria,1.0,1.0,Friendly,St. Gallen,Switzerland,False,Draw,1890.0,1729.0,161.0,2024
2024-06-08,Sweden,Serbia,0.0,3.0,Friendly,Stockholm,Sweden,False,Away Win,1691.0,1786.0,-95.0,2024
2024-06-08,Gambia,Seychelles,5.0,1.0,FIFA World Cup qualification,Berkane,Morocco,True,Home Win,1443.0,859.0,584.0,2024
2024-06-08,Aruba,Curaçao,0.0,2.0,FIFA World Cup qualification,Oranjestad,Aruba,False,Away Win,935.0,1351.0,-416.0,2024
2024-06-08,Belize,Nicaragua,0.0,4.0,FIFA World Cup qualification,Belmopan,Belize,False,Away Win,1057.0,1344.0,-287.0,2024
2024-06-08,Anguilla,Suriname,0.0,4.0,FIFA World Cup qualification,The Valley,Anguilla,False,Away Win,578.0,1291.0,-713.0,2024
2024-06-08,Slovenia,Bulgaria,1.0,1.0,Friendly,Ljubljana,Slovenia,False,Draw,1716.0,1520.0,196.0,2024
2024-06-09,Montenegro,Georgia,1.0,3.0,Friendly,Podgorica,Montenegro,False,Away Win,1561.0,1650.0,-89.0,2024
2024-06-09,Mauritania,Senegal,0.0,1.0,FIFA World Cup qualification,Nouakchott,Mauritania,False,Away Win,1372.0,1754.0,-382.0,2024
2024-06-09,Argentina,Ecuador,1.0,0.0,Friendly,Chicago,United States,True,Home Win,2159.0,1886.0,273.0,2024
2024-06-09,France,Canada,0.0,0.0,Friendly,Bordeaux,France,False,Draw,2073.0,1724.0,349.0,2024
2024-06-09,Slovakia,Wales,4.0,0.0,Friendly,Trnava,Slovakia,False,Home Win,1567.0,1715.0,-148.0,2024
2024-06-09,Namibia,Tunisia,0.0,0.0,FIFA World Cup qualification,Johannesburg,South Africa,True,Draw,1414.0,1731.0,-317.0,2024
2024-06-09,Barbados,Haiti,1.0,3.0,FIFA World Cup qualification,Bridgetown,Barbados,False,Away Win,955.0,1513.0,-558.0,2024
2024-06-09,Montserrat,Panama,1.0,3.0,FIFA World Cup qualification,Managua,Nicaragua,True,Away Win,1003.0,1733.0,-730.0,2024
2024-06-09,Dominica,Jamaica,2.0,3.0,FIFA World Cup qualification,Roseau,Dominica,False,Away Win,981.0,1610.0,-629.0,2024
2024-06-09,Bermuda,Honduras,1.0,6.0,FIFA World Cup qualification,Hamilton,Bermuda,False,Away Win,1175.0,1538.0,-363.0,2024
2024-06-09,Djibouti,Ethiopia,1.0,1.0,FIFA World Cup qualification,El Jadida,Morocco,True,Draw,752.0,1285.0,-533.0,2024
2024-06-10,Benin,Nigeria,2.0,1.0,FIFA World Cup qualification,Abidjan,Ivory Coast,True,Home Win,1476.0,1657.0,-181.0,2024
2024-06-10,Netherlands,Iceland,4.0,0.0,Friendly,Rotterdam,Netherlands,False,Home Win,2003.0,1550.0,453.0,2024
2024-06-10,Poland,Turkey,2.0,1.0,Friendly,Warsaw,Poland,False,Home Win,1714.0,1742.0,-28.0,2024
2024-06-10,Guinea-Bissau,Egypt,1.0,1.0,FIFA World Cup qualification,Bissau,Guinea-Bissau,False,Draw,1411.0,1676.0,-265.0,2024
2024-06-10,Uganda,Algeria,1.0,2.0,FIFA World Cup qualification,Kira,Uganda,False,Away Win,1362.0,1712.0,-350.0,2024
2024-06-10,Guinea,Mozambique,0.0,1.0,FIFA World Cup qualification,El Jadida,Morocco,True,Away Win,1468.0,1311.0,157.0,2024
2024-06-11,Greece,Malta,2.0,0.0,Friendly,Grödig,Austria,True,Home Win,1738.0,1258.0,480.0,2024
2024-06-11,Mongolia,Cambodia,2.0,1.0,Friendly,Ulaanbaatar,Mongolia,False,Home Win,805.0,867.0,-62.0,2024
2024-06-11,Lithuania,Estonia,1.0,1.0,Baltic Cup,Kaunas,Lithuania,False,Draw,1326.0,1357.0,-31.0,2024
2024-06-11,Madagascar,Mali,0.0,0.0,FIFA World Cup qualification,Johannesburg,South Africa,True,Draw,1288.0,1631.0,-343.0,2024
2024-06-11,Israel,Belarus,4.0,0.0,Friendly,Budapest,Hungary,True,Home Win,1557.0,1457.0,100.0,2024
2024-06-11,Chile,Paraguay,3.0,0.0,Friendly,Santiago,Chile,False,Home Win,1739.0,1703.0,36.0,2024
2024-06-11,Morocco,Congo,6.0,0.0,FIFA World Cup qualification,Agadir,Morocco,False,Home Win,1879.0,1266.0,613.0,2024
2024-06-11,Portugal,Ireland,3.0,0.0,Friendly,Aveiro,Portugal,False,Home Win,2035.0,1689.0,346.0,2024
2024-06-11,Lesotho,Rwanda,0.0,1.0,FIFA World Cup qualification,Durban,South Africa,True,Away Win,1252.0,1271.0,-19.0,2024
2024-06-11,Mauritius,Eswatini,2.0,1.0,FIFA World Cup qualification,Saint Pierre,Mauritius,False,Home Win,1029.0,1269.0,-240.0,2024
2024-06-11,Zambia,Tanzania,0.0,1.0,FIFA World Cup qualification,Ndola,Zambia,False,Away Win,1523.0,1313.0,210.0,2024
2024-06-11,Gabon,Gambia,3.0,2.0,FIFA World Cup qualification,Franceville,Gabon,False,Home Win,1494.0,1443.0,51.0,2024
2024-06-11,Azerbaijan,Kazakhstan,3.0,2.0,Friendly,Szombathely,Hungary,True,Home Win,1399.0,1477.0,-78.0,2024
2024-06-11,Seychelles,Burundi,1.0,3.0,FIFA World Cup qualification,Berkane,Morocco,True,Away Win,859.0,1246.0,-387.0,2024
2024-06-11,Tajikistan,Pakistan,3.0,0.0,FIFA World Cup qualification,Dushanbe,Tajikistan,False,Home Win,1380.0,828.0,552.0,2024
2024-06-11,Chad,Comoros,0.0,2.0,FIFA World Cup qualification,Oujda,Morocco,True,Away Win,1178.0,1241.0,-63.0,2024
2024-06-11,Thailand,Singapore,3.0,1.0,FIFA World Cup qualification,Bangkok,Thailand,False,Home Win,1437.0,1127.0,310.0,2024
2024-06-11,Angola,Cameroon,1.0,1.0,FIFA World Cup qualification,Luanda,Angola,False,Draw,1398.0,1625.0,-227.0,2024
2024-06-11,Kuwait,Afghanistan,1.0,0.0,FIFA World Cup qualification,Kuwait City,Kuwait,False,Home Win,1340.0,1085.0,255.0,2024
2024-06-11,Qatar,India,2.0,1.0,FIFA World Cup qualification,Al Rayyan,Qatar,False,Home Win,1638.0,1228.0,410.0,2024
2024-06-11,Oman,Kyrgyzstan,1.0,1.0,FIFA World Cup qualification,Muscat,Oman,False,Draw,1526.0,1266.0,260.0,2024
2024-06-11,Japan,Syria,5.0,0.0,FIFA World Cup qualification,Hiroshima,Japan,False,Home Win,1852.0,1444.0,408.0,2024
2024-06-11,Guyana,Belize,3.0,1.0,FIFA World Cup qualification,Bridgetown,Barbados,True,Home Win,1268.0,1057.0,211.0,2024
2024-06-11,Lebanon,Bangladesh,4.0,0.0,FIFA World Cup qualification,Al Rayyan,Qatar,True,Home Win,1284.0,939.0,345.0,2024
2024-06-11,Indonesia,Philippines,2.0,0.0,FIFA World Cup qualification,Jakarta,Indonesia,False,Home Win,1297.0,1052.0,245.0,2024
2024-06-11,Iraq,Vietnam,3.0,1.0,FIFA World Cup qualification,Basra,Iraq,False,Home Win,1640.0,1318.0,322.0,2024
2024-06-11,Yemen,Nepal,2.0,2.0,FIFA World Cup qualification,Dammam,Saudi Arabia,True,Draw,1101.0,894.0,207.0,2024
2024-06-11,Australia,Palestine,5.0,0.0,FIFA World Cup qualification,Perth,Australia,False,Home Win,1767.0,1417.0,350.0,2024
2024-06-11,Iran,Uzbekistan,0.0,0.0,FIFA World Cup qualification,Tehran,Iran,False,Draw,1816.0,1667.0,149.0,2024
2024-06-11,Malaysia,Taiwan,3.0,1.0,FIFA World Cup qualification,Kuala Lumpur,Malaysia,False,Home Win,1285.0,912.0,373.0,2024
2024-06-12,Ecuador,Bolivia,3.0,1.0,Friendly,Chester,United States,True,Home Win,1886.0,1584.0,302.0,2024
2024-06-14,Germany,Scotland,5.0,1.0,UEFA Euro,Munich,Germany,False,Home Win,1950.0,1817.0,133.0,2024
2024-06-14,Argentina,Guatemala,4.0,1.0,Friendly,Landover,United States,True,Home Win,2159.0,1481.0,678.0,2024
2024-06-15,Hungary,Switzerland,1.0,3.0,UEFA Euro,Cologne,Germany,True,Away Win,1825.0,1890.0,-65.0,2024
2024-06-15,Spain,Croatia,3.0,0.0,UEFA Euro,Berlin,Germany,True,Home Win,2017.0,1978.0,39.0,2024
2024-06-15,Italy,Albania,2.0,1.0,UEFA Euro,Dortmund,Germany,True,Home Win,1942.0,1649.0,293.0,2024
2024-06-15,Colombia,Bolivia,3.0,0.0,Friendly,Denver,United States,True,Home Win,1939.0,1584.0,355.0,2024
2024-06-16,Ecuador,Honduras,2.0,1.0,Friendly,Hartford,United States,True,Home Win,1886.0,1538.0,348.0,2024
2024-06-16,Serbia,England,0.0,1.0,UEFA Euro,Gelsenkirchen,Germany,True,Away Win,1786.0,2030.0,-244.0,2024
2024-06-16,Slovenia,Denmark,1.0,1.0,UEFA Euro,Stuttgart,Germany,True,Draw,1716.0,1877.0,-161.0,2024
2024-06-16,Tahiti,Samoa,2.0,0.0,Oceania Nations Cup,Suva,Fiji,True,Home Win,1147.0,677.0,470.0,2024
2024-06-16,Panama,Paraguay,0.0,1.0,Friendly,Panama City,Panama,False,Away Win,1733.0,1703.0,30.0,2024
2024-06-16,Poland,Netherlands,1.0,2.0,UEFA Euro,Hamburg,Germany,True,Away Win,1714.0,2003.0,-289.0,2024
2024-06-17,Austria,France,0.0,1.0,UEFA Euro,Düsseldorf,Germany,True,Away Win,1729.0,2073.0,-344.0,2024
2024-06-17,Romania,Ukraine,3.0,0.0,UEFA Euro,Munich,Germany,True,Home Win,1629.0,1857.0,-228.0,2024
2024-06-17,Belgium,Slovakia,0.0,1.0,UEFA Euro,Frankfurt,Germany,True,Away Win,1987.0,1567.0,420.0,2024
2024-06-18,Turkey,Georgia,3.0,1.0,UEFA Euro,Dortmund,Germany,True,Home Win,1742.0,1650.0,92.0,2024
2024-06-18,Portugal,Czechia,2.0,1.0,UEFA Euro,Leipzig,Germany,True,Home Win,2035.0,1753.0,282.0,2024
2024-06-19,Germany,Hungary,2.0,0.0,UEFA Euro,Stuttgart,Germany,False,Home Win,1950.0,1791.0,159.0,2024
2024-06-19,Scotland,Switzerland,1.0,1.0,UEFA Euro,Cologne,Germany,True,Draw,1817.0,1844.0,-27.0,2024
2024-06-19,Croatia,Albania,2.0,2.0,UEFA Euro,Hamburg,Germany,True,Draw,1931.0,1616.0,315.0,2024
2024-06-19,Fiji,Samoa,9.0,1.0,Oceania Nations Cup,Suva,Fiji,False,Home Win,1221.0,677.0,544.0,2024
2024-06-20,Spain,Italy,1.0,0.0,UEFA Euro,Gelsenkirchen,Germany,True,Home Win,2057.0,1956.0,101.0,2024
2024-06-20,Slovenia,Serbia,1.0,1.0,UEFA Euro,Munich,Germany,True,Draw,1716.0,1786.0,-70.0,2024
2024-06-20,Denmark,England,1.0,1.0,UEFA Euro,Frankfurt,Germany,True,Draw,1877.0,2030.0,-153.0,2024
2024-06-20,Argentina,Canada,2.0,0.0,Copa América,Atlanta,United States,True,Home Win,2159.0,1724.0,435.0,2024
2024-06-21,Poland,Austria,1.0,3.0,UEFA Euro,Berlin,Germany,True,Away Win,1714.0,1729.0,-15.0,2024
2024-06-21,Netherlands,France,0.0,0.0,UEFA Euro,Leipzig,Germany,True,Draw,2003.0,2073.0,-70.0,2024
2024-06-21,Slovakia,Ukraine,1.0,2.0,UEFA Euro,Düsseldorf,Germany,True,Away Win,1567.0,1857.0,-290.0,2024
2024-06-21,Peru,Chile,0.0,0.0,Copa América,Arlington,United States,True,Draw,1798.0,1739.0,59.0,2024
2024-06-22,Turkey,Portugal,0.0,3.0,UEFA Euro,Dortmund,Germany,True,Away Win,1742.0,2035.0,-293.0,2024
2024-06-22,Georgia,Czechia,1.0,1.0,UEFA Euro,Hamburg,Germany,True,Draw,1650.0,1753.0,-103.0,2024
2024-06-22,Belgium,Romania,2.0,0.0,UEFA Euro,Cologne,Germany,True,Home Win,1987.0,1629.0,358.0,2024
2024-06-22,Fiji,Tahiti,1.0,0.0,Oceania Nations Cup,Suva,Fiji,False,Home Win,1221.0,1147.0,74.0,2024
2024-06-22,Mexico,Jamaica,1.0,0.0,Copa América,Houston,United States,True,Home Win,1826.0,1610.0,216.0,2024
2024-06-22,Ecuador,Venezuela,1.0,2.0,Copa América,Santa Clara,United States,True,Away Win,1886.0,1750.0,136.0,2024
2024-06-23,Germany,Switzerland,1.0,1.0,UEFA Euro,Frankfurt,Germany,False,Draw,1950.0,1844.0,106.0,2024
2024-06-23,Scotland,Hungary,0.0,1.0,UEFA Euro,Stuttgart,Germany,True,Away Win,1817.0,1791.0,26.0,2024
2024-06-23,Uruguay,Panama,3.0,1.0,Copa América,Miami Gardens,United States,True,Home Win,1914.0,1733.0,181.0,2024
2024-06-24,Albania,Spain,0.0,1.0,UEFA Euro,Düsseldorf,Germany,True,Away Win,1616.0,2057.0,-441.0,2024
2024-06-24,Croatia,Italy,1.0,1.0,UEFA Euro,Leipzig,Germany,True,Draw,1931.0,1956.0,-25.0,2024
2024-06-24,Colombia,Paraguay,2.0,1.0,Copa América,Houston,United States,True,Home Win,2014.0,1703.0,311.0,2024
2024-06-25,Netherlands,Austria,2.0,3.0,UEFA Euro,Berlin,Germany,True,Away Win,2003.0,1729.0,274.0,2024
2024-06-25,England,Slovenia,0.0,0.0,UEFA Euro,Cologne,Germany,True,Draw,2030.0,1716.0,314.0,2024
2024-06-25,Denmark,Serbia,0.0,0.0,UEFA Euro,Munich,Germany,True,Draw,1877.0,1786.0,91.0,2024
2024-06-25,Peru,Canada,0.0,1.0,Copa América,Kansas City,United States,True,Away Win,1798.0,1724.0,74.0,2024
2024-06-25,Chile,Argentina,0.0,1.0,Copa América,East Rutherford,United States,True,Away Win,1739.0,2159.0,-420.0,2024
2024-06-25,France,Poland,1.0,1.0,UEFA Euro,Dortmund,Germany,True,Draw,2073.0,1714.0,359.0,2024
2024-06-26,Slovakia,Romania,1.0,1.0,UEFA Euro,Frankfurt,Germany,True,Draw,1567.0,1629.0,-62.0,2024
2024-06-26,Ukraine,Belgium,0.0,0.0,UEFA Euro,Stuttgart,Germany,True,Draw,1857.0,1987.0,-130.0,2024
2024-06-26,Georgia,Portugal,2.0,0.0,UEFA Euro,Gelsenkirchen,Germany,True,Home Win,1650.0,2035.0,-385.0,2024
2024-06-26,Czechia,Turkey,1.0,2.0,UEFA Euro,Hamburg,Germany,True,Away Win,1753.0,1742.0,11.0,2024
2024-06-26,Ecuador,Jamaica,3.0,1.0,Copa América,Las Vegas,United States,True,Home Win,1886.0,1610.0,276.0,2024
2024-06-26,Venezuela,Mexico,1.0,0.0,Copa América,Inglewood,United States,True,Home Win,1750.0,1826.0,-76.0,2024
2024-06-27,Vanuatu,Fiji,2.0,1.0,Oceania Nations Cup,Port Vila,Vanuatu,False,Home Win,1081.0,1221.0,-140.0,2024
2024-06-27,Uruguay,Bolivia,5.0,0.0,Copa América,East Rutherford,United States,True,Home Win,1914.0,1590.0,324.0,2024
2024-06-28,Paraguay,Brazil,1.0,4.0,Copa América,Las Vegas,United States,True,Away Win,1703.0,2090.0,-387.0,2024
2024-06-29,Switzerland,Italy,2.0,0.0,UEFA Euro,Berlin,Germany,True,Home Win,1844.0,1956.0,-112.0,2024
2024-06-29,Germany,Denmark,2.0,0.0,UEFA Euro,Dortmund,Germany,False,Home Win,1950.0,1877.0,73.0,2024
2024-06-29,Argentina,Peru,2.0,0.0,Copa América,Miami Gardens,United States,True,Home Win,2159.0,1798.0,361.0,2024
2024-06-29,Canada,Chile,0.0,0.0,Copa América,Orlando,United States,True,Draw,1724.0,1739.0,-15.0,2024
2024-06-30,England,Slovakia,2.0,1.0,UEFA Euro,Gelsenkirchen,Germany,True,Home Win,2030.0,1567.0,463.0,2024
2024-06-30,Spain,Georgia,4.0,1.0,UEFA Euro,Cologne,Germany,True,Home Win,2057.0,1650.0,407.0,2024
2024-06-30,Tahiti,Fiji,2.0,1.0,Oceania Nations Cup,Port Vila,Vanuatu,True,Home Win,1147.0,1221.0,-74.0,2024
2024-06-30,Mexico,Ecuador,0.0,0.0,Copa América,Glendale,United States,True,Draw,1826.0,1886.0,-60.0,2024
2024-06-30,Jamaica,Venezuela,0.0,3.0,Copa América,Austin,United States,True,Away Win,1610.0,1750.0,-140.0,2024
2024-07-01,France,Belgium,1.0,0.0,UEFA Euro,Düsseldorf,Germany,True,Home Win,2073.0,1987.0,86.0,2024
2024-07-01,Portugal,Slovenia,0.0,0.0,UEFA Euro,Frankfurt,Germany,True,Draw,2035.0,1716.0,319.0,2024
2024-07-01,Bolivia,Panama,1.0,3.0,Copa América,Orlando,United States,True,Away Win,1590.0,1733.0,-143.0,2024
2024-07-02,Romania,Netherlands,0.0,3.0,UEFA Euro,Munich,Germany,True,Away Win,1629.0,2003.0,-374.0,2024
2024-07-02,Austria,Turkey,1.0,2.0,UEFA Euro,Leipzig,Germany,True,Away Win,1729.0,1742.0,-13.0,2024
2024-07-02,Brazil,Colombia,1.0,1.0,Copa América,Santa Clara,United States,True,Draw,2090.0,2014.0,76.0,2024
2024-07-04,Argentina,Ecuador,1.0,1.0,Copa América,Houston,United States,True,Draw,2159.0,1886.0,273.0,2024
2024-07-05,Germany,Spain,1.0,2.0,UEFA Euro,Stuttgart,Germany,False,Away Win,1950.0,2057.0,-107.0,2024
2024-07-05,Portugal,France,0.0,0.0,UEFA Euro,Hamburg,Germany,True,Draw,2035.0,2073.0,-38.0,2024
2024-07-05,Venezuela,Canada,1.0,1.0,Copa América,Arlington,United States,True,Draw,1750.0,1724.0,26.0,2024
2024-07-06,England,Switzerland,1.0,1.0,UEFA Euro,Düsseldorf,Germany,True,Draw,2030.0,1844.0,186.0,2024
2024-07-06,Netherlands,Turkey,2.0,1.0,UEFA Euro,Berlin,Germany,True,Home Win,2003.0,1742.0,261.0,2024
2024-07-06,Uruguay,Brazil,0.0,0.0,Copa América,Las Vegas,United States,True,Draw,1914.0,2090.0,-176.0,2024
2024-07-06,Colombia,Panama,5.0,0.0,Copa América,Glendale,United States,True,Home Win,2014.0,1733.0,281.0,2024
2024-07-09,Spain,France,2.0,1.0,UEFA Euro,Munich,Germany,True,Home Win,2057.0,2073.0,-16.0,2024
2024-07-09,Argentina,Canada,2.0,0.0,Copa América,East Rutherford,United States,True,Home Win,2159.0,1724.0,435.0,2024
2024-07-10,Netherlands,England,1.0,2.0,UEFA Euro,Dortmund,Germany,True,Away Win,2003.0,2030.0,-27.0,2024
2024-07-10,Uruguay,Colombia,0.0,1.0,Copa América,Charlotte,United States,True,Away Win,1914.0,2014.0,-100.0,2024
2024-07-13,Canada,Uruguay,2.0,2.0,Copa América,Charlotte,United States,True,Draw,1724.0,1914.0,-190.0,2024
2024-07-14,Spain,England,2.0,1.0,UEFA Euro,Berlin,Germany,True,Home Win,2057.0,2030.0,27.0,2024
2024-07-14,Argentina,Colombia,1.0,0.0,Copa América,Miami Gardens,United States,True,Home Win,2159.0,2014.0,145.0,2024
2024-09-01,Guatemala,Uruguay,1.0,1.0,Friendly,Fort Lauderdale,United States,True,Draw,1481.0,1914.0,-433.0,2024
2024-09-03,India,Mauritius,0.0,0.0,Intercontinental Cup,Hyderabad,India,False,Draw,1228.0,1029.0,199.0,2024
2024-09-04,Sudan,Niger,1.0,0.0,African Cup of Nations qualification,Juba,South Sudan,True,Home Win,1296.0,1239.0,57.0,2024
2024-09-04,Tanzania,Ethiopia,0.0,0.0,African Cup of Nations qualification,Dar es Salaam,Tanzania,False,Draw,1313.0,1285.0,28.0,2024
2024-09-04,Gibraltar,Andorra,1.0,0.0,Friendly,Gibraltar,Gibraltar,False,Home Win,1051.0,1115.0,-64.0,2024
2024-09-04,Lebanon,Tajikistan,1.0,0.0,Merdeka Tournament,Kuala Lumpur,Malaysia,True,Home Win,1284.0,1380.0,-96.0,2024
2024-09-04,Malaysia,Philippines,2.0,1.0,Merdeka Tournament,Kuala Lumpur,Malaysia,False,Home Win,1285.0,1052.0,233.0,2024
2024-09-04,Comoros,Gambia,1.0,1.0,African Cup of Nations qualification,El Jadida,Morocco,True,Draw,1241.0,1443.0,-202.0,2024
2024-09-04,Libya,Rwanda,1.0,1.0,African Cup of Nations qualification,Tripoli,Libya,False,Draw,1347.0,1271.0,76.0,2024
2024-09-05,Bhutan,Bangladesh,0.0,1.0,Friendly,Thimphu,Bhutan,False,Away Win,566.0,939.0,-373.0,2024
2024-09-05,Tunisia,Madagascar,1.0,0.0,African Cup of Nations qualification,Radès,Tunisia,False,Home Win,1731.0,1288.0,443.0,2024
2024-09-05,Guinea-Bissau,Eswatini,1.0,0.0,African Cup of Nations qualification,Bissau,Guinea-Bissau,False,Home Win,1411.0,1269.0,142.0,2024
2024-09-05,Vietnam,Russia,0.0,3.0,Friendly,Hanoi,Vietnam,False,Away Win,1318.0,1773.0,-455.0,2024
2024-09-05,Guatemala,Martinique,3.0,1.0,CONCACAF Nations League,Guatemala City,Guatemala,False,Home Win,1481.0,1451.0,30.0,2024
2024-09-05,Portugal,Croatia,2.0,1.0,UEFA Nations League,Lisbon,Portugal,False,Home Win,2035.0,1931.0,104.0,2024
2024-09-05,Malawi,Burundi,2.0,3.0,African Cup of Nations qualification,Lilongwe,Malawi,False,Away Win,1354.0,1246.0,108.0,2024
2024-09-05,Denmark,Switzerland,2.0,0.0,UEFA Nations League,Copenhagen,Denmark,False,Home Win,1877.0,1844.0,33.0,2024
2024-09-05,Guyana,Suriname,1.0,3.0,CONCACAF Nations League,Leonora,Guyana,False,Away Win,1268.0,1291.0,-23.0,2024
2024-09-05,Scotland,Poland,2.0,3.0,UEFA Nations League,Glasgow,Scotland,False,Away Win,1817.0,1714.0,103.0,2024
2024-09-05,Ghana,Angola,0.0,1.0,African Cup of Nations qualification,Kumasi,Ghana,False,Away Win,1580.0,1398.0,182.0,2024
2024-09-05,Serbia,Spain,0.0,0.0,UEFA Nations League,Belgrade,Serbia,False,Draw,1786.0,2057.0,-271.0,2024
2024-09-05,Bolivia,Venezuela,4.0,0.0,FIFA World Cup qualification,El Alto,Bolivia,False,Home Win,1590.0,1750.0,-160.0,2024
2024-09-05,Estonia,Slovakia,0.0,1.0,UEFA Nations League,Tallinn,Estonia,False,Away Win,1357.0,1567.0,-210.0,2024
2024-09-05,Argentina,Chile,3.0,0.0,FIFA World Cup qualification,Buenos Aires,Argentina,False,Home Win,2159.0,1739.0,420.0,2024
2024-09-05,Iran,Kyrgyzstan,1.0,0.0,FIFA World Cup qualification,Fuladshahr,Iran,False,Home Win,1816.0,1266.0,550.0,2024
2024-09-05,Jordan,Kuwait,1.0,1.0,FIFA World Cup qualification,Amman,Jordan,False,Draw,1599.0,1340.0,259.0,2024
2024-09-05,Belarus,Bulgaria,0.0,0.0,UEFA Nations League,Zalaegerszeg,Hungary,True,Draw,1457.0,1520.0,-63.0,2024
2024-09-05,Australia,Bahrain,0.0,1.0,FIFA World Cup qualification,Robina,Australia,False,Away Win,1767.0,1461.0,306.0,2024
2024-09-05,Azerbaijan,Sweden,1.0,3.0,UEFA Nations League,Baku,Azerbaijan,False,Away Win,1399.0,1691.0,-292.0,2024
2024-09-05,Iraq,Oman,1.0,0.0,FIFA World Cup qualification,Basra,Iraq,False,Home Win,1640.0,1526.0,114.0,2024
2024-09-05,Japan,China,7.0,0.0,FIFA World Cup qualification,Saitama,Japan,False,Home Win,1852.0,1400.0,452.0,2024
2024-09-06,Brazil,Ecuador,1.0,0.0,FIFA World Cup qualification,Curitiba,Brazil,False,Home Win,2090.0,1886.0,204.0,2024
2024-09-06,Jamaica,Cuba,0.0,0.0,CONCACAF Nations League,Kingston,Jamaica,False,Draw,1610.0,1305.0,305.0,2024
2024-09-06,Syria,Mauritius,2.0,0.0,Intercontinental Cup,Hyderabad,India,True,Home Win,1444.0,1029.0,415.0,2024
2024-09-06,Brunei,Macao,3.0,0.0,AFC Asian Cup qualification,Bandar Seri Begawan,Brunei,False,Home Win,601.0,657.0,-56.0,2024
2024-09-06,Morocco,Gabon,4.0,1.0,African Cup of Nations qualification,Agadir,Morocco,False,Home Win,1879.0,1494.0,385.0,2024
2024-09-06,Mali,Mozambique,1.0,1.0,African Cup of Nations qualification,Bamako,Mali,False,Draw,1631.0,1311.0,320.0,2024
2024-09-06,Kenya,Zimbabwe,0.0,0.0,African Cup of Nations qualification,Kampala,Uganda,True,Draw,1371.0,1333.0,38.0,2024
2024-09-06,Belgium,Israel,3.0,1.0,UEFA Nations League,Debrecen,Hungary,True,Home Win,1987.0,1557.0,430.0,2024
2024-09-06,Lithuania,Cyprus,0.0,1.0,UEFA Nations League,Kaunas,Lithuania,False,Away Win,1326.0,1320.0,6.0,2024
2024-09-06,Kazakhstan,Norway,0.0,0.0,UEFA Nations League,Almaty,Kazakhstan,False,Draw,1477.0,1755.0,-278.0,2024
2024-09-06,Iceland,Montenegro,2.0,0.0,UEFA Nations League,Reykjavík,Iceland,False,Home Win,1550.0,1561.0,-11.0,2024
2024-09-06,Wales,Turkey,0.0,0.0,UEFA Nations League,Cardiff,Wales,False,Draw,1715.0,1742.0,-27.0,2024
2024-09-06,Kosovo,Romania,0.0,3.0,UEFA Nations League,Pristina,Kosovo,False,Away Win,1491.0,1629.0,-138.0,2024
2024-09-06,Peru,Colombia,1.0,1.0,FIFA World Cup qualification,Lima,Peru,False,Draw,1798.0,2014.0,-216.0,2024
2024-09-06,Slovenia,Austria,1.0,1.0,UEFA Nations League,Ljubljana,Slovenia,False,Draw,1716.0,1729.0,-13.0,2024
2024-09-06,Uruguay,Paraguay,0.0,0.0,FIFA World Cup qualification,Montevideo,Uruguay,False,Draw,1914.0,1703.0,211.0,2024
2024-09-06,France,Italy,1.0,3.0,UEFA Nations League,Paris,France,False,Away Win,2073.0,1956.0,117.0,2024
2024-09-06,Togo,Liberia,1.0,1.0,African Cup of Nations qualification,Lomé,Togo,False,Draw,1319.0,1270.0,49.0,2024
2024-09-07,Cameroon,Namibia,1.0,0.0,African Cup of Nations qualification,Douala,Cameroon,False,Home Win,1625.0,1414.0,211.0,2024
2024-09-07,Bahamas,Barbados,2.0,3.0,CONCACAF Nations League,Saint Croix,United States Virgin Islands,True,Away Win,872.0,955.0,-83.0,2024
2024-09-07,Georgia,Czechia,4.0,1.0,UEFA Nations League,Tbilisi,Georgia,False,Home Win,1650.0,1753.0,-103.0,2024
2024-09-07,Nigeria,Benin,3.0,0.0,African Cup of Nations qualification,Uyo,Nigeria,False,Home Win,1657.0,1476.0,181.0,2024
2024-09-07,Germany,Hungary,5.0,0.0,UEFA Nations League,Düsseldorf,Germany,False,Home Win,1950.0,1791.0,159.0,2024
2024-09-07,Greece,Finland,3.0,0.0,UEFA Nations League,Piraeus,Greece,False,Home Win,1738.0,1621.0,117.0,2024
2024-09-07,Ukraine,Albania,1.0,2.0,UEFA Nations League,Prague,Czech Republic,True,Away Win,1857.0,1616.0,241.0,2024
2024-09-07,Armenia,Latvia,4.0,1.0,UEFA Nations League,Yerevan,Armenia,False,Home Win,1470.0,1349.0,121.0,2024
2024-09-07,Ireland,England,0.0,2.0,UEFA Nations League,Dublin,Republic of Ireland,False,Away Win,1689.0,2030.0,-341.0,2024
2024-09-07,Mauritania,Botswana,1.0,0.0,African Cup of Nations qualification,Nouakchott,Mauritania,False,Home Win,1372.0,1326.0,46.0,2024
2024-09-08,Croatia,Poland,1.0,0.0,UEFA Nations League,Osijek,Croatia,False,Home Win,1931.0,1714.0,217.0,2024
2024-09-08,Bhutan,Bangladesh,1.0,0.0,Friendly,Thimphu,Bhutan,False,Home Win,566.0,939.0,-373.0,2024
2024-09-08,Tajikistan,Philippines,0.0,0.0,Merdeka Tournament,Kuala Lumpur,Malaysia,True,Draw,1380.0,1052.0,328.0,2024
2024-09-08,Malaysia,Lebanon,1.0,0.0,Merdeka Tournament,Kuala Lumpur,Malaysia,False,Home Win,1285.0,1284.0,1.0,2024
2024-09-08,Portugal,Scotland,2.0,1.0,UEFA Nations League,Lisbon,Portugal,False,Home Win,2035.0,1817.0,218.0,2024
2024-09-08,Gambia,Tunisia,1.0,2.0,African Cup of Nations qualification,El Jadida,Morocco,True,Away Win,1443.0,1731.0,-288.0,2024
2024-09-08,Denmark,Serbia,2.0,0.0,UEFA Nations League,Copenhagen,Denmark,False,Home Win,1877.0,1786.0,91.0,2024
2024-09-08,Slovakia,Azerbaijan,2.0,0.0,UEFA Nations League,Košice,Slovakia,False,Home Win,1567.0,1399.0,168.0,2024
2024-09-08,Sweden,Estonia,3.0,0.0,UEFA Nations League,Stockholm,Sweden,False,Home Win,1691.0,1357.0,334.0,2024
2024-09-08,Luxembourg,Belarus,0.0,1.0,UEFA Nations League,Luxembourg,Luxembourg,False,Away Win,1507.0,1457.0,50.0,2024
2024-09-08,Gibraltar,Liechtenstein,2.0,2.0,UEFA Nations League,Gibraltar,Gibraltar,False,Draw,1051.0,977.0,74.0,2024
2024-09-08,Switzerland,Spain,1.0,4.0,UEFA Nations League,Geneva,Switzerland,False,Away Win,1844.0,2057.0,-213.0,2024
2024-09-09,Burundi,Senegal,0.0,1.0,African Cup of Nations qualification,Lilongwe,Malawi,True,Away Win,1246.0,1754.0,-508.0,2024
2024-09-09,Martinique,Guyana,2.0,2.0,CONCACAF Nations League,Fort-de-France,Martinique,False,Draw,1451.0,1268.0,183.0,2024
2024-09-09,India,Syria,0.0,3.0,Intercontinental Cup,Hyderabad,India,False,Away Win,1228.0,1444.0,-216.0,2024
2024-09-09,Madagascar,Comoros,1.0,1.0,African Cup of Nations qualification,Radès,Tunisia,True,Draw,1288.0,1241.0,47.0,2024
2024-09-09,Morocco,Lesotho,1.0,0.0,African Cup of Nations qualification,Agadir,Morocco,False,Home Win,1879.0,1252.0,627.0,2024
2024-09-09,Niger,Ghana,1.0,1.0,African Cup of Nations qualification,Berkane,Morocco,True,Draw,1239.0,1580.0,-341.0,2024
2024-09-09,Angola,Sudan,2.0,1.0,African Cup of Nations qualification,Luanda,Angola,False,Home Win,1398.0,1296.0,102.0,2024
2024-09-09,Uganda,Congo,2.0,0.0,African Cup of Nations qualification,Kira,Uganda,False,Home Win,1362.0,1266.0,96.0,2024
2024-09-09,Guadeloupe,Suriname,1.0,0.0,CONCACAF Nations League,Le Gosier,Guadeloupe,False,Home Win,1299.0,1291.0,8.0,2024
2024-09-09,Norway,Austria,2.0,1.0,UEFA Nations League,Oslo,Norway,False,Home Win,1755.0,1729.0,26.0,2024
2024-09-09,Slovenia,Kazakhstan,3.0,0.0,UEFA Nations League,Ljubljana,Slovenia,False,Home Win,1716.0,1477.0,239.0,2024
2024-09-09,Montenegro,Wales,1.0,2.0,UEFA Nations League,Nikšić,Montenegro,False,Away Win,1561.0,1715.0,-154.0,2024
2024-09-09,Turkey,Iceland,3.0,1.0,UEFA Nations League,İzmir,Turkey,False,Home Win,1742.0,1550.0,192.0,2024
2024-09-09,Cyprus,Kosovo,0.0,4.0,UEFA Nations League,Larnaca,Cyprus,False,Away Win,1320.0,1491.0,-171.0,2024
2024-09-09,Romania,Lithuania,3.0,1.0,UEFA Nations League,Bucharest,Romania,False,Home Win,1629.0,1326.0,303.0,2024
2024-09-09,Samoa,Tonga,2.0,1.0,FIFA World Cup qualification,Apia,Samoa,False,Home Win,677.0,546.0,131.0,2024
2024-09-09,Israel,Italy,1.0,2.0,UEFA Nations League,Budapest,Hungary,True,Away Win,1557.0,1956.0,-399.0,2024
2024-09-09,France,Belgium,2.0,0.0,UEFA Nations League,Décines-Charpieu,France,False,Home Win,2073.0,1987.0,86.0,2024
2024-09-10,Mexico,Canada,0.0,0.0,Friendly,Arlington,United States,True,Draw,1826.0,1724.0,102.0,2024
2024-09-10,Macao,Brunei,0.0,1.0,AFC Asian Cup qualification,Taipa,Macau,False,Away Win,657.0,601.0,56.0,2024
2024-09-10,Botswana,Egypt,0.0,4.0,African Cup of Nations qualification,Francistown,Botswana,False,Away Win,1326.0,1676.0,-350.0,2024
2024-09-10,Rwanda,Nigeria,0.0,0.0,African Cup of Nations qualification,Kigali,Rwanda,False,Draw,1271.0,1657.0,-386.0,2024
2024-09-10,Benin,Libya,2.0,1.0,African Cup of Nations qualification,Abidjan,Ivory Coast,True,Home Win,1476.0,1347.0,129.0,2024
2024-09-10,Liberia,Algeria,0.0,3.0,African Cup of Nations qualification,Monrovia,Liberia,False,Away Win,1270.0,1712.0,-442.0,2024
2024-09-10,Vietnam,Thailand,1.0,2.0,Friendly,Hanoi,Vietnam,False,Away Win,1318.0,1437.0,-119.0,2024
2024-09-10,Cuba,Nicaragua,1.0,1.0,CONCACAF Nations League,Santiago de Cuba,Cuba,False,Draw,1305.0,1344.0,-39.0,2024
2024-09-10,Eswatini,Mali,0.0,1.0,African Cup of Nations qualification,Mbombela,South Africa,True,Away Win,1269.0,1631.0,-362.0,2024
2024-09-10,Namibia,Kenya,1.0,2.0,African Cup of Nations qualification,Johannesburg,South Africa,True,Away Win,1414.0,1371.0,43.0,2024
2024-09-10,Honduras,Jamaica,1.0,2.0,CONCACAF Nations League,Tegucigalpa,Honduras,False,Away Win,1538.0,1610.0,-72.0,2024
2024-09-10,Belize,Anguilla,1.0,0.0,CONCACAF Nations League,Providenciales,Turks and Caicos Islands,True,Home Win,1057.0,578.0,479.0,2024
2024-09-10,Guinea,Tanzania,1.0,2.0,African Cup of Nations qualification,Yamoussoukro,Ivory Coast,True,Away Win,1468.0,1313.0,155.0,2024
2024-09-10,Mozambique,Guinea-Bissau,2.0,1.0,African Cup of Nations qualification,Maputo,Mozambique,False,Home Win,1311.0,1411.0,-100.0,2024
2024-09-10,Netherlands,Germany,2.0,2.0,UEFA Nations League,Amsterdam,Netherlands,False,Draw,2003.0,1950.0,53.0,2024
2024-09-10,Albania,Georgia,0.0,1.0,UEFA Nations League,Tirana,Albania,False,Away Win,1616.0,1650.0,-34.0,2024
2024-09-10,Czechia,Ukraine,3.0,2.0,UEFA Nations League,Prague,Czech Republic,False,Home Win,1753.0,1857.0,-104.0,2024
2024-09-10,England,Finland,2.0,0.0,UEFA Nations League,London,England,False,Home Win,2030.0,1621.0,409.0,2024
2024-09-10,Andorra,Malta,0.0,1.0,UEFA Nations League,Andorra la Vella,Andorra,False,Away Win,1115.0,1258.0,-143.0,2024
2024-09-10,Colombia,Argentina,2.0,1.0,FIFA World Cup qualification,Barranquilla,Colombia,False,Home Win,2014.0,2159.0,-145.0,2024
2024-09-10,Ecuador,Peru,1.0,0.0,FIFA World Cup qualification,Quito,Ecuador,False,Home Win,1886.0,1798.0,88.0,2024
2024-09-10,Chile,Bolivia,1.0,2.0,FIFA World Cup qualification,Santiago,Chile,False,Away Win,1739.0,1590.0,149.0,2024
2024-09-10,Venezuela,Uruguay,0.0,0.0,FIFA World Cup qualification,Maturín,Venezuela,False,Draw,1750.0,1914.0,-164.0,2024
2024-09-10,Ireland,Greece,0.0,2.0,UEFA Nations League,Dublin,Republic of Ireland,False,Away Win,1689.0,1738.0,-49.0,2024
2024-09-10,Kyrgyzstan,Uzbekistan,2.0,3.0,FIFA World Cup qualification,Bishkek,Kyrgyzstan,False,Away Win,1266.0,1667.0,-401.0,2024
2024-09-10,Kuwait,Iraq,0.0,0.0,FIFA World Cup qualification,Kuwait City,Kuwait,False,Draw,1340.0,1640.0,-300.0,2024
2024-09-10,Bahrain,Japan,0.0,5.0,FIFA World Cup qualification,Riffa,Bahrain,False,Away Win,1461.0,1852.0,-391.0,2024
2024-09-10,Indonesia,Australia,0.0,0.0,FIFA World Cup qualification,Jakarta,Indonesia,False,Draw,1297.0,1767.0,-470.0,2024
2024-09-10,Zimbabwe,Cameroon,0.0,0.0,African Cup of Nations qualification,Kampala,Uganda,True,Draw,1333.0,1625.0,-292.0,2024
2024-09-10,Paraguay,Brazil,1.0,0.0,FIFA World Cup qualification,Asunción,Paraguay,False,Home Win,1703.0,2090.0,-387.0,2024
2024-09-10,Palestine,Jordan,1.0,3.0,FIFA World Cup qualification,Kuala Lumpur,Malaysia,True,Away Win,1417.0,1599.0,-182.0,2024
2024-10-09,Belize,Anguilla,1.0,0.0,CONCACAF Nations League,Belmopan,Belize,False,Home Win,1057.0,578.0,479.0,2024
2024-10-10,England,Greece,1.0,2.0,UEFA Nations League,London,England,False,Away Win,2030.0,1738.0,292.0,2024
2024-10-10,Italy,Belgium,2.0,2.0,UEFA Nations League,Rome,Italy,False,Draw,1943.0,1923.0,20.0,2024
2024-10-10,Israel,France,1.0,4.0,UEFA Nations League,Budapest,Hungary,True,Away Win,1556.0,2014.0,-458.0,2024
2024-10-10,Bonaire,Montserrat,0.0,1.0,CONCACAF Nations League,Kingstown,Saint Vincent and the Grenadines,True,Away Win,861.0,1003.0,-142.0,2024
2024-10-10,Algeria,Togo,5.0,1.0,African Cup of Nations qualification,Annaba,Algeria,False,Home Win,1712.0,1368.0,344.0,2024
2024-10-10,Namibia,Zimbabwe,0.0,1.0,African Cup of Nations qualification,Johannesburg,South Africa,True,Away Win,1414.0,1333.0,81.0,2024
2024-10-10,Ghana,Sudan,0.0,0.0,African Cup of Nations qualification,Accra,Ghana,False,Draw,1499.0,1383.0,116.0,2024
2024-10-10,Norway,Slovenia,3.0,0.0,UEFA Nations League,Oslo,Norway,False,Home Win,1747.0,1777.0,-30.0,2024
2024-10-10,Finland,Ireland,1.0,2.0,UEFA Nations League,Helsinki,Finland,False,Away Win,1621.0,1689.0,-68.0,2024
2024-10-10,Nicaragua,Jamaica,0.0,2.0,CONCACAF Nations League,Managua,Nicaragua,False,Away Win,1344.0,1610.0,-266.0,2024
2024-10-10,Austria,Kazakhstan,4.0,0.0,UEFA Nations League,Salzburg,Austria,False,Home Win,1853.0,1457.0,396.0,2024
2024-10-10,Uzbekistan,Iran,0.0,0.0,FIFA World Cup qualification,Tashkent,Uzbekistan,False,Draw,1667.0,1816.0,-149.0,2024
2024-10-10,Bolivia,Colombia,1.0,0.0,FIFA World Cup qualification,El Alto,Bolivia,False,Home Win,1590.0,2014.0,-424.0,2024
2024-10-10,Australia,China,3.0,1.0,FIFA World Cup qualification,Adelaide,Australia,False,Home Win,1767.0,1400.0,367.0,2024
2024-10-10,Iraq,Palestine,1.0,0.0,FIFA World Cup qualification,Basra,Iraq,False,Home Win,1640.0,1417.0,223.0,2024
2024-10-10,Oman,Kuwait,4.0,0.0,FIFA World Cup qualification,Muscat,Oman,False,Home Win,1526.0,1340.0,186.0,2024
2024-10-10,Bahrain,Indonesia,2.0,2.0,FIFA World Cup qualification,Riffa,Bahrain,False,Draw,1461.0,1297.0,164.0,2024
2024-10-10,Qatar,Kyrgyzstan,3.0,1.0,FIFA World Cup qualification,Doha,Qatar,False,Home Win,1638.0,1266.0,372.0,2024
2024-10-10,Chile,Brazil,1.0,2.0,FIFA World Cup qualification,Santiago,Chile,False,Away Win,1739.0,2090.0,-351.0,2024
2024-10-10,Venezuela,Argentina,1.0,1.0,FIFA World Cup qualification,Maturín,Venezuela,False,Draw,1750.0,2159.0,-409.0,2024
2024-10-10,Ecuador,Paraguay,0.0,0.0,FIFA World Cup qualification,Quito,Ecuador,False,Draw,1886.0,1703.0,183.0,2024
2024-10-11,Cambodia,Taiwan,3.0,2.0,Friendly,Phnom Penh,Cambodia,False,Home Win,867.0,912.0,-45.0,2024
2024-10-11,Madagascar,Gambia,1.0,1.0,African Cup of Nations qualification,Casablanca,Morocco,True,Draw,1325.0,1443.0,-118.0,2024
2024-10-11,Tunisia,Comoros,0.0,1.0,African Cup of Nations qualification,Radès,Tunisia,False,Away Win,1731.0,1340.0,391.0,2024
2024-10-11,Gabon,Lesotho,0.0,0.0,African Cup of Nations qualification,Franceville,Gabon,False,Draw,1494.0,1203.0,291.0,2024
2024-10-11,Benin,Rwanda,3.0,0.0,African Cup of Nations qualification,Abidjan,Ivory Coast,True,Home Win,1476.0,1271.0,205.0,2024
2024-10-11,Egypt,Mauritania,2.0,0.0,African Cup of Nations qualification,Cairo,Egypt,False,Home Win,1676.0,1372.0,304.0,2024
2024-10-11,Cameroon,Kenya,4.0,1.0,African Cup of Nations qualification,Douala,Cameroon,False,Home Win,1625.0,1371.0,254.0,2024
2024-10-11,Zambia,Chad,0.0,0.0,African Cup of Nations qualification,Ndola,Zambia,False,Draw,1523.0,1178.0,345.0,2024
2024-10-11,Mozambique,Eswatini,1.0,1.0,African Cup of Nations qualification,Maputo,Mozambique,False,Draw,1311.0,1269.0,42.0,2024
2024-10-11,Guadeloupe,Martinique,0.0,1.0,CONCACAF Nations League,Le Gosier,Guadeloupe,False,Away Win,1336.0,1405.0,-69.0,2024
2024-10-11,Nigeria,Libya,1.0,0.0,African Cup of Nations qualification,Uyo,Nigeria,False,Home Win,1657.0,1347.0,310.0,2024
2024-10-11,Angola,Niger,2.0,0.0,African Cup of Nations qualification,Luanda,Angola,False,Home Win,1581.0,1239.0,342.0,2024
2024-10-11,Senegal,Malawi,4.0,0.0,African Cup of Nations qualification,Diamniadio,Senegal,False,Home Win,1753.0,1354.0,399.0,2024
2024-10-11,Thailand,Philippines,3.0,1.0,King's Cup,Songkhla,Thailand,False,Home Win,1437.0,1052.0,385.0,2024
2024-10-11,Guyana,Guatemala,1.0,3.0,CONCACAF Nations League,Leonora,Guyana,False,Away Win,1251.0,1503.0,-252.0,2024
2024-10-11,Grenada,Curaçao,0.0,0.0,CONCACAF Nations League,Gros Islet,Saint Lucia,True,Draw,1070.0,1328.0,-258.0,2024
2024-10-11,Aruba,Haiti,1.0,3.0,CONCACAF Nations League,Oranjestad,Aruba,False,Away Win,943.0,1517.0,-574.0,2024
2024-10-11,Hungary,Netherlands,1.0,1.0,UEFA Nations League,Budapest,Hungary,False,Draw,1791.0,2003.0,-212.0,2024
2024-10-11,Czechia,Albania,2.0,0.0,UEFA Nations League,Prague,Czech Republic,False,Home Win,1753.0,1616.0,137.0,2024
2024-10-11,Iceland,Wales,2.0,2.0,UEFA Nations League,Reykjavík,Iceland,False,Draw,1574.0,1701.0,-127.0,2024
2024-10-11,Ukraine,Georgia,1.0,0.0,UEFA Nations League,Poznań,Poland,True,Home Win,1857.0,1650.0,207.0,2024
2024-10-11,Estonia,Azerbaijan,3.0,1.0,UEFA Nations League,Tallinn,Estonia,False,Home Win,1357.0,1399.0,-42.0,2024
2024-10-11,Slovakia,Sweden,2.0,2.0,UEFA Nations League,Bratislava,Slovakia,False,Draw,1567.0,1691.0,-124.0,2024
2024-10-11,Peru,Uruguay,1.0,0.0,FIFA World Cup qualification,Lima,Peru,False,Home Win,1798.0,1914.0,-116.0,2024
2024-10-11,Mali,Guinea-Bissau,1.0,0.0,African Cup of Nations qualification,Bamako,Mali,False,Home Win,1631.0,1411.0,220.0,2024
2024-10-11,Turkey,Montenegro,1.0,0.0,UEFA Nations League,Tekkeköy,Turkey,False,Home Win,1811.0,1516.0,295.0,2024
2024-10-11,Syria,Tajikistan,1.0,0.0,King's Cup,Songkhla,Thailand,True,Home Win,1441.0,1380.0,61.0,2024
2024-10-12,Bermuda,Dominica,6.0,1.0,CONCACAF Nations League,Hamilton,Bermuda,False,Home Win,1175.0,981.0,194.0,2024
2024-10-12,Poland,Portugal,1.0,3.0,UEFA Nations League,Warsaw,Poland,False,Away Win,1714.0,2035.0,-321.0,2024
2024-10-12,Vietnam,India,1.0,1.0,Friendly,Nam Định,Vietnam,False,Draw,1318.0,1170.0,148.0,2024
2024-10-12,Guinea,Ethiopia,4.0,1.0,African Cup of Nations qualification,Ebimpé,Ivory Coast,True,Home Win,1468.0,1297.0,171.0,2024
2024-10-12,Spain,Denmark,1.0,0.0,UEFA Nations League,Murcia,Spain,False,Home Win,2057.0,1877.0,180.0,2024
2024-10-12,Croatia,Scotland,2.0,1.0,UEFA Nations League,Zagreb,Croatia,False,Home Win,1931.0,1817.0,114.0,2024
2024-10-12,Cyprus,Romania,0.0,3.0,UEFA Nations League,Larnaca,Cyprus,False,Away Win,1309.0,1713.0,-404.0,2024
2024-10-12,Bulgaria,Luxembourg,0.0,0.0,UEFA Nations League,Plovdiv,Bulgaria,False,Draw,1520.0,1507.0,13.0,2024
2024-10-12,Vanuatu,Samoa,4.0,1.0,FIFA World Cup qualification,Port Vila,Vanuatu,False,Home Win,1081.0,739.0,342.0,2024
2024-10-12,Lithuania,Kosovo,1.0,2.0,UEFA Nations League,Kaunas,Lithuania,False,Away Win,1323.0,1512.0,-189.0,2024
2024-10-12,Serbia,Switzerland,2.0,0.0,UEFA Nations League,Leskovac,Serbia,False,Home Win,1786.0,1844.0,-58.0,2024
2024-10-13,Austria,Norway,5.0,1.0,UEFA Nations League,Linz,Austria,False,Home Win,1853.0,1747.0,106.0,2024
2024-10-13,Liechtenstein,Gibraltar,0.0,0.0,UEFA Nations League,Vaduz,Liechtenstein,False,Draw,977.0,1051.0,-74.0,2024
2024-10-13,Montserrat,Bonaire,0.0,1.0,CONCACAF Nations League,Kingstown,Saint Vincent and the Grenadines,True,Away Win,1003.0,861.0,142.0,2024
2024-10-13,Finland,England,1.0,3.0,UEFA Nations League,Helsinki,Finland,False,Away Win,1621.0,2030.0,-409.0,2024
2024-10-13,Greece,Ireland,2.0,0.0,UEFA Nations League,Piraeus,Greece,False,Home Win,1738.0,1689.0,49.0,2024
2024-10-13,Kazakhstan,Slovenia,0.0,1.0,UEFA Nations League,Astana,Kazakhstan,False,Away Win,1457.0,1777.0,-320.0,2024
2024-10-14,Curaçao,Grenada,1.0,0.0,CONCACAF Nations League,Gros Islet,Saint Lucia,True,Home Win,1328.0,1070.0,258.0,2024
2024-10-14,Jamaica,Honduras,0.0,0.0,CONCACAF Nations League,Kingston,Jamaica,False,Draw,1610.0,1538.0,72.0,2024
2024-10-14,Zimbabwe,Namibia,3.0,1.0,African Cup of Nations qualification,Johannesburg,South Africa,True,Home Win,1333.0,1414.0,-81.0,2024
2024-10-14,Aruba,Haiti,3.0,5.0,CONCACAF Nations League,Oranjestad,Aruba,False,Away Win,943.0,1517.0,-574.0,2024
2024-10-14,Eswatini,Mozambique,0.0,3.0,African Cup of Nations qualification,Mbombela,South Africa,True,Away Win,1269.0,1311.0,-42.0,2024
2024-10-14,Belgium,France,1.0,2.0,UEFA Nations League,Leuven,Belgium,False,Away Win,1923.0,2014.0,-91.0,2024
2024-10-14,Gambia,Madagascar,1.0,0.0,African Cup of Nations qualification,El Jadida,Morocco,True,Home Win,1443.0,1325.0,118.0,2024
2024-10-14,Kenya,Cameroon,0.0,1.0,African Cup of Nations qualification,Kampala,Uganda,True,Away Win,1371.0,1625.0,-254.0,2024
2024-10-14,Estonia,Sweden,0.0,3.0,UEFA Nations League,Tallinn,Estonia,False,Away Win,1357.0,1691.0,-334.0,2024
2024-10-14,Togo,Algeria,0.0,1.0,African Cup of Nations qualification,Lomé,Togo,False,Away Win,1368.0,1712.0,-344.0,2024
2024-10-14,Wales,Montenegro,1.0,0.0,UEFA Nations League,Cardiff,Wales,False,Home Win,1701.0,1516.0,185.0,2024
2024-10-14,Tajikistan,Philippines,0.0,3.0,King's Cup,Songkhla,Thailand,True,Away Win,1380.0,1052.0,328.0,2024
2024-10-14,Thailand,Syria,2.0,1.0,King's Cup,Songkhla,Thailand,False,Home Win,1437.0,1441.0,-4.0,2024
2024-10-14,Azerbaijan,Slovakia,1.0,3.0,UEFA Nations League,Baku,Azerbaijan,False,Away Win,1399.0,1567.0,-168.0,2024
2024-10-14,Germany,Netherlands,1.0,0.0,UEFA Nations League,Munich,Germany,False,Home Win,1950.0,2003.0,-53.0,2024
2024-10-14,Iceland,Turkey,2.0,4.0,UEFA Nations League,Reykjavík,Iceland,False,Away Win,1574.0,1811.0,-237.0,2024
2024-10-14,Ukraine,Czechia,1.0,1.0,UEFA Nations League,Wrocław,Poland,True,Draw,1857.0,1753.0,104.0,2024
2024-10-14,Georgia,Albania,0.0,1.0,UEFA Nations League,Tbilisi,Georgia,False,Away Win,1650.0,1616.0,34.0,2024
2024-10-14,Italy,Israel,4.0,1.0,UEFA Nations League,Udine,Italy,False,Home Win,1943.0,1556.0,387.0,2024
2024-10-15,Lesotho,Gabon,0.0,2.0,African Cup of Nations qualification,Durban,South Africa,True,Away Win,1203.0,1494.0,-291.0,2024
2024-10-15,Mauritania,Egypt,0.0,1.0,African Cup of Nations qualification,Nouakchott,Mauritania,False,Away Win,1372.0,1676.0,-304.0,2024
2024-10-15,Rwanda,Benin,2.0,1.0,African Cup of Nations qualification,Kigali,Rwanda,False,Home Win,1271.0,1476.0,-205.0,2024
2024-10-15,Sudan,Ghana,2.0,0.0,African Cup of Nations qualification,Benghazi,Libya,True,Home Win,1383.0,1499.0,-116.0,2024
2024-10-15,Niger,Angola,0.0,1.0,African Cup of Nations qualification,Casablanca,Morocco,True,Away Win,1239.0,1581.0,-342.0,2024
2024-10-15,Canada,Panama,2.0,1.0,Friendly,Toronto,Canada,False,Home Win,1724.0,1719.0,5.0,2024
2024-10-15,Guadeloupe,Martinique,0.0,0.0,CONCACAF Nations League,Le Gosier,Guadeloupe,False,Draw,1336.0,1405.0,-69.0,2024
2024-10-15,Guinea-Bissau,Mali,0.0,0.0,African Cup of Nations qualification,Bissau,Guinea-Bissau,False,Draw,1411.0,1631.0,-220.0,2024
2024-10-15,Malawi,Senegal,0.0,1.0,African Cup of Nations qualification,Lilongwe,Malawi,False,Away Win,1354.0,1753.0,-399.0,2024
2024-10-15,Scotland,Portugal,0.0,0.0,UEFA Nations League,Glasgow,Scotland,False,Draw,1698.0,1994.0,-296.0,2024
2024-10-15,Suriname,Guyana,5.0,1.0,CONCACAF Nations League,Paramaribo,Suriname,False,Home Win,1338.0,1251.0,87.0,2024
2024-10-15,Bermuda,Dominica,3.0,2.0,CONCACAF Nations League,Hamilton,Bermuda,False,Home Win,1145.0,999.0,146.0,2024
2024-10-15,Chad,Zambia,0.0,1.0,African Cup of Nations qualification,Yaoundé,Cameroon,True,Away Win,1178.0,1523.0,-345.0,2024
2024-10-15,Ethiopia,Guinea,0.0,3.0,African Cup of Nations qualification,Ebimpé,Ivory Coast,True,Away Win,1276.0,1466.0,-190.0,2024
2024-10-15,Barbados,Bahamas,6.0,2.0,CONCACAF Nations League,Bridgetown,Barbados,False,Home Win,955.0,806.0,149.0,2024
2024-10-15,Comoros,Tunisia,1.0,1.0,African Cup of Nations qualification,Abidjan,Ivory Coast,True,Draw,1340.0,1731.0,-391.0,2024
2024-10-15,Poland,Croatia,3.0,3.0,UEFA Nations League,Warsaw,Poland,False,Draw,1728.0,1917.0,-189.0,2024
2024-10-15,Switzerland,Denmark,2.0,2.0,UEFA Nations League,St. Gallen,Switzerland,False,Draw,1827.0,1858.0,-31.0,2024
2024-10-15,Lithuania,Romania,1.0,2.0,UEFA Nations League,Kaunas,Lithuania,False,Away Win,1308.0,1723.0,-415.0,2024
2024-10-15,Belarus,Luxembourg,1.0,1.0,UEFA Nations League,Zalaegerszeg,Hungary,True,Draw,1467.0,1470.0,-3.0,2024
2024-10-15,Colombia,Chile,4.0,0.0,FIFA World Cup qualification,Barranquilla,Colombia,False,Home Win,2014.0,1739.0,275.0,2024
2024-10-15,Paraguay,Venezuela,2.0,1.0,FIFA World Cup qualification,Asunción,Paraguay,False,Home Win,1703.0,1750.0,-47.0,2024
2024-10-15,Uruguay,Ecuador,0.0,0.0,FIFA World Cup qualification,Montevideo,Uruguay,False,Draw,1914.0,1886.0,28.0,2024
2024-10-15,Jordan,Oman,4.0,0.0,FIFA World Cup qualification,Amman,Jordan,False,Home Win,1599.0,1526.0,73.0,2024
2024-10-15,Kosovo,Cyprus,3.0,0.0,UEFA Nations League,Pristina,Kosovo,False,Home Win,1527.0,1299.0,228.0,2024
2024-10-15,Iran,Qatar,4.0,1.0,FIFA World Cup qualification,Dubai,United Arab Emirates,True,Home Win,1816.0,1638.0,178.0,2024
2024-10-15,Spain,Serbia,3.0,0.0,UEFA Nations League,Córdoba,Spain,False,Home Win,2160.0,1812.0,348.0,2024
2024-10-15,Palestine,Kuwait,2.0,2.0,FIFA World Cup qualification,Al Rayyan,Qatar,True,Draw,1417.0,1340.0,77.0,2024
2024-10-15,Japan,Australia,1.0,1.0,FIFA World Cup qualification,Saitama,Japan,False,Draw,1852.0,1767.0,85.0,2024
2024-10-15,China,Indonesia,2.0,1.0,FIFA World Cup qualification,Qingdao,China,False,Home Win,1400.0,1297.0,103.0,2024
2024-10-15,Argentina,Bolivia,6.0,0.0,FIFA World Cup qualification,Buenos Aires,Argentina,False,Home Win,2159.0,1590.0,569.0,2024
2024-10-15,Brazil,Peru,4.0,0.0,FIFA World Cup qualification,Brasília,Brazil,False,Home Win,2090.0,1798.0,292.0,2024
2024-11-13,Bangladesh,Maldives,0.0,1.0,Friendly,Dhaka,Bangladesh,False,Away Win,939.0,896.0,43.0,2024
2024-11-13,Tajikistan,Nepal,4.0,0.0,Friendly,Dushanbe,Tajikistan,False,Home Win,1380.0,894.0,486.0,2024
2024-11-13,Liberia,Togo,1.0,0.0,African Cup of Nations qualification,Monrovia,Liberia,False,Home Win,1270.0,1368.0,-98.0,2024
2024-11-13,Namibia,Cameroon,0.0,0.0,African Cup of Nations qualification,Johannesburg,South Africa,True,Draw,1414.0,1625.0,-211.0,2024
2024-11-14,Belgium,Italy,0.0,1.0,UEFA Nations League,Brussels,Belgium,False,Away Win,1923.0,1943.0,-20.0,2024
2024-11-14,Singapore,Myanmar,3.0,2.0,Friendly,Kallang,Singapore,False,Home Win,1127.0,926.0,201.0,2024
2024-11-14,Malta,Liechtenstein,2.0,0.0,Friendly,Ta' Qali,Malta,False,Home Win,1258.0,977.0,281.0,2024
2024-11-14,Malaysia,Laos,3.0,1.0,Friendly,Bangkok,Thailand,True,Home Win,1285.0,680.0,605.0,2024
2024-11-14,Slovenia,Norway,1.0,4.0,UEFA Nations League,Ljubljana,Slovenia,False,Away Win,1777.0,1747.0,30.0,2024
2024-11-14,Kazakhstan,Austria,0.0,2.0,UEFA Nations League,Almaty,Kazakhstan,False,Away Win,1457.0,1853.0,-396.0,2024
2024-11-14,Greece,England,0.0,3.0,UEFA Nations League,Athens,Greece,False,Away Win,1738.0,2030.0,-292.0,2024
2024-11-14,Ireland,Finland,1.0,0.0,UEFA Nations League,Dublin,Republic of Ireland,False,Home Win,1689.0,1621.0,68.0,2024
2024-11-14,France,Israel,0.0,0.0,UEFA Nations League,Paris,France,False,Draw,2014.0,1556.0,458.0,2024
2024-11-14,Thailand,Lebanon,0.0,0.0,Friendly,Pathum Thani,Thailand,False,Draw,1437.0,1284.0,153.0,2024
2024-11-14,Venezuela,Brazil,1.0,1.0,FIFA World Cup qualification,Maturín,Venezuela,False,Draw,1750.0,2090.0,-340.0,2024
2024-11-14,Ecuador,Bolivia,4.0,0.0,FIFA World Cup qualification,Guayaquil,Ecuador,False,Home Win,1886.0,1590.0,296.0,2024
2024-11-14,Paraguay,Argentina,2.0,1.0,FIFA World Cup qualification,Asunción,Paraguay,False,Home Win,1703.0,2159.0,-456.0,2024
2024-11-14,Niger,Sudan,4.0,0.0,African Cup of Nations qualification,Lomé,Togo,True,Home Win,1239.0,1383.0,-144.0,2024
2024-11-14,Benin,Nigeria,1.0,1.0,African Cup of Nations qualification,Abidjan,Ivory Coast,True,Draw,1476.0,1657.0,-181.0,2024
2024-11-14,Rwanda,Libya,0.0,1.0,African Cup of Nations qualification,Kigali,Rwanda,False,Away Win,1271.0,1347.0,-76.0,2024
2024-11-14,Bahrain,China,0.0,1.0,FIFA World Cup qualification,Riffa,Bahrain,False,Away Win,1461.0,1400.0,61.0,2024
2024-11-14,Burundi,Malawi,0.0,0.0,African Cup of Nations qualification,Abidjan,Ivory Coast,True,Draw,1311.0,1354.0,-43.0,2024
2024-11-14,Oman,Palestine,1.0,0.0,FIFA World Cup qualification,Muscat,Oman,False,Home Win,1526.0,1417.0,109.0,2024
2024-11-14,Iraq,Jordan,0.0,0.0,FIFA World Cup qualification,Basra,Iraq,False,Draw,1640.0,1599.0,41.0,2024
2024-11-14,Qatar,Uzbekistan,3.0,2.0,FIFA World Cup qualification,Al Rayyan,Qatar,False,Home Win,1638.0,1667.0,-29.0,2024
2024-11-14,Madagascar,Tunisia,2.0,3.0,African Cup of Nations qualification,Pretoria,South Africa,True,Away Win,1325.0,1731.0,-406.0,2024
2024-11-15,Barbados,Guyana,1.0,4.0,CONCACAF Nations League,Bridgetown,Barbados,False,Away Win,955.0,1251.0,-296.0,2024
2024-11-15,Peru,Chile,0.0,0.0,FIFA World Cup qualification,Lima,Peru,False,Draw,1798.0,1739.0,59.0,2024
2024-11-15,Portugal,Poland,5.0,1.0,UEFA Nations League,Porto,Portugal,False,Home Win,1994.0,1728.0,266.0,2024
2024-11-15,Scotland,Croatia,1.0,0.0,UEFA Nations League,Glasgow,Scotland,False,Home Win,1698.0,1917.0,-219.0,2024
2024-11-15,Denmark,Spain,1.0,2.0,UEFA Nations League,Copenhagen,Denmark,False,Away Win,1858.0,2160.0,-302.0,2024
2024-11-15,Switzerland,Serbia,1.0,1.0,UEFA Nations League,Zürich,Switzerland,False,Draw,1827.0,1812.0,15.0,2024
2024-11-15,Cyprus,Lithuania,2.0,1.0,UEFA Nations League,Larnaca,Cyprus,False,Home Win,1299.0,1308.0,-9.0,2024
2024-11-15,Romania,Kosovo,0.0,0.0,UEFA Nations League,Bucharest,Romania,False,Draw,1723.0,1527.0,196.0,2024
2024-11-15,Luxembourg,Bulgaria,0.0,1.0,UEFA Nations League,Luxembourg,Luxembourg,False,Away Win,1470.0,1493.0,-23.0,2024
2024-11-15,Suriname,Canada,0.0,1.0,CONCACAF Nations League,Paramaribo,Suriname,False,Away Win,1338.0,1724.0,-386.0,2024
2024-11-15,Honduras,Mexico,2.0,0.0,CONCACAF Nations League,San Pedro Sula,Honduras,False,Home Win,1538.0,1826.0,-288.0,2024
2024-11-15,Uruguay,Colombia,3.0,2.0,FIFA World Cup qualification,Montevideo,Uruguay,False,Home Win,1914.0,2014.0,-100.0,2024
2024-11-15,Russia,Brunei,2.0,1.0,Friendly,Krasnodar,Russia,False,Home Win,1773.0,601.0,1172.0,2024
2024-11-15,Gambia,Comoros,1.0,2.0,African Cup of Nations qualification,Berkane,Morocco,True,Away Win,1443.0,1340.0,103.0,2024
2024-11-15,Gabon,Morocco,1.0,5.0,African Cup of Nations qualification,Franceville,Gabon,False,Away Win,1494.0,1782.0,-288.0,2024
2024-11-15,Botswana,Mauritania,1.0,1.0,African Cup of Nations qualification,Francistown,Botswana,False,Draw,1326.0,1372.0,-46.0,2024
2024-11-15,Angola,Ghana,1.0,1.0,African Cup of Nations qualification,Talatona,Angola,False,Draw,1581.0,1499.0,82.0,2024
2024-11-15,Eswatini,Guinea-Bissau,1.0,1.0,African Cup of Nations qualification,Mbombela,South Africa,True,Draw,1269.0,1411.0,-142.0,2024
2024-11-15,Mozambique,Mali,0.0,1.0,African Cup of Nations qualification,Maputo,Mozambique,False,Away Win,1311.0,1631.0,-320.0,2024
2024-11-15,Zimbabwe,Kenya,1.0,1.0,African Cup of Nations qualification,Polokwane,South Africa,True,Draw,1333.0,1371.0,-38.0,2024
2024-11-15,Indonesia,Japan,0.0,4.0,FIFA World Cup qualification,Jakarta,Indonesia,False,Away Win,1297.0,1852.0,-555.0,2024
2024-11-15,Samoa,Tahiti,0.0,3.0,FIFA World Cup qualification,Hamilton,New Zealand,True,Away Win,734.0,1147.0,-413.0,2024
2024-11-16,Azerbaijan,Estonia,0.0,0.0,UEFA Nations League,Gabala,Azerbaijan,False,Draw,1399.0,1357.0,42.0,2024
2024-11-16,Netherlands,Hungary,4.0,0.0,UEFA Nations League,Amsterdam,Netherlands,False,Home Win,2003.0,1791.0,212.0,2024
2024-11-16,Georgia,Ukraine,1.0,1.0,UEFA Nations League,Batumi,Georgia,False,Draw,1650.0,1857.0,-207.0,2024
2024-11-16,Montenegro,Iceland,0.0,2.0,UEFA Nations League,Nikšić,Montenegro,False,Away Win,1516.0,1574.0,-58.0,2024
2024-11-16,Turkey,Wales,0.0,0.0,UEFA Nations League,Kayseri,Turkey,False,Draw,1811.0,1701.0,110.0,2024
2024-11-16,Nepal,Afghanistan,2.0,0.0,Friendly,Dushanbe,Tajikistan,True,Home Win,894.0,1085.0,-191.0,2024
2024-11-16,Sweden,Slovakia,2.0,1.0,UEFA Nations League,Solna,Sweden,False,Home Win,1691.0,1567.0,124.0,2024
2024-11-16,Bangladesh,Maldives,2.0,1.0,Friendly,Dhaka,Bangladesh,False,Home Win,939.0,896.0,43.0,2024
2024-11-16,Ethiopia,Tanzania,0.0,2.0,African Cup of Nations qualification,Kinshasa,DR Congo,True,Away Win,1276.0,1313.0,-37.0,2024
2024-11-16,Albania,Czechia,0.0,0.0,UEFA Nations League,Tirana,Albania,False,Draw,1616.0,1753.0,-137.0,2024
2024-11-17,England,Ireland,5.0,0.0,UEFA Nations League,London,England,False,Home Win,2030.0,1689.0,341.0,2024
2024-11-17,Israel,Belgium,1.0,0.0,UEFA Nations League,Budapest,Hungary,True,Home Win,1556.0,1923.0,-367.0,2024
2024-11-17,Italy,France,1.0,3.0,UEFA Nations League,Milan,Italy,False,Away Win,1943.0,2014.0,-71.0,2024
2024-11-17,Thailand,Laos,1.0,1.0,Friendly,Pathum Thani,Thailand,False,Draw,1437.0,680.0,757.0,2024
2024-11-17,Finland,Greece,0.0,2.0,UEFA Nations League,Helsinki,Finland,False,Away Win,1621.0,1738.0,-117.0,2024
2024-11-17,Latvia,Armenia,1.0,2.0,UEFA Nations League,Riga,Latvia,False,Away Win,1349.0,1470.0,-121.0,2024
2024-11-17,Algeria,Liberia,5.0,1.0,African Cup of Nations qualification,Tizi Ouzou,Algeria,False,Home Win,1712.0,1270.0,442.0,2024
2024-11-17,Norway,Kazakhstan,5.0,0.0,UEFA Nations League,Oslo,Norway,False,Home Win,1747.0,1457.0,290.0,2024
2024-11-17,Austria,Slovenia,1.0,1.0,UEFA Nations League,Vienna,Austria,False,Draw,1853.0,1777.0,76.0,2024
2024-11-18,India,Malaysia,1.0,1.0,Friendly,Hyderabad,India,False,Draw,1175.0,1285.0,-110.0,2024
2024-11-18,Croatia,Portugal,1.0,1.0,UEFA Nations League,Split,Croatia,False,Draw,1917.0,1994.0,-77.0,2024
2024-11-18,Serbia,Denmark,0.0,0.0,UEFA Nations League,Leskovac,Serbia,False,Draw,1812.0,1858.0,-46.0,2024
2024-11-18,Spain,Switzerland,3.0,2.0,UEFA Nations League,Santa Cruz de Tenerife,Spain,False,Home Win,2160.0,1827.0,333.0,2024
2024-11-18,Kosovo,Lithuania,1.0,0.0,UEFA Nations League,Pristina,Kosovo,False,Home Win,1527.0,1308.0,219.0,2024
2024-11-18,Romania,Cyprus,4.0,1.0,UEFA Nations League,Bucharest,Romania,False,Home Win,1723.0,1299.0,424.0,2024
2024-11-18,Bulgaria,Belarus,1.0,1.0,UEFA Nations League,Sofia,Bulgaria,False,Draw,1493.0,1467.0,26.0,2024
2024-11-18,Libya,Benin,0.0,0.0,African Cup of Nations qualification,Tripoli,Libya,False,Draw,1347.0,1476.0,-129.0,2024
2024-11-18,Poland,Scotland,1.0,2.0,UEFA Nations League,Warsaw,Poland,False,Away Win,1728.0,1698.0,30.0,2024
2024-11-18,Tahiti,Vanuatu,2.0,0.0,FIFA World Cup qualification,Auckland,New Zealand,True,Home Win,1147.0,1097.0,50.0,2024
2024-11-18,Tunisia,Gambia,0.0,1.0,African Cup of Nations qualification,Tunis,Tunisia,False,Away Win,1731.0,1443.0,288.0,2024
2024-11-18,Comoros,Madagascar,1.0,0.0,African Cup of Nations qualification,Al Hoceima,Morocco,True,Home Win,1340.0,1325.0,15.0,2024
2024-11-18,Morocco,Lesotho,7.0,0.0,African Cup of Nations qualification,Oujda,Morocco,False,Home Win,1782.0,1203.0,579.0,2024
2024-11-18,Nigeria,Rwanda,1.0,2.0,African Cup of Nations qualification,Uyo,Nigeria,False,Away Win,1657.0,1271.0,386.0,2024
2024-11-18,Ghana,Niger,1.0,2.0,African Cup of Nations qualification,Accra,Ghana,False,Away Win,1499.0,1239.0,260.0,2024
2024-11-18,Sudan,Angola,0.0,0.0,African Cup of Nations qualification,Benghazi,Libya,True,Draw,1383.0,1581.0,-198.0,2024
2024-11-18,Singapore,Taiwan,2.0,3.0,Friendly,Kallang,Singapore,False,Away Win,1127.0,912.0,215.0,2024
2024-11-19,Senegal,Burundi,2.0,0.0,African Cup of Nations qualification,Dakar,Senegal,False,Home Win,1753.0,1311.0,442.0,2024
2024-11-19,Hungary,Germany,1.0,1.0,UEFA Nations League,Budapest,Hungary,False,Draw,1791.0,1950.0,-159.0,2024
2024-11-19,Albania,Ukraine,1.0,2.0,UEFA Nations League,Tirana,Albania,False,Away Win,1616.0,1857.0,-241.0,2024
2024-11-19,Czechia,Georgia,2.0,1.0,UEFA Nations League,Olomouc,Czech Republic,False,Home Win,1753.0,1650.0,103.0,2024
2024-11-19,Wales,Iceland,4.0,1.0,UEFA Nations League,Cardiff,Wales,False,Home Win,1701.0,1574.0,127.0,2024
2024-11-19,Montenegro,Turkey,3.0,1.0,UEFA Nations League,Podgorica,Montenegro,False,Home Win,1516.0,1811.0,-295.0,2024
2024-11-19,Bolivia,Paraguay,2.0,2.0,FIFA World Cup qualification,El Alto,Bolivia,False,Draw,1590.0,1703.0,-113.0,2024
2024-11-19,Canada,Suriname,3.0,0.0,CONCACAF Nations League,Toronto,Canada,False,Home Win,1724.0,1338.0,386.0,2024
2024-11-19,Slovakia,Estonia,1.0,0.0,UEFA Nations League,Trnava,Slovakia,False,Home Win,1567.0,1357.0,210.0,2024
2024-11-19,Guyana,Barbados,5.0,3.0,CONCACAF Nations League,Georgetown,Guyana,False,Home Win,1251.0,955.0,296.0,2024
2024-11-19,Mexico,Honduras,4.0,0.0,CONCACAF Nations League,Toluca,Mexico,False,Home Win,1826.0,1538.0,288.0,2024
2024-11-19,Myanmar,Lebanon,2.0,3.0,Friendly,Yangon,Myanmar,False,Away Win,926.0,1284.0,-358.0,2024
2024-11-19,Tajikistan,Afghanistan,3.0,1.0,Friendly,Dushanbe,Tajikistan,False,Home Win,1380.0,1085.0,295.0,2024
2024-11-19,Russia,Syria,4.0,0.0,Friendly,Volgograd,Russia,False,Home Win,1773.0,1441.0,332.0,2024
2024-11-19,Sweden,Azerbaijan,6.0,0.0,UEFA Nations League,Solna,Sweden,False,Home Win,1691.0,1399.0,292.0,2024
2024-11-19,China,Japan,1.0,3.0,FIFA World Cup qualification,Xiamen,China,False,Away Win,1400.0,1852.0,-452.0,2024
2024-11-19,Congo,Uganda,0.0,1.0,African Cup of Nations qualification,Brazzaville,Congo,False,Away Win,1261.0,1389.0,-128.0,2024
2024-11-19,Malta,Andorra,0.0,0.0,UEFA Nations League,Ta' Qali,Malta,False,Draw,1258.0,1115.0,143.0,2024
2024-11-19,Chile,Venezuela,4.0,2.0,FIFA World Cup qualification,Santiago,Chile,False,Home Win,1739.0,1750.0,-11.0,2024
2024-11-19,Brazil,Uruguay,1.0,1.0,FIFA World Cup qualification,Salvador,Brazil,False,Draw,2090.0,1914.0,176.0,2024
2024-11-19,Kyrgyzstan,Iran,2.0,3.0,FIFA World Cup qualification,Bishkek,Kyrgyzstan,False,Away Win,1266.0,1816.0,-550.0,2024
2024-11-19,Oman,Iraq,0.0,1.0,FIFA World Cup qualification,Muscat,Oman,False,Away Win,1526.0,1640.0,-114.0,2024
2024-11-19,Kuwait,Jordan,1.0,1.0,FIFA World Cup qualification,Kuwait City,Kuwait,False,Draw,1340.0,1599.0,-259.0,2024
2024-11-19,Colombia,Ecuador,0.0,1.0,FIFA World Cup qualification,Barranquilla,Colombia,False,Away Win,2014.0,1886.0,128.0,2024
2024-11-19,Bahrain,Australia,2.0,2.0,FIFA World Cup qualification,Riffa,Bahrain,False,Draw,1461.0,1767.0,-306.0,2024
2024-11-19,Egypt,Botswana,1.0,1.0,African Cup of Nations qualification,Cairo,Egypt,False,Draw,1676.0,1326.0,350.0,2024
2024-11-19,Tanzania,Guinea,1.0,0.0,African Cup of Nations qualification,Dar es Salaam,Tanzania,False,Home Win,1313.0,1466.0,-153.0,2024
2024-11-19,Guinea-Bissau,Mozambique,1.0,2.0,African Cup of Nations qualification,Bissau,Guinea-Bissau,False,Away Win,1411.0,1311.0,100.0,2024
2024-11-19,Cameroon,Zimbabwe,2.0,1.0,African Cup of Nations qualification,Yaoundé,Cameroon,False,Home Win,1625.0,1333.0,292.0,2024
2024-11-19,Kenya,Namibia,0.0,0.0,African Cup of Nations qualification,Polokwane,South Africa,True,Draw,1371.0,1414.0,-43.0,2024
2024-11-19,Argentina,Peru,1.0,0.0,FIFA World Cup qualification,Buenos Aires,Argentina,False,Home Win,2159.0,1798.0,361.0,2024
2024-11-19,Mali,Eswatini,6.0,0.0,African Cup of Nations qualification,Bamako,Mali,False,Home Win,1631.0,1269.0,362.0,2024
2024-12-08,Cambodia,Malaysia,2.0,2.0,ASEAN Championship,Phnom Penh,Cambodia,False,Draw,867.0,1285.0,-418.0,2024
2024-12-09,Myanmar,Indonesia,0.0,1.0,ASEAN Championship,Yangon,Myanmar,False,Away Win,926.0,1297.0,-371.0,2024
2024-12-09,Laos,Vietnam,1.0,4.0,ASEAN Championship,Vientiane,Laos,False,Away Win,680.0,1250.0,-570.0,2024
2024-12-11,Singapore,Cambodia,2.0,1.0,ASEAN Championship,Singapore,Singapore,False,Home Win,1127.0,867.0,260.0,2024
2024-12-11,Taiwan,Mongolia,4.0,0.0,EAFF Championship qualification,Hong Kong,Hong Kong,True,Home Win,912.0,805.0,107.0,2024
2024-12-12,Philippines,Myanmar,1.0,1.0,ASEAN Championship,Manila,Philippines,False,Draw,1052.0,904.0,148.0,2024
2024-12-12,Indonesia,Laos,3.0,3.0,ASEAN Championship,Surakarta,Indonesia,False,Draw,1397.0,672.0,725.0,2024
2024-12-12,Fiji,Vanuatu,1.0,1.0,MSG Prime Minister's Cup,Honiara,Solomon Islands,True,Draw,1221.0,1056.0,165.0,2024
2024-12-14,Thailand,Malaysia,1.0,0.0,ASEAN Championship,Bangkok,Thailand,False,Home Win,1437.0,1285.0,152.0,2024
2024-12-14,Macao,Guam,1.0,2.0,EAFF Championship qualification,Hong Kong,Hong Kong,True,Away Win,657.0,705.0,-48.0,2024
2024-12-15,Laos,Philippines,1.0,1.0,ASEAN Championship,Vientiane,Laos,False,Draw,672.0,1052.0,-380.0,2024
2024-12-15,Vietnam,Indonesia,1.0,0.0,ASEAN Championship,Việt Trì,Vietnam,False,Home Win,1254.0,1397.0,-143.0,2024
2024-12-17,Singapore,Thailand,2.0,4.0,ASEAN Championship,Singapore,Singapore,False,Away Win,1127.0,1437.0,-310.0,2024
2024-12-18,Myanmar,Laos,3.0,2.0,ASEAN Championship,Yangon,Myanmar,False,Home Win,904.0,672.0,232.0,2024
2024-12-18,Philippines,Vietnam,1.0,1.0,ASEAN Championship,Manila,Philippines,False,Draw,1052.0,1254.0,-202.0,2024
2024-12-20,Thailand,Cambodia,3.0,2.0,ASEAN Championship,Bangkok,Thailand,False,Home Win,1437.0,867.0,570.0,2024
2024-12-20,Malaysia,Singapore,0.0,0.0,ASEAN Championship,Kuala Lumpur,Malaysia,False,Draw,1285.0,1127.0,158.0,2024
2024-12-21,Vietnam,Myanmar,5.0,0.0,ASEAN Championship,Việt Trì,Vietnam,False,Home Win,1254.0,904.0,350.0,2024
2024-12-21,Indonesia,Philippines,0.0,1.0,ASEAN Championship,Surakarta,Indonesia,False,Away Win,1397.0,1052.0,345.0,2024
2024-12-21,Kuwait,Oman,1.0,1.0,Gulf Cup,Kuwait City,Kuwait,False,Draw,1345.0,1526.0,-181.0,2024
2024-12-22,Iraq,Yemen,1.0,0.0,Gulf Cup,Sulaibikhat,Kuwait,True,Home Win,1640.0,1092.0,548.0,2024
2024-12-24,Oman,Qatar,2.0,1.0,Gulf Cup,Sulaibikhat,Kuwait,True,Home Win,1526.0,1638.0,-112.0,2024
2024-12-25,Bahrain,Iraq,2.0,0.0,Gulf Cup,Kuwait City,Kuwait,True,Home Win,1461.0,1640.0,-179.0,2024
2024-12-26,Singapore,Vietnam,0.0,2.0,ASEAN Championship,Singapore,Singapore,False,Away Win,1127.0,1254.0,-127.0,2024
2024-12-27,Philippines,Thailand,2.0,1.0,ASEAN Championship,Manila,Philippines,False,Home Win,1052.0,1437.0,-385.0,2024
2024-12-27,Kuwait,Qatar,1.0,1.0,Gulf Cup,Kuwait City,Kuwait,False,Draw,1345.0,1638.0,-293.0,2024
2024-12-28,Bahrain,Yemen,1.0,2.0,Gulf Cup,Sulaibikhat,Kuwait,True,Away Win,1461.0,1092.0,369.0,2024
2024-12-29,Vietnam,Singapore,3.0,1.0,ASEAN Championship,Việt Trì,Vietnam,False,Home Win,1254.0,1127.0,127.0,2024
2024-12-30,Thailand,Philippines,3.0,1.0,ASEAN Championship,Bangkok,Thailand,False,Home Win,1437.0,1052.0,385.0,2024
2024-12-31,Kuwait,Bahrain,0.0,1.0,Gulf Cup,Kuwait City,Kuwait,False,Away Win,1345.0,1461.0,-116.0,2024
2025-01-02,Vietnam,Thailand,2.0,1.0,ASEAN Championship,Việt Trì,Vietnam,False,Home Win,1254.0,1437.0,-183.0,2025
2025-01-03,Zanzibar,Tanzania,1.0,0.0,Mapinduzi Cup,Gombani,Zanzibar,False,Home Win,1357.0,1313.0,44.0,2025
2025-01-04,Oman,Bahrain,1.0,2.0,Gulf Cup,Kuwait City,Kuwait,True,Away Win,1526.0,1461.0,65.0,2025
2025-01-05,Thailand,Vietnam,2.0,3.0,ASEAN Championship,Bangkok,Thailand,False,Away Win,1437.0,1254.0,183.0,2025
2025-01-07,Tanzania,Kenya,0.0,2.0,Mapinduzi Cup,Gombani,Zanzibar,True,Away Win,1313.0,1371.0,-58.0,2025
2025-01-10,Zanzibar,Kenya,1.0,0.0,Mapinduzi Cup,Gombani,Zanzibar,False,Home Win,1357.0,1371.0,-14.0,2025
2025-01-22,Uzbekistan,Jordan,0.0,0.0,Friendly,Doha,Qatar,True,Draw,1667.0,1599.0,68.0,2025
2025-02-08,Chile,Panama,6.0,1.0,Friendly,Santiago,Chile,False,Home Win,1739.0,1719.0,20.0,2025
2025-02-13,Oman,Sudan,0.0,0.0,Friendly,Muscat,Oman,False,Draw,1526.0,1383.0,143.0,2025
2025-03-13,Oman,Sudan,0.0,0.0,Friendly,Muscat,Oman,False,Draw,1526.0,1383.0,143.0,2025
2025-03-16,Honduras,Guatemala,1.0,2.0,Friendly,Fort Lauderdale,United States,True,Away Win,1538.0,1503.0,35.0,2025
2025-03-19,Eswatini,Cameroon,0.0,0.0,FIFA World Cup qualification,Mbombela,South Africa,True,Draw,1269.0,1625.0,-356.0,2025
2025-03-19,India,Maldives,3.0,0.0,Friendly,Shillong,India,False,Home Win,1175.0,896.0,279.0,2025
2025-03-19,Vietnam,Cambodia,2.0,1.0,Friendly,Thủ Dầu Một,Vietnam,False,Home Win,1254.0,867.0,387.0,2025
2025-03-19,Kazakhstan,Curaçao,2.0,0.0,Friendly,Antalya,Turkey,True,Home Win,1457.0,1328.0,129.0,2025
2025-03-19,Russia,Grenada,5.0,0.0,Friendly,Moscow,Russia,False,Home Win,1773.0,1070.0,703.0,2025
2025-03-19,Liberia,Tunisia,0.0,1.0,FIFA World Cup qualification,Monrovia,Liberia,False,Away Win,1270.0,1731.0,-461.0,2025
2025-03-20,Canada,Mexico,0.0,2.0,CONCACAF Nations League,Inglewood,United States,True,Away Win,1724.0,1826.0,-102.0,2025
2025-03-20,Croatia,France,2.0,0.0,UEFA Nations League,Split,Croatia,False,Home Win,1917.0,2014.0,-97.0,2025
2025-03-20,Paraguay,Chile,1.0,0.0,FIFA World Cup qualification,Asunción,Paraguay,False,Home Win,1703.0,1739.0,-36.0,2025
2025-03-20,Italy,Germany,1.0,2.0,UEFA Nations League,Milan,Italy,False,Away Win,1943.0,1950.0,-7.0,2025
2025-03-20,Netherlands,Spain,2.0,2.0,UEFA Nations League,Rotterdam,Netherlands,False,Draw,2003.0,2160.0,-157.0,2025
2025-03-20,Denmark,Portugal,1.0,0.0,UEFA Nations League,Copenhagen,Denmark,False,Home Win,1858.0,1994.0,-136.0,2025
2025-03-20,Gabon,Seychelles,3.0,0.0,FIFA World Cup qualification,Franceville,Gabon,False,Home Win,1494.0,859.0,635.0,2025
2025-03-20,Armenia,Georgia,0.0,3.0,UEFA Nations League,Yerevan,Armenia,False,Away Win,1470.0,1650.0,-180.0,2025
2025-03-20,Bulgaria,Ireland,1.0,2.0,UEFA Nations League,Plovdiv,Bulgaria,False,Away Win,1493.0,1689.0,-196.0,2025
2025-03-20,Kosovo,Iceland,2.0,1.0,UEFA Nations League,Pristina,Kosovo,False,Home Win,1527.0,1574.0,-47.0,2025
2025-03-20,Slovakia,Slovenia,0.0,0.0,UEFA Nations League,Bratislava,Slovakia,False,Draw,1567.0,1777.0,-210.0,2025
2025-03-20,Greece,Scotland,0.0,1.0,UEFA Nations League,Piraeus,Greece,False,Away Win,1738.0,1698.0,40.0,2025
2025-03-20,Tajikistan,Belarus,0.0,5.0,Friendly,Dushanbe,Tajikistan,False,Away Win,1380.0,1467.0,-87.0,2025
2025-03-20,Turkey,Hungary,3.0,1.0,UEFA Nations League,Istanbul,Turkey,False,Home Win,1811.0,1791.0,20.0,2025
2025-03-20,Austria,Serbia,1.0,1.0,UEFA Nations League,Vienna,Austria,False,Draw,1853.0,1812.0,41.0,2025
2025-03-20,Zimbabwe,Benin,2.0,2.0,FIFA World Cup qualification,Durban,South Africa,True,Draw,1333.0,1476.0,-143.0,2025
2025-03-20,Libya,Angola,1.0,1.0,FIFA World Cup qualification,Benghazi,Libya,False,Draw,1347.0,1581.0,-234.0,2025
2025-03-20,Uzbekistan,Kyrgyzstan,1.0,0.0,FIFA World Cup qualification,Tashkent,Uzbekistan,False,Home Win,1667.0,1266.0,401.0,2025
2025-03-20,Iraq,Kuwait,2.0,2.0,FIFA World Cup qualification,Basra,Iraq,False,Draw,1640.0,1345.0,295.0,2025
2025-03-20,Peru,Bolivia,3.0,1.0,FIFA World Cup qualification,Lima,Peru,False,Home Win,1798.0,1590.0,208.0,2025
2025-03-20,Japan,Bahrain,2.0,0.0,FIFA World Cup qualification,Saitama,Japan,False,Home Win,1852.0,1461.0,391.0,2025
2025-03-20,Australia,Indonesia,5.0,1.0,FIFA World Cup qualification,Sydney,Australia,False,Home Win,1767.0,1397.0,370.0,2025
2025-03-20,Jordan,Palestine,3.0,1.0,FIFA World Cup qualification,Amman,Jordan,False,Home Win,1599.0,1417.0,182.0,2025
2025-03-20,Gambia,Kenya,3.0,3.0,FIFA World Cup qualification,Ebimpé,Ivory Coast,True,Draw,1443.0,1371.0,72.0,2025
2025-03-20,Mozambique,Uganda,3.0,1.0,FIFA World Cup qualification,Cairo,Egypt,True,Home Win,1311.0,1389.0,-78.0,2025
2025-03-20,Malawi,Namibia,0.0,1.0,FIFA World Cup qualification,Lilongwe,Malawi,False,Away Win,1354.0,1414.0,-60.0,2025
2025-03-20,Comoros,Mali,0.0,3.0,FIFA World Cup qualification,Berkane,Morocco,True,Away Win,1340.0,1631.0,-291.0,2025
2025-03-20,Brazil,Colombia,2.0,1.0,FIFA World Cup qualification,Brasília,Brazil,False,Home Win,2090.0,2014.0,76.0,2025
2025-03-20,Ukraine,Belgium,3.0,1.0,UEFA Nations League,Murcia,Spain,True,Home Win,1857.0,1923.0,-66.0,2025
2025-03-21,Ethiopia,Egypt,0.0,2.0,FIFA World Cup qualification,Casablanca,Morocco,True,Away Win,1276.0,1676.0,-400.0,2025
2025-03-21,Guyana,Guatemala,3.0,2.0,Gold Cup qualification,Wildey,Barbados,True,Home Win,1251.0,1503.0,-252.0,2025
2025-03-21,Bermuda,Honduras,3.0,5.0,Gold Cup qualification,Hamilton,Bermuda,False,Away Win,1145.0,1538.0,-393.0,2025
2025-03-21,Suriname,Martinique,1.0,0.0,Gold Cup qualification,Paramaribo,Suriname,False,Home Win,1338.0,1405.0,-67.0,2025
2025-03-21,Guadeloupe,Nicaragua,1.0,0.0,Gold Cup qualification,Le Gosier,Guadeloupe,False,Home Win,1336.0,1344.0,-8.0,2025
2025-03-21,Singapore,Nepal,0.0,1.0,Friendly,Kallang,Singapore,False,Away Win,1127.0,894.0,233.0,2025
2025-03-21,Thailand,Afghanistan,2.0,0.0,Friendly,Bangkok,Thailand,False,Home Win,1437.0,1085.0,352.0,2025
2025-03-21,Ecuador,Venezuela,2.0,1.0,FIFA World Cup qualification,Quito,Ecuador,False,Home Win,1886.0,1750.0,136.0,2025
2025-03-21,Uruguay,Argentina,0.0,1.0,FIFA World Cup qualification,Montevideo,Uruguay,False,Away Win,1914.0,2159.0,-245.0,2025
2025-03-21,Morocco,Niger,2.0,1.0,FIFA World Cup qualification,Oujda,Morocco,False,Home Win,1782.0,1239.0,543.0,2025
2025-03-21,Botswana,Algeria,1.0,3.0,FIFA World Cup qualification,Francistown,Botswana,False,Away Win,1326.0,1712.0,-386.0,2025
2025-03-21,Ghana,Chad,5.0,0.0,FIFA World Cup qualification,Accra,Ghana,False,Home Win,1499.0,1178.0,321.0,2025
2025-03-21,Malta,Finland,0.0,1.0,FIFA World Cup qualification,Ta' Qali,Malta,False,Away Win,1258.0,1621.0,-363.0,2025
2025-03-21,Poland,Lithuania,1.0,0.0,FIFA World Cup qualification,Warsaw,Poland,False,Home Win,1728.0,1308.0,420.0,2025
2025-03-21,England,Albania,2.0,0.0,FIFA World Cup qualification,London,England,False,Home Win,2030.0,1616.0,414.0,2025
2025-03-21,Andorra,Latvia,0.0,1.0,FIFA World Cup qualification,Andorra la Vella,Andorra,False,Away Win,1115.0,1349.0,-234.0,2025
2025-03-21,Rwanda,Nigeria,0.0,2.0,FIFA World Cup qualification,Kigali,Rwanda,False,Away Win,1271.0,1657.0,-386.0,2025
2025-03-22,Sudan,Senegal,0.0,0.0,FIFA World Cup qualification,Benghazi,Libya,True,Draw,1383.0,1753.0,-370.0,2025
2025-03-22,Luxembourg,Sweden,1.0,0.0,Friendly,Luxembourg,Luxembourg,False,Home Win,1470.0,1691.0,-221.0,2025
2025-03-22,Togo,Mauritania,2.0,2.0,FIFA World Cup qualification,Lomé,Togo,False,Draw,1368.0,1372.0,-4.0,2025
2025-03-22,Azerbaijan,Haiti,0.0,3.0,Friendly,Sumgait,Azerbaijan,False,Away Win,1399.0,1517.0,-118.0,2025
2025-03-22,Montenegro,Gibraltar,3.0,1.0,FIFA World Cup qualification,Nikšić,Montenegro,False,Home Win,1516.0,1051.0,465.0,2025
2025-03-22,Israel,Estonia,2.0,1.0,FIFA World Cup qualification,Debrecen,Hungary,True,Home Win,1556.0,1357.0,199.0,2025
2025-03-22,Wales,Kazakhstan,3.0,1.0,FIFA World Cup qualification,Cardiff,Wales,False,Home Win,1701.0,1425.0,276.0,2025
2025-03-23,Spain,Netherlands,3.0,3.0,UEFA Nations League,Valencia,Spain,False,Draw,2160.0,2003.0,157.0,2025
2025-03-23,Portugal,Denmark,5.0,2.0,UEFA Nations League,Lisbon,Portugal,False,Home Win,1994.0,1858.0,136.0,2025
2025-03-23,Hungary,Turkey,0.0,3.0,UEFA Nations League,Budapest,Hungary,False,Away Win,1791.0,1811.0,-20.0,2025
2025-03-23,France,Croatia,2.0,0.0,UEFA Nations League,Paris,France,False,Home Win,2014.0,1917.0,97.0,2025
2025-03-23,Panama,Mexico,1.0,2.0,CONCACAF Nations League,Inglewood,United States,True,Away Win,1719.0,1826.0,-107.0,2025
2025-03-23,Germany,Italy,3.0,3.0,UEFA Nations League,Dortmund,Germany,False,Draw,1950.0,1943.0,7.0,2025
2025-03-23,Serbia,Austria,2.0,0.0,UEFA Nations League,Belgrade,Serbia,False,Home Win,1812.0,1853.0,-41.0,2025
2025-03-23,Belgium,Ukraine,3.0,0.0,UEFA Nations League,Genk,Belgium,False,Home Win,1923.0,1857.0,66.0,2025
2025-03-23,Ireland,Bulgaria,2.0,1.0,UEFA Nations League,Dublin,Republic of Ireland,False,Home Win,1689.0,1493.0,196.0,2025
2025-03-23,Eswatini,Mauritius,3.0,3.0,FIFA World Cup qualification,Mbombela,South Africa,True,Draw,1233.0,1029.0,204.0,2025
2025-03-23,Slovenia,Slovakia,1.0,0.0,UEFA Nations League,Ljubljana,Slovenia,False,Home Win,1777.0,1567.0,210.0,2025
2025-03-23,Kenya,Gabon,1.0,2.0,FIFA World Cup qualification,Nairobi,Kenya,False,Away Win,1371.0,1494.0,-123.0,2025
2025-03-23,Iceland,Kosovo,1.0,3.0,UEFA Nations League,Murcia,Spain,True,Away Win,1574.0,1527.0,47.0,2025
2025-03-23,Georgia,Armenia,6.0,1.0,UEFA Nations League,Tbilisi,Georgia,False,Home Win,1650.0,1470.0,180.0,2025
2025-03-23,Scotland,Greece,0.0,3.0,UEFA Nations League,Glasgow,Scotland,False,Away Win,1698.0,1738.0,-40.0,2025
2025-03-24,Madagascar,Ghana,0.0,3.0,FIFA World Cup qualification,Al Hoceima,Morocco,True,Away Win,1323.0,1499.0,-176.0,2025
2025-03-24,Ethiopia,Djibouti,6.0,1.0,FIFA World Cup qualification,El Jadida,Morocco,True,Home Win,1276.0,752.0,524.0,2025
2025-03-24,Poland,Malta,2.0,0.0,FIFA World Cup qualification,Warsaw,Poland,False,Home Win,1728.0,1258.0,470.0,2025
2025-03-24,Tunisia,Malawi,2.0,0.0,FIFA World Cup qualification,Radès,Tunisia,False,Home Win,1606.0,1354.0,252.0,2025
2025-03-24,England,Latvia,3.0,0.0,FIFA World Cup qualification,London,England,False,Home Win,2030.0,1349.0,681.0,2025
2025-03-24,Albania,Andorra,3.0,0.0,FIFA World Cup qualification,Tirana,Albania,False,Home Win,1616.0,1115.0,501.0,2025
2025-03-24,Lithuania,Finland,2.0,2.0,FIFA World Cup qualification,Kaunas,Lithuania,False,Draw,1308.0,1621.0,-313.0,2025
2025-03-25,Vietnam,Laos,5.0,0.0,AFC Asian Cup qualification,Thủ Dầu Một,Vietnam,False,Home Win,1358.0,672.0,686.0,2025
2025-03-25,Venezuela,Peru,1.0,0.0,FIFA World Cup qualification,Maturín,Venezuela,False,Home Win,1750.0,1798.0,-48.0,2025
2025-03-25,Philippines,Maldives,4.0,1.0,AFC Asian Cup qualification,Capas,Philippines,False,Home Win,1052.0,886.0,166.0,2025
2025-03-25,Lebanon,Brunei,5.0,0.0,AFC Asian Cup qualification,Al Wakrah,Qatar,True,Home Win,1284.0,601.0,683.0,2025
2025-03-25,India,Bangladesh,0.0,0.0,AFC Asian Cup qualification,Shillong,India,False,Draw,1178.0,939.0,239.0,2025
2025-03-25,Taiwan,Turkmenistan,1.0,2.0,AFC Asian Cup qualification,Kaohsiung,Taiwan,False,Away Win,912.0,1216.0,-304.0,2025
2025-03-25,Myanmar,Afghanistan,2.0,1.0,AFC Asian Cup qualification,Yangon,Myanmar,False,Home Win,904.0,1085.0,-181.0,2025
2025-03-25,Syria,Pakistan,2.0,0.0,AFC Asian Cup qualification,Al Hofuf,Saudi Arabia,True,Home Win,1441.0,828.0,613.0,2025
2025-03-25,Malaysia,Nepal,2.0,0.0,AFC Asian Cup qualification,Johor,Malaysia,False,Home Win,1285.0,894.0,391.0,2025
2025-03-25,Cambodia,Aruba,1.0,2.0,Friendly,Phnom Penh,Cambodia,False,Away Win,850.0,943.0,-93.0,2025
2025-03-25,Honduras,Bermuda,2.0,0.0,Gold Cup qualification,Tegucigalpa,Honduras,False,Home Win,1538.0,1145.0,393.0,2025
2025-03-25,Martinique,Suriname,0.0,1.0,Gold Cup qualification,Fort-de-France,Martinique,False,Away Win,1405.0,1338.0,67.0,2025
2025-03-25,Nicaragua,Guadeloupe,0.0,1.0,Gold Cup qualification,Managua,Nicaragua,False,Away Win,1344.0,1336.0,8.0,2025
2025-03-25,Azerbaijan,Belarus,0.0,2.0,Friendly,Masazir,Azerbaijan,False,Away Win,1399.0,1467.0,-68.0,2025
2025-03-25,Russia,Zambia,5.0,0.0,Friendly,Moscow,Russia,False,Home Win,1789.0,1523.0,266.0,2025
2025-03-25,Colombia,Paraguay,2.0,2.0,FIFA World Cup qualification,Barranquilla,Colombia,False,Draw,2014.0,1703.0,311.0,2025
2025-03-25,Niger,Bonaire,6.0,0.0,Friendly,Casablanca,Morocco,True,Home Win,1239.0,861.0,378.0,2025
2025-03-25,Guatemala,Guyana,2.0,0.0,Gold Cup qualification,Guatemala City,Guatemala,False,Home Win,1503.0,1251.0,252.0,2025
2025-03-25,Switzerland,Luxembourg,3.0,1.0,Friendly,St. Gallen,Switzerland,False,Home Win,1827.0,1470.0,357.0,2025
2025-03-25,Bhutan,Yemen,0.0,0.0,AFC Asian Cup qualification,Thimphu,Bhutan,False,Draw,566.0,1092.0,-526.0,2025
2025-03-25,Bolivia,Uruguay,0.0,0.0,FIFA World Cup qualification,El Alto,Bolivia,False,Draw,1590.0,1914.0,-324.0,2025
2025-03-25,Cameroon,Libya,3.0,1.0,FIFA World Cup qualification,Yaoundé,Cameroon,False,Home Win,1578.0,1347.0,231.0,2025
2025-03-25,Argentina,Brazil,4.0,1.0,FIFA World Cup qualification,Buenos Aires,Argentina,False,Home Win,2159.0,2090.0,69.0,2025
2025-03-25,Nigeria,Zimbabwe,1.0,1.0,FIFA World Cup qualification,Uyo,Nigeria,False,Draw,1657.0,1333.0,324.0,2025
2025-03-25,Kyrgyzstan,Qatar,3.0,1.0,FIFA World Cup qualification,Bishkek,Kyrgyzstan,False,Home Win,1266.0,1638.0,-372.0,2025
2025-03-25,Kuwait,Oman,0.0,1.0,FIFA World Cup qualification,Kuwait City,Kuwait,False,Away Win,1345.0,1526.0,-181.0,2025
2025-03-25,Palestine,Iraq,2.0,1.0,FIFA World Cup qualification,Amman,Jordan,True,Home Win,1417.0,1640.0,-223.0,2025
2025-03-25,China,Australia,0.0,2.0,FIFA World Cup qualification,Hangzhou,China,False,Away Win,1400.0,1767.0,-367.0,2025
2025-03-25,Indonesia,Bahrain,1.0,0.0,FIFA World Cup qualification,Jakarta,Indonesia,False,Home Win,1397.0,1461.0,-64.0,2025
2025-03-25,Senegal,Togo,2.0,0.0,FIFA World Cup qualification,Diamniadio,Senegal,False,Home Win,1753.0,1368.0,385.0,2025
2025-03-25,Rwanda,Lesotho,1.0,1.0,FIFA World Cup qualification,Kigali,Rwanda,False,Draw,1271.0,1203.0,68.0,2025
2025-03-25,Iran,Uzbekistan,2.0,2.0,FIFA World Cup qualification,Tehran,Iran,False,Draw,1816.0,1667.0,149.0,2025
2025-03-25,Morocco,Tanzania,2.0,0.0,FIFA World Cup qualification,Oujda,Morocco,False,Home Win,1782.0,1313.0,469.0,2025
2025-03-25,Burundi,Seychelles,5.0,0.0,FIFA World Cup qualification,Meknes,Morocco,True,Home Win,1311.0,859.0,452.0,2025
2025-03-25,Uganda,Guinea,1.0,0.0,FIFA World Cup qualification,Kira,Uganda,False,Home Win,1389.0,1466.0,-77.0,2025
2025-03-25,Algeria,Mozambique,5.0,1.0,FIFA World Cup qualification,Tizi Ouzou,Algeria,False,Home Win,1712.0,1311.0,401.0,2025
2025-03-25,Chile,Ecuador,0.0,0.0,FIFA World Cup qualification,Santiago,Chile,False,Draw,1739.0,1886.0,-147.0,2025
2025-03-25,Gibraltar,Czechia,0.0,4.0,FIFA World Cup qualification,Faro-Loulé,Portugal,True,Away Win,1051.0,1753.0,-702.0,2025
2025-03-25,Israel,Norway,2.0,4.0,FIFA World Cup qualification,Debrecen,Hungary,True,Away Win,1556.0,1747.0,-191.0,2025
2025-03-25,Comoros,Chad,1.0,0.0,FIFA World Cup qualification,Berkane,Morocco,True,Home Win,1340.0,1178.0,162.0,2025
2025-03-25,Liechtenstein,Kazakhstan,0.0,2.0,FIFA World Cup qualification,Vaduz,Liechtenstein,False,Away Win,977.0,1425.0,-448.0,2025
2025-05-09,Dominica,Barbados,0.0,0.0,Friendly,Roseau,Dominica,False,Draw,999.0,955.0,44.0,2025
2025-05-11,Dominica,Barbados,0.0,0.0,Friendly,Roseau,Dominica,False,Draw,999.0,955.0,44.0,2025
2025-05-28,Nigeria,Ghana,2.0,1.0,Unity Cup,London,England,True,Home Win,1657.0,1499.0,158.0,2025
2025-05-28,Oman,Lebanon,1.0,0.0,Friendly,Muscat,Oman,False,Home Win,1526.0,1284.0,242.0,2025
2025-05-31,Jamaica,Nigeria,2.0,2.0,Unity Cup,London,England,True,Draw,1610.0,1657.0,-47.0,2025
2025-06-01,Grenada,Anguilla,2.0,0.0,Friendly,St. George's,Grenada,False,Home Win,1072.0,622.0,450.0,2025
2025-06-04,Germany,Portugal,1.0,2.0,UEFA Nations League,Munich,Germany,False,Away Win,1950.0,1994.0,-44.0,2025
2025-06-04,Thailand,India,2.0,0.0,Friendly,Pathum Thani,Thailand,False,Home Win,1437.0,1178.0,259.0,2025
2025-06-04,Bangladesh,Bhutan,2.0,0.0,Friendly,Dhaka,Bangladesh,False,Home Win,939.0,566.0,373.0,2025
2025-06-04,Grenada,Bahamas,6.0,0.0,FIFA World Cup qualification,St. George's,Grenada,False,Home Win,1072.0,806.0,266.0,2025
2025-06-04,Barbados,Aruba,1.0,1.0,FIFA World Cup qualification,Wildey,Barbados,False,Draw,955.0,943.0,12.0,2025
2025-06-04,Montserrat,Belize,1.0,0.0,FIFA World Cup qualification,Couva,Trinidad and Tobago,True,Home Win,1003.0,1057.0,-54.0,2025
2025-06-05,Singapore,Maldives,3.0,1.0,Friendly,Bishan,Singapore,False,Home Win,1127.0,886.0,241.0,2025
2025-06-05,Spain,France,5.0,4.0,UEFA Nations League,Stuttgart,Germany,True,Home Win,2160.0,2014.0,146.0,2025
2025-06-05,Algeria,Rwanda,2.0,0.0,Friendly,Constantine,Algeria,False,Home Win,1712.0,1271.0,441.0,2025
2025-06-05,Paraguay,Uruguay,2.0,0.0,FIFA World Cup qualification,Asunción,Paraguay,False,Home Win,1703.0,1914.0,-211.0,2025
2025-06-05,Cambodia,Tajikistan,1.0,2.0,Friendly,Phnom Penh,Cambodia,False,Away Win,850.0,1380.0,-530.0,2025
2025-06-05,Ecuador,Brazil,0.0,0.0,FIFA World Cup qualification,Guayaquil,Ecuador,False,Draw,1886.0,2090.0,-204.0,2025
2025-06-05,Kuwait,Palestine,0.0,2.0,FIFA World Cup qualification,Kuwait City,Kuwait,False,Away Win,1345.0,1417.0,-72.0,2025
2025-06-05,Chile,Argentina,0.0,1.0,FIFA World Cup qualification,Santiago,Chile,False,Away Win,1739.0,2159.0,-420.0,2025
2025-06-05,Oman,Jordan,0.0,3.0,FIFA World Cup qualification,Muscat,Oman,False,Away Win,1526.0,1599.0,-73.0,2025
2025-06-05,Indonesia,China,1.0,0.0,FIFA World Cup qualification,Jakarta,Indonesia,False,Home Win,1397.0,1400.0,-3.0,2025
2025-06-05,Australia,Japan,1.0,0.0,FIFA World Cup qualification,Perth,Australia,False,Home Win,1767.0,1852.0,-85.0,2025
2025-06-05,Qatar,Iran,1.0,0.0,FIFA World Cup qualification,Al Rayyan,Qatar,False,Home Win,1638.0,1816.0,-178.0,2025
2025-06-05,Belarus,Kazakhstan,4.0,1.0,Friendly,Borisov,Belarus,False,Home Win,1467.0,1425.0,42.0,2025
2025-06-06,Ireland,Senegal,1.0,1.0,Friendly,Dublin,Republic of Ireland,False,Draw,1689.0,1753.0,-64.0,2025
2025-06-06,Bulgaria,Cyprus,2.0,2.0,Friendly,Plovdiv,Bulgaria,False,Draw,1493.0,1299.0,194.0,2025
2025-06-06,Burundi,Guinea-Bissau,1.0,0.0,Friendly,Berrechid,Egypt,True,Home Win,1311.0,1411.0,-100.0,2025
2025-06-06,Hungary,Sweden,0.0,2.0,Friendly,Budapest,Hungary,False,Away Win,1791.0,1691.0,100.0,2025
2025-06-06,Kosovo,Armenia,5.0,2.0,Friendly,Pristina,Kosovo,False,Home Win,1527.0,1470.0,57.0,2025
2025-06-06,Luxembourg,Slovenia,0.0,1.0,Friendly,Luxembourg,Luxembourg,False,Away Win,1470.0,1777.0,-307.0,2025
2025-06-06,Morocco,Tunisia,2.0,0.0,Friendly,Fez,Morocco,False,Home Win,1782.0,1606.0,176.0,2025
2025-06-06,Niger,Gabon,4.0,3.0,Friendly,Casablanca,Morocco,True,Home Win,1239.0,1494.0,-255.0,2025
2025-06-06,Scotland,Iceland,1.0,3.0,Friendly,Glasgow,Scotland,False,Away Win,1698.0,1574.0,124.0,2025
2025-06-06,Uganda,Cameroon,0.0,3.0,Friendly,Marrakesh,Morocco,True,Away Win,1389.0,1578.0,-189.0,2025
2025-06-06,Colombia,Peru,0.0,0.0,FIFA World Cup qualification,Barranquilla,Colombia,False,Draw,2014.0,1798.0,216.0,2025
2025-06-06,Venezuela,Bolivia,2.0,0.0,FIFA World Cup qualification,Maturín,Venezuela,False,Home Win,1750.0,1590.0,160.0,2025
2025-06-06,Norway,Italy,3.0,0.0,FIFA World Cup qualification,Oslo,Norway,False,Home Win,1747.0,1943.0,-196.0,2025
2025-06-06,Estonia,Israel,1.0,3.0,FIFA World Cup qualification,Tallinn,Estonia,False,Away Win,1357.0,1556.0,-199.0,2025
2025-06-06,Wales,Liechtenstein,3.0,0.0,FIFA World Cup qualification,Cardiff,Wales,False,Home Win,1701.0,977.0,724.0,2025
2025-06-06,Czechia,Montenegro,2.0,0.0,FIFA World Cup qualification,Plzeň,Czech Republic,False,Home Win,1753.0,1516.0,237.0,2025
2025-06-06,Gibraltar,Croatia,0.0,7.0,FIFA World Cup qualification,Faro-Loulé,Portugal,True,Away Win,1051.0,1917.0,-866.0,2025
2025-06-06,Nicaragua,Guyana,1.0,0.0,FIFA World Cup qualification,Managua,Nicaragua,False,Home Win,1344.0,1251.0,93.0,2025
2025-06-06,Russia,Nigeria,1.0,1.0,Friendly,Moscow,Russia,False,Draw,1789.0,1657.0,132.0,2025
2025-06-07,Malta,Lithuania,0.0,0.0,FIFA World Cup qualification,Ta' Qali,Malta,False,Draw,1258.0,1308.0,-50.0,2025
2025-06-07,Greece,Slovakia,4.0,1.0,Friendly,Heraklion,Greece,False,Home Win,1738.0,1567.0,171.0,2025
2025-06-07,Latvia,Azerbaijan,0.0,0.0,Friendly,Riga,Latvia,False,Draw,1349.0,1399.0,-50.0,2025
2025-06-07,Mexico,Switzerland,2.0,4.0,Friendly,Salt Lake City,United States,True,Away Win,1826.0,1827.0,-1.0,2025
2025-06-07,Finland,Netherlands,0.0,2.0,FIFA World Cup qualification,Helsinki,Finland,False,Away Win,1621.0,2003.0,-382.0,2025
2025-06-07,Austria,Romania,2.0,1.0,FIFA World Cup qualification,Vienna,Austria,False,Home Win,1853.0,1723.0,130.0,2025
2025-06-07,Andorra,England,0.0,1.0,FIFA World Cup qualification,Barcelona,Spain,True,Away Win,1115.0,2030.0,-915.0,2025
2025-06-07,Albania,Serbia,0.0,0.0,FIFA World Cup qualification,Tirana,Albania,False,Draw,1616.0,1812.0,-196.0,2025
2025-06-07,Kenya,Chad,0.0,0.0,Friendly,Marrakesh,Morocco,True,Draw,1371.0,1178.0,193.0,2025
2025-06-07,Aruba,Haiti,0.0,5.0,FIFA World Cup qualification,Oranjestad,Aruba,False,Away Win,943.0,1517.0,-574.0,2025
2025-06-07,Belize,Panama,0.0,2.0,FIFA World Cup qualification,Belmopan,Belize,False,Away Win,1057.0,1719.0,-662.0,2025
2025-06-07,Canada,Ukraine,4.0,2.0,Canadian Shield,Toronto,Canada,False,Home Win,1724.0,1857.0,-133.0,2025
2025-06-08,Germany,France,0.0,2.0,UEFA Nations League,Stuttgart,Germany,False,Away Win,1950.0,2014.0,-64.0,2025
2025-06-08,Portugal,Spain,2.0,2.0,UEFA Nations League,Munich,Germany,True,Draw,1994.0,2160.0,-166.0,2025
2025-06-09,Algeria,Rwanda,2.0,0.0,Friendly,Blida,Algeria,False,Home Win,1712.0,1271.0,441.0,2025
2025-06-09,Gabon,Guinea-Bissau,2.0,0.0,Friendly,Mohammedia,Morocco,True,Home Win,1494.0,1411.0,83.0,2025
2025-06-09,Kosovo,Comoros,4.0,2.0,Friendly,Pristina,Kosovo,False,Home Win,1527.0,1340.0,187.0,2025
2025-06-09,Liechtenstein,Scotland,0.0,4.0,Friendly,Vaduz,Liechtenstein,False,Away Win,977.0,1698.0,-721.0,2025
2025-06-09,Montenegro,Armenia,2.0,2.0,Friendly,Nikšić,Montenegro,False,Draw,1516.0,1470.0,46.0,2025
2025-06-09,Morocco,Benin,1.0,0.0,Friendly,Fez,Morocco,False,Home Win,1782.0,1476.0,306.0,2025
2025-06-09,Uganda,Gambia,1.0,1.0,Friendly,Marrakesh,Morocco,True,Draw,1389.0,1443.0,-54.0,2025
2025-06-09,Estonia,Norway,0.0,1.0,FIFA World Cup qualification,Tallinn,Estonia,False,Away Win,1357.0,1747.0,-390.0,2025
2025-06-09,Belgium,Wales,4.0,3.0,FIFA World Cup qualification,Brussels,Belgium,False,Home Win,1923.0,1701.0,222.0,2025
2025-06-09,Croatia,Czechia,5.0,1.0,FIFA World Cup qualification,Osijek,Croatia,False,Home Win,1917.0,1753.0,164.0,2025
2025-06-10,Philippines,Tajikistan,2.0,2.0,AFC Asian Cup qualification,Capas,Philippines,False,Draw,1052.0,1380.0,-328.0,2025
2025-06-10,Brunei,Bhutan,2.0,1.0,AFC Asian Cup qualification,Bandar Seri Begawan,Brunei,False,Home Win,601.0,566.0,35.0,2025
2025-06-10,Bangladesh,Singapore,1.0,2.0,AFC Asian Cup qualification,Dhaka,Bangladesh,False,Away Win,939.0,1127.0,-188.0,2025
2025-06-10,Sweden,Algeria,4.0,3.0,Friendly,Solna,Sweden,False,Home Win,1691.0,1712.0,-21.0,2025
2025-06-10,Turkmenistan,Thailand,3.0,1.0,AFC Asian Cup qualification,Ashgabat,Turkmenistan,False,Home Win,1216.0,1437.0,-221.0,2025
2025-06-10,Myanmar,Pakistan,1.0,0.0,AFC Asian Cup qualification,Yangon,Myanmar,False,Home Win,904.0,828.0,76.0,2025
2025-06-10,Afghanistan,Syria,0.0,1.0,AFC Asian Cup qualification,Al Hofuf,Saudi Arabia,True,Away Win,1085.0,1441.0,-356.0,2025
2025-06-10,Laos,Nepal,2.0,1.0,AFC Asian Cup qualification,Vientiane,Laos,False,Home Win,672.0,894.0,-222.0,2025
2025-06-10,Malaysia,Vietnam,4.0,0.0,AFC Asian Cup qualification,Kuala Lumpur,Malaysia,False,Home Win,1285.0,1358.0,-73.0,2025
2025-06-10,Luxembourg,Ireland,0.0,0.0,Friendly,Luxembourg,Luxembourg,False,Draw,1470.0,1689.0,-219.0,2025
2025-06-10,Burundi,Mauritania,0.0,0.0,Friendly,Mohammedia,Morocco,True,Draw,1311.0,1372.0,-61.0,2025
2025-06-10,Chad,Kenya,1.0,2.0,Friendly,Marrakesh,Morocco,True,Away Win,1154.0,1372.0,-218.0,2025
2025-06-10,Denmark,Lithuania,5.0,0.0,Friendly,Odense,Denmark,False,Home Win,1863.0,1294.0,569.0,2025
2025-06-10,England,Senegal,1.0,3.0,Friendly,London,England,False,Away Win,2011.0,1753.0,258.0,2025
2025-06-10,Azerbaijan,Hungary,1.0,2.0,Friendly,Baku,Azerbaijan,False,Away Win,1369.0,1791.0,-422.0,2025
2025-06-10,Israel,Slovakia,1.0,0.0,Friendly,Debrecen,Hungary,True,Home Win,1556.0,1677.0,-121.0,2025
2025-06-10,Niger,Zimbabwe,1.0,1.0,Friendly,Casablanca,Morocco,True,Draw,1239.0,1360.0,-121.0,2025
2025-06-10,Mexico,Turkey,1.0,0.0,Friendly,Chapel Hill,United States,True,Home Win,1802.0,1847.0,-45.0,2025
2025-06-10,Yemen,Lebanon,0.0,0.0,AFC Asian Cup qualification,Kuwait City,Kuwait,True,Draw,1092.0,1284.0,-192.0,2025
2025-06-10,Cuba,Bermuda,1.0,2.0,FIFA World Cup qualification,Santiago de Cuba,Cuba,False,Away Win,1305.0,1145.0,160.0,2025
2025-06-10,Greece,Bulgaria,4.0,0.0,Friendly,Heraklion,Greece,False,Home Win,1836.0,1493.0,343.0,2025
2025-06-10,Finland,Poland,2.0,1.0,FIFA World Cup qualification,Helsinki,Finland,False,Home Win,1532.0,1728.0,-196.0,2025
2025-06-10,Bolivia,Chile,2.0,0.0,FIFA World Cup qualification,El Alto,Bolivia,False,Home Win,1590.0,1739.0,-149.0,2025
2025-06-10,Argentina,Colombia,1.0,1.0,FIFA World Cup qualification,Buenos Aires,Argentina,False,Draw,2159.0,2014.0,145.0,2025
2025-06-10,Brazil,Paraguay,1.0,0.0,FIFA World Cup qualification,São Paulo,Brazil,False,Home Win,2090.0,1703.0,387.0,2025
2025-06-10,Peru,Ecuador,0.0,0.0,FIFA World Cup qualification,Lima,Peru,False,Draw,1798.0,1886.0,-88.0,2025
2025-06-10,Jordan,Iraq,0.0,1.0,FIFA World Cup qualification,Amman,Jordan,False,Away Win,1599.0,1640.0,-41.0,2025
2025-06-10,Palestine,Oman,1.0,1.0,FIFA World Cup qualification,Amman,Jordan,True,Draw,1417.0,1526.0,-109.0,2025
2025-06-10,China,Bahrain,1.0,0.0,FIFA World Cup qualification,Chongqing,China,False,Home Win,1400.0,1461.0,-61.0,2025
2025-06-10,Japan,Indonesia,6.0,0.0,FIFA World Cup qualification,Suita,Japan,False,Home Win,1852.0,1397.0,455.0,2025
2025-06-10,Netherlands,Malta,8.0,0.0,FIFA World Cup qualification,Groningen,Netherlands,False,Home Win,1974.0,1252.0,722.0,2025
2025-06-10,Uzbekistan,Qatar,3.0,0.0,FIFA World Cup qualification,Tashkent,Uzbekistan,False,Home Win,1667.0,1638.0,29.0,2025
2025-06-10,Romania,Cyprus,2.0,0.0,FIFA World Cup qualification,Bucharest,Romania,False,Home Win,1677.0,1299.0,378.0,2025
2025-06-10,Serbia,Andorra,3.0,0.0,FIFA World Cup qualification,Leskovac,Serbia,False,Home Win,1838.0,1066.0,772.0,2025
2025-06-10,Latvia,Albania,1.0,1.0,FIFA World Cup qualification,Riga,Latvia,False,Draw,1289.0,1639.0,-350.0,2025
2025-06-10,Belarus,Russia,1.0,4.0,Friendly,Minsk,Belarus,False,Away Win,1467.0,1789.0,-322.0,2025
2025-06-10,Haiti,Curaçao,1.0,5.0,FIFA World Cup qualification,Oranjestad,Aruba,True,Away Win,1558.0,1324.0,234.0,2025
2025-06-10,Panama,Nicaragua,3.0,0.0,FIFA World Cup qualification,Panama City,Panama,False,Home Win,1725.0,1344.0,381.0,2025
2025-06-10,Guyana,Montserrat,3.0,0.0,FIFA World Cup qualification,Leonora,Guyana,False,Home Win,1251.0,1003.0,248.0,2025
2025-06-10,Uruguay,Venezuela,2.0,0.0,FIFA World Cup qualification,Montevideo,Uruguay,False,Home Win,1914.0,1750.0,164.0,2025
2025-06-10,Jamaica,Guatemala,3.0,0.0,FIFA World Cup qualification,Kingston,Jamaica,False,Home Win,1569.0,1503.0,66.0,2025
2025-06-16,Panama,Guadeloupe,5.0,2.0,Gold Cup,Carson,United States,True,Home Win,1729.0,1336.0,393.0,2025
2025-06-16,Jamaica,Guatemala,0.0,1.0,Gold Cup,Carson,United States,True,Away Win,1588.0,1481.0,107.0,2025
2025-06-17,Canada,Honduras,6.0,0.0,Gold Cup,Vancouver,Canada,False,Home Win,1785.0,1562.0,223.0,2025
2025-06-18,Suriname,Mexico,0.0,2.0,Gold Cup,Arlington,United States,True,Away Win,1411.0,1813.0,-402.0,2025
2025-06-20,Jamaica,Guadeloupe,2.0,1.0,Gold Cup,San Jose,United States,True,Home Win,1588.0,1336.0,252.0,2025
2025-06-20,Guatemala,Panama,0.0,1.0,Gold Cup,Austin,United States,True,Away Win,1481.0,1729.0,-248.0,2025
2025-06-21,Curaçao,Canada,1.0,1.0,Gold Cup,Houston,United States,True,Draw,1390.0,1785.0,-395.0,2025
2025-06-24,Honduras,Curaçao,2.0,1.0,Gold Cup,San Jose,United States,True,Home Win,1562.0,1390.0,172.0,2025
2025-06-24,Panama,Jamaica,4.0,1.0,Gold Cup,Austin,United States,True,Home Win,1729.0,1588.0,141.0,2025
2025-06-24,Guadeloupe,Guatemala,2.0,3.0,Gold Cup,Houston,United States,True,Away Win,1336.0,1481.0,-145.0,2025
2025-06-28,Panama,Honduras,1.0,1.0,Gold Cup,Glendale,United States,True,Draw,1729.0,1562.0,167.0,2025
2025-06-29,Canada,Guatemala,1.0,1.0,Gold Cup,Minneapolis,United States,True,Draw,1785.0,1481.0,304.0,2025
2025-07-02,Mexico,Honduras,1.0,0.0,Gold Cup,Santa Clara,United States,True,Home Win,1813.0,1562.0,251.0,2025
2025-08-24,Qatar,Lebanon,2.0,2.0,Friendly,Doha,Qatar,False,Draw,1519.0,1327.0,192.0,2025
2025-09-03,Qatar,Bahrain,2.0,2.0,Friendly,Doha,Qatar,False,Draw,1519.0,1448.0,71.0,2025
2025-09-03,Seychelles,Gabon,0.0,4.0,FIFA World Cup qualification,Saint Pierre,Mauritius,True,Away Win,859.0,1494.0,-635.0,2025
2025-09-04,Paraguay,Ecuador,0.0,0.0,FIFA World Cup qualification,Asunción,Paraguay,False,Draw,1825.0,1906.0,-81.0,2025
2025-09-04,Algeria,Botswana,3.0,1.0,FIFA World Cup qualification,Tizi Ouzou,Algeria,False,Home Win,1704.0,1326.0,378.0,2025
2025-09-04,Gibraltar,Albania,0.0,1.0,Friendly,Gibraltar,Gibraltar,False,Away Win,1051.0,1627.0,-576.0,2025
2025-09-04,Malaysia,Singapore,2.0,1.0,Friendly,Kuala Lumpur,Malaysia,False,Home Win,1292.0,1082.0,210.0,2025
2025-09-04,Norway,Finland,1.0,0.0,Friendly,Oslo,Norway,False,Home Win,1747.0,1556.0,191.0,2025
2025-09-04,Russia,Jordan,0.0,0.0,Friendly,Moscow,Russia,False,Draw,1793.0,1625.0,168.0,2025
2025-09-04,Colombia,Bolivia,3.0,0.0,FIFA World Cup qualification,Barranquilla,Colombia,False,Home Win,1950.0,1663.0,287.0,2025
2025-09-04,Argentina,Venezuela,3.0,0.0,FIFA World Cup qualification,Buenos Aires,Argentina,False,Home Win,2132.0,1745.0,387.0,2025
2025-09-04,Uruguay,Peru,3.0,0.0,FIFA World Cup qualification,Montevideo,Uruguay,False,Home Win,1901.0,1744.0,157.0,2025
2025-09-04,Brazil,Chile,3.0,0.0,FIFA World Cup qualification,Rio de Janeiro,Brazil,False,Home Win,2002.0,1689.0,313.0,2025
2025-09-04,Cameroon,Eswatini,3.0,0.0,FIFA World Cup qualification,Yaoundé,Cameroon,False,Home Win,1578.0,1233.0,345.0,2025
2025-09-04,Angola,Libya,0.0,1.0,FIFA World Cup qualification,Luanda,Angola,False,Away Win,1543.0,1347.0,196.0,2025
2025-09-04,Tunisia,Liberia,3.0,0.0,FIFA World Cup qualification,Radès,Tunisia,False,Home Win,1606.0,1256.0,350.0,2025
2025-09-04,Mali,Comoros,3.0,0.0,FIFA World Cup qualification,Berkane,Morocco,True,Home Win,1631.0,1340.0,291.0,2025
2025-09-04,Slovakia,Germany,2.0,0.0,FIFA World Cup qualification,Bratislava,Slovakia,False,Home Win,1665.0,1950.0,-285.0,2025
2025-09-04,Bulgaria,Spain,0.0,3.0,FIFA World Cup qualification,Sofia,Bulgaria,False,Away Win,1451.0,2160.0,-709.0,2025
2025-09-04,Lithuania,Malta,1.0,1.0,FIFA World Cup qualification,Kaunas,Lithuania,False,Draw,1293.0,1251.0,42.0,2025
2025-09-04,Netherlands,Poland,1.0,1.0,FIFA World Cup qualification,Rotterdam,Netherlands,False,Draw,1975.0,1682.0,293.0,2025
2025-09-04,Kazakhstan,Wales,0.0,1.0,FIFA World Cup qualification,Astana,Kazakhstan,False,Away Win,1425.0,1701.0,-276.0,2025
2025-09-04,Liechtenstein,Belgium,0.0,6.0,FIFA World Cup qualification,Vaduz,Liechtenstein,False,Away Win,977.0,1923.0,-946.0,2025
2025-09-04,Thailand,Fiji,3.0,0.0,King's Cup,Kanchanaburi,Thailand,False,Home Win,1351.0,1221.0,130.0,2025
2025-09-04,Suriname,Panama,0.0,0.0,FIFA World Cup qualification,Paramaribo,Suriname,False,Draw,1411.0,1729.0,-318.0,2025
2025-09-04,Georgia,Turkey,2.0,3.0,FIFA World Cup qualification,Tbilisi,Georgia,False,Away Win,1650.0,1836.0,-186.0,2025
2025-09-04,Chad,Ghana,1.0,1.0,FIFA World Cup qualification,N'Djamena,Chad,False,Draw,1150.0,1499.0,-349.0,2025
2025-09-05,Congo,Tanzania,1.0,1.0,FIFA World Cup qualification,Brazzaville,Congo,False,Draw,1261.0,1383.0,-122.0,2025
2025-09-05,Kenya,Gambia,1.0,3.0,FIFA World Cup qualification,Nairobi,Kenya,False,Away Win,1376.0,1443.0,-67.0,2025
2025-09-05,Morocco,Niger,5.0,0.0,FIFA World Cup qualification,Rabat,Morocco,False,Home Win,1782.0,1337.0,445.0,2025
2025-09-05,Benin,Zimbabwe,1.0,0.0,FIFA World Cup qualification,Ebimpé,Ivory Coast,True,Home Win,1476.0,1398.0,78.0,2025
2025-09-05,Mauritania,Togo,2.0,0.0,FIFA World Cup qualification,Nouadhibou,Mauritania,False,Home Win,1331.0,1368.0,-37.0,2025
2025-09-05,Namibia,Malawi,1.0,2.0,FIFA World Cup qualification,Francistown,Botswana,True,Away Win,1380.0,1256.0,124.0,2025
2025-09-05,Romania,Canada,0.0,3.0,Friendly,Bucharest,Romania,False,Away Win,1681.0,1785.0,-104.0,2025
2025-09-05,Indonesia,Taiwan,6.0,0.0,Friendly,Surabaya,Indonesia,False,Home Win,1357.0,881.0,476.0,2025
2025-09-05,Senegal,Sudan,2.0,0.0,FIFA World Cup qualification,Diamniadio,Senegal,False,Home Win,1784.0,1383.0,401.0,2025
2025-09-05,Uganda,Mozambique,4.0,0.0,FIFA World Cup qualification,Kampala,Uganda,False,Home Win,1389.0,1432.0,-43.0,2025
2025-09-05,Greece,Belarus,5.0,1.0,FIFA World Cup qualification,Athens,Greece,False,Home Win,1838.0,1492.0,346.0,2025
2025-09-05,Slovenia,Sweden,2.0,2.0,FIFA World Cup qualification,Ljubljana,Slovenia,False,Draw,1752.0,1760.0,-8.0,2025
2025-09-05,Italy,Estonia,5.0,0.0,FIFA World Cup qualification,Bergamo,Italy,False,Home Win,1943.0,1357.0,586.0,2025
2025-09-05,Haiti,Honduras,0.0,0.0,FIFA World Cup qualification,Willemstad,Curaçao,True,Draw,1499.0,1562.0,-63.0,2025
2025-09-05,Bermuda,Jamaica,0.0,4.0,FIFA World Cup qualification,Devonshire Parish,Bermuda,False,Away Win,1169.0,1588.0,-419.0,2025
2025-09-05,Montenegro,Czechia,0.0,2.0,FIFA World Cup qualification,Podgorica,Montenegro,False,Away Win,1516.0,1753.0,-237.0,2025
2025-09-05,Switzerland,Kosovo,4.0,0.0,FIFA World Cup qualification,Basel,Switzerland,False,Home Win,1845.0,1527.0,318.0,2025
2025-09-05,Ukraine,France,0.0,2.0,FIFA World Cup qualification,Wrocław,Poland,True,Away Win,1799.0,2014.0,-215.0,2025
2025-09-05,Egypt,Ethiopia,2.0,0.0,FIFA World Cup qualification,Cairo,Egypt,False,Home Win,1676.0,1276.0,400.0,2025
2025-09-05,Denmark,Scotland,0.0,0.0,FIFA World Cup qualification,Copenhagen,Denmark,False,Draw,1864.0,1698.0,166.0,2025
2025-09-05,Iceland,Azerbaijan,5.0,0.0,FIFA World Cup qualification,Reykjavík,Iceland,False,Home Win,1550.0,1365.0,185.0,2025
2025-09-06,Ireland,Hungary,2.0,2.0,FIFA World Cup qualification,Dublin,Republic of Ireland,False,Draw,1633.0,1701.0,-68.0,2025
2025-09-06,Nepal,Bangladesh,0.0,0.0,Friendly,Kathmandu,Nepal,False,Draw,924.0,907.0,17.0,2025
2025-09-06,Nigeria,Rwanda,1.0,0.0,FIFA World Cup qualification,Uyo,Nigeria,False,Home Win,1657.0,1271.0,386.0,2025
2025-09-06,Mexico,Japan,0.0,0.0,Friendly,Oakland,United States,True,Draw,1813.0,1857.0,-44.0,2025
2025-09-06,Armenia,Portugal,0.0,5.0,FIFA World Cup qualification,Yerevan,Armenia,False,Away Win,1470.0,1994.0,-524.0,2025
2025-09-06,Austria,Cyprus,1.0,0.0,FIFA World Cup qualification,Linz,Austria,False,Home Win,1845.0,1299.0,546.0,2025
2025-09-06,England,Andorra,2.0,0.0,FIFA World Cup qualification,London,England,False,Home Win,1984.0,1066.0,918.0,2025
2025-09-06,Latvia,Serbia,0.0,1.0,FIFA World Cup qualification,Riga,Latvia,False,Away Win,1301.0,1838.0,-537.0,2025
2025-09-07,Lithuania,Netherlands,2.0,3.0,FIFA World Cup qualification,Kaunas,Lithuania,False,Away Win,1293.0,1975.0,-682.0,2025
2025-09-07,Georgia,Bulgaria,3.0,0.0,FIFA World Cup qualification,Tbilisi,Georgia,False,Home Win,1650.0,1451.0,199.0,2025
2025-09-07,Turkey,Spain,0.0,6.0,FIFA World Cup qualification,Konya,Turkey,False,Away Win,1836.0,2160.0,-324.0,2025
2025-09-07,Luxembourg,Slovakia,0.0,1.0,FIFA World Cup qualification,Luxembourg,Luxembourg,False,Away Win,1455.0,1665.0,-210.0,2025
2025-09-07,Poland,Finland,3.0,1.0,FIFA World Cup qualification,Chorzów,Poland,False,Home Win,1682.0,1556.0,126.0,2025
2025-09-07,Belgium,Kazakhstan,6.0,0.0,FIFA World Cup qualification,Anderlecht,Belgium,False,Home Win,1923.0,1425.0,498.0,2025
2025-09-07,Thailand,Iraq,0.0,1.0,King's Cup,Kanchanaburi,Thailand,False,Away Win,1351.0,1550.0,-199.0,2025
2025-09-07,Qatar,Russia,1.0,4.0,Friendly,Doha,Qatar,False,Away Win,1519.0,1793.0,-274.0,2025
2025-09-08,Guinea,Algeria,0.0,0.0,FIFA World Cup qualification,Casablanca,Morocco,True,Draw,1466.0,1704.0,-238.0,2025
2025-09-08,Indonesia,Lebanon,0.0,0.0,Friendly,Surabaya,Indonesia,False,Draw,1357.0,1327.0,30.0,2025
2025-09-08,Malaysia,Palestine,1.0,0.0,Friendly,Johor,Malaysia,False,Home Win,1292.0,1461.0,-169.0,2025
2025-09-08,Syria,Kuwait,2.0,2.0,Friendly,Doha,Qatar,True,Draw,1444.0,1293.0,151.0,2025
2025-09-08,Guinea-Bissau,Djibouti,2.0,0.0,FIFA World Cup qualification,Bissau,Guinea-Bissau,False,Home Win,1411.0,752.0,659.0,2025
2025-09-08,Libya,Eswatini,2.0,0.0,FIFA World Cup qualification,Benghazi,Libya,False,Home Win,1347.0,1233.0,114.0,2025
2025-09-08,Zambia,Morocco,0.0,2.0,FIFA World Cup qualification,Ndola,Zambia,False,Away Win,1523.0,1782.0,-259.0,2025
2025-09-08,Mozambique,Botswana,2.0,0.0,FIFA World Cup qualification,Maputo,Mozambique,False,Home Win,1432.0,1326.0,106.0,2025
2025-09-08,Panama,Guatemala,1.0,1.0,FIFA World Cup qualification,Panama City,Panama,False,Draw,1729.0,1481.0,248.0,2025
2025-09-08,Ghana,Mali,1.0,0.0,FIFA World Cup qualification,Accra,Ghana,False,Home Win,1499.0,1631.0,-132.0,2025
2025-09-08,Kosovo,Sweden,2.0,0.0,FIFA World Cup qualification,Pristina,Kosovo,False,Home Win,1527.0,1760.0,-233.0,2025
2025-09-08,Switzerland,Slovenia,3.0,0.0,FIFA World Cup qualification,Basel,Switzerland,False,Home Win,1845.0,1752.0,93.0,2025
2025-09-08,Belarus,Scotland,0.0,2.0,FIFA World Cup qualification,Zalaegerszeg,Hungary,True,Away Win,1492.0,1698.0,-206.0,2025
2025-09-08,Greece,Denmark,0.0,3.0,FIFA World Cup qualification,Athens,Greece,False,Away Win,1838.0,1864.0,-26.0,2025
2025-09-08,Israel,Italy,4.0,5.0,FIFA World Cup qualification,Debrecen,Hungary,True,Away Win,1629.0,1943.0,-314.0,2025
2025-09-08,Croatia,Montenegro,4.0,0.0,FIFA World Cup qualification,Zagreb,Croatia,False,Home Win,1917.0,1516.0,401.0,2025
2025-09-08,Madagascar,Chad,3.0,1.0,FIFA World Cup qualification,Casablanca,Morocco,True,Home Win,1325.0,1150.0,175.0,2025
2025-09-08,Malawi,Liberia,2.0,2.0,FIFA World Cup qualification,Lilongwe,Malawi,False,Draw,1256.0,1256.0,0.0,2025
2025-09-09,Zimbabwe,Rwanda,0.0,1.0,FIFA World Cup qualification,Johannesburg,South Africa,True,Away Win,1398.0,1271.0,127.0,2025
2025-09-09,Togo,Sudan,1.0,0.0,FIFA World Cup qualification,Lomé,Togo,False,Home Win,1368.0,1383.0,-15.0,2025
2025-09-09,Chile,Uruguay,0.0,0.0,FIFA World Cup qualification,Santiago,Chile,False,Draw,1689.0,1901.0,-212.0,2025
2025-09-09,Bolivia,Brazil,1.0,0.0,FIFA World Cup qualification,El Alto,Bolivia,False,Home Win,1663.0,2002.0,-339.0,2025
2025-09-09,Singapore,Myanmar,1.0,1.0,Friendly,Singapore,Singapore,False,Draw,1082.0,950.0,132.0,2025
2025-09-09,Ecuador,Argentina,1.0,0.0,FIFA World Cup qualification,Guayaquil,Ecuador,False,Home Win,1906.0,2132.0,-226.0,2025
2025-09-09,Wales,Canada,0.0,1.0,Friendly,Cardiff,Wales,False,Away Win,1701.0,1785.0,-84.0,2025
2025-09-09,Benin,Lesotho,4.0,0.0,FIFA World Cup qualification,Abidjan,Ivory Coast,True,Home Win,1476.0,1221.0,255.0,2025
2025-09-09,Estonia,Andorra,0.0,0.0,Friendly,Tallinn,Estonia,False,Draw,1357.0,1066.0,291.0,2025
2025-09-09,Angola,Mauritius,3.0,1.0,FIFA World Cup qualification,Luanda,Angola,False,Home Win,1543.0,1094.0,449.0,2025
2025-09-09,Peru,Paraguay,0.0,1.0,FIFA World Cup qualification,Lima,Peru,False,Away Win,1744.0,1825.0,-81.0,2025
2025-09-09,Armenia,Ireland,2.0,1.0,FIFA World Cup qualification,Yerevan,Armenia,False,Home Win,1470.0,1633.0,-163.0,2025
2025-09-09,Venezuela,Colombia,3.0,6.0,FIFA World Cup qualification,Maturín,Venezuela,False,Away Win,1745.0,1950.0,-205.0,2025
2025-09-09,Cyprus,Romania,2.0,2.0,FIFA World Cup qualification,Nicosia,Cyprus,False,Draw,1299.0,1681.0,-382.0,2025
2025-09-09,Honduras,Nicaragua,2.0,0.0,FIFA World Cup qualification,Tegucigalpa,Honduras,False,Home Win,1562.0,1325.0,237.0,2025
2025-09-09,Curaçao,Bermuda,3.0,2.0,FIFA World Cup qualification,Willemstad,Curaçao,False,Home Win,1390.0,1169.0,221.0,2025
2025-09-09,Kenya,Seychelles,5.0,0.0,FIFA World Cup qualification,Nairobi,Kenya,False,Home Win,1376.0,859.0,517.0,2025
2025-09-09,Albania,Latvia,1.0,0.0,FIFA World Cup qualification,Tirana,Albania,False,Home Win,1627.0,1301.0,326.0,2025
2025-09-09,Serbia,England,0.0,5.0,FIFA World Cup qualification,Belgrade,Serbia,False,Away Win,1838.0,1984.0,-146.0,2025
2025-09-09,Hungary,Portugal,2.0,3.0,FIFA World Cup qualification,Budapest,Hungary,False,Away Win,1701.0,1994.0,-293.0,2025
2025-09-09,France,Iceland,2.0,1.0,FIFA World Cup qualification,Paris,France,False,Home Win,2014.0,1550.0,464.0,2025
2025-09-09,Azerbaijan,Ukraine,1.0,1.0,FIFA World Cup qualification,Baku,Azerbaijan,False,Draw,1365.0,1799.0,-434.0,2025
2025-09-09,Gambia,Burundi,2.0,0.0,FIFA World Cup qualification,Nairobi,Kenya,True,Home Win,1443.0,1291.0,152.0,2025
2025-09-09,Tanzania,Niger,0.0,1.0,FIFA World Cup qualification,Unguja,Tanzania,False,Away Win,1383.0,1337.0,46.0,2025
2025-10-08,Mauritius,Cameroon,0.0,2.0,FIFA World Cup qualification,Saint Pierre,Mauritius,False,Away Win,1084.0,1579.0,-495.0,2025
2025-10-08,Qatar,Oman,0.0,0.0,FIFA World Cup qualification,Al Rayyan,Qatar,False,Draw,1519.0,1501.0,18.0,2025
2025-10-08,Ethiopia,Guinea-Bissau,1.0,0.0,FIFA World Cup qualification,Kigali,Rwanda,True,Home Win,1250.0,1411.0,-161.0,2025
2025-10-08,Djibouti,Egypt,0.0,3.0,FIFA World Cup qualification,Casablanca,Morocco,True,Away Win,752.0,1665.0,-913.0,2025
2025-10-08,Niger,Congo,3.0,1.0,FIFA World Cup qualification,Ouagadougou,Burkina Faso,True,Home Win,1362.0,1261.0,101.0,2025
2025-10-08,Tanzania,Zambia,0.0,1.0,FIFA World Cup qualification,Unguja,Tanzania,False,Away Win,1363.0,1523.0,-160.0,2025
2025-10-08,Comoros,Madagascar,1.0,2.0,FIFA World Cup qualification,Abidjan,Ivory Coast,True,Away Win,1340.0,1325.0,15.0,2025
2025-10-08,Chad,Mali,0.0,2.0,FIFA World Cup qualification,N'Djamena,Chad,False,Away Win,1150.0,1631.0,-481.0,2025
2025-10-08,Eswatini,Angola,2.0,2.0,FIFA World Cup qualification,Lobamba,Eswatini,False,Draw,1233.0,1571.0,-338.0,2025
2025-10-09,Malta,Netherlands,0.0,4.0,FIFA World Cup qualification,Ta' Qali,Malta,False,Away Win,1260.0,1975.0,-715.0,2025
2025-10-09,Belarus,Denmark,0.0,6.0,FIFA World Cup qualification,Zalaegerszeg,Hungary,True,Away Win,1492.0,1864.0,-372.0,2025
2025-10-09,Mozambique,Guinea,1.0,2.0,FIFA World Cup qualification,Maputo,Mozambique,False,Away Win,1432.0,1466.0,-34.0,2025
2025-10-09,Botswana,Uganda,0.0,1.0,FIFA World Cup qualification,Francistown,Botswana,False,Away Win,1326.0,1389.0,-63.0,2025
2025-10-09,England,Wales,3.0,0.0,Friendly,London,England,False,Home Win,2019.0,1724.0,295.0,2025
2025-10-09,Burundi,Kenya,0.0,1.0,FIFA World Cup qualification,Bujumbura,Burundi,False,Away Win,1268.0,1341.0,-73.0,2025
2025-10-09,Morocco,Bahrain,1.0,0.0,Friendly,Rabat,Morocco,False,Home Win,1782.0,1448.0,334.0,2025
2025-10-09,Finland,Lithuania,2.0,1.0,FIFA World Cup qualification,Helsinki,Finland,False,Home Win,1556.0,1293.0,263.0,2025
2025-10-09,Vietnam,Nepal,3.0,1.0,AFC Asian Cup qualification,Ho Chi Minh City,Vietnam,False,Home Win,1321.0,924.0,397.0,2025
2025-10-09,Scotland,Greece,3.0,1.0,FIFA World Cup qualification,Glasgow,Scotland,False,Home Win,1698.0,1838.0,-140.0,2025
2025-10-09,Brunei,Yemen,0.0,2.0,AFC Asian Cup qualification,Bandar Seri Begawan,Brunei,False,Away Win,670.0,1120.0,-450.0,2025
2025-10-09,Czechia,Croatia,0.0,0.0,FIFA World Cup qualification,Prague,Czech Republic,False,Draw,1753.0,1917.0,-164.0,2025
2025-10-09,Liberia,Namibia,3.0,1.0,FIFA World Cup qualification,Monrovia,Liberia,False,Home Win,1256.0,1363.0,-107.0,2025
2025-10-09,Nicaragua,Haiti,0.0,3.0,FIFA World Cup qualification,Managua,Nicaragua,False,Away Win,1331.0,1488.0,-157.0,2025
2025-10-09,Laos,Malaysia,0.0,3.0,AFC Asian Cup qualification,Vientiane,Laos,False,Away Win,715.0,1292.0,-577.0,2025
2025-10-09,Tajikistan,Maldives,2.0,0.0,AFC Asian Cup qualification,Hisor,Tajikistan,False,Home Win,1288.0,869.0,419.0,2025
2025-10-09,Pakistan,Afghanistan,0.0,0.0,AFC Asian Cup qualification,Islamabad,Pakistan,False,Draw,813.0,1055.0,-242.0,2025
2025-10-09,Thailand,Taiwan,2.0,0.0,AFC Asian Cup qualification,Bangkok,Thailand,False,Home Win,1351.0,881.0,470.0,2025
2025-10-09,Singapore,India,1.0,1.0,AFC Asian Cup qualification,Kallang,Singapore,False,Draw,1073.0,1142.0,-69.0,2025
2025-10-09,Lebanon,Bhutan,2.0,0.0,AFC Asian Cup qualification,Doha,Qatar,True,Home Win,1327.0,621.0,706.0,2025
2025-10-09,Syria,Myanmar,5.0,1.0,AFC Asian Cup qualification,Al Hofuf,Saudi Arabia,True,Home Win,1444.0,956.0,488.0,2025
2025-10-10,Sudan,Mauritania,0.0,0.0,FIFA World Cup qualification,Dar es Salaam,Tanzania,True,Draw,1374.0,1341.0,33.0,2025
2025-10-10,Lesotho,Nigeria,1.0,2.0,FIFA World Cup qualification,Polokwane,South Africa,True,Away Win,1198.0,1584.0,-386.0,2025
2025-10-10,Chile,Peru,2.0,1.0,Friendly,Santiago,Chile,False,Home Win,1690.0,1711.0,-21.0,2025
2025-10-10,Canada,Australia,0.0,1.0,Friendly,Montreal,Canada,False,Away Win,1797.0,1791.0,6.0,2025
2025-10-10,Russia,Iran,2.0,1.0,Friendly,Volgograd,Russia,False,Home Win,1793.0,1800.0,-7.0,2025
2025-10-10,Japan,Paraguay,2.0,2.0,Kirin Cup,Osaka,Japan,False,Draw,1863.0,1844.0,19.0,2025
2025-10-10,Uzbekistan,Kuwait,2.0,0.0,Friendly,Tashkent,Uzbekistan,False,Home Win,1708.0,1293.0,415.0,2025
2025-10-10,Jordan,Bolivia,0.0,1.0,Friendly,Istanbul,Turkey,True,Away Win,1634.0,1688.0,-54.0,2025
2025-10-10,Suriname,Guatemala,1.0,1.0,FIFA World Cup qualification,Paramaribo,Suriname,False,Draw,1411.0,1481.0,-70.0,2025
2025-10-10,Argentina,Venezuela,1.0,0.0,Friendly,Miami Gardens,United States,True,Home Win,2109.0,1717.0,392.0,2025
2025-10-10,Germany,Luxembourg,4.0,0.0,FIFA World Cup qualification,Sinsheim,Germany,False,Home Win,1950.0,1455.0,495.0,2025
2025-10-10,Kosovo,Slovenia,0.0,0.0,FIFA World Cup qualification,Pristina,Kosovo,False,Draw,1527.0,1752.0,-225.0,2025
2025-10-10,Sweden,Switzerland,0.0,2.0,FIFA World Cup qualification,Solna,Sweden,False,Away Win,1760.0,1845.0,-85.0,2025
2025-10-10,Iceland,Ukraine,3.0,5.0,FIFA World Cup qualification,Reykjavík,Iceland,False,Away Win,1562.0,1773.0,-211.0,2025
2025-10-10,France,Azerbaijan,3.0,0.0,FIFA World Cup qualification,Paris,France,False,Home Win,2067.0,1367.0,700.0,2025
2025-10-10,Kazakhstan,Liechtenstein,4.0,0.0,FIFA World Cup qualification,Astana,Kazakhstan,False,Home Win,1425.0,977.0,448.0,2025
2025-10-10,Curaçao,Jamaica,2.0,0.0,FIFA World Cup qualification,Willemstad,Curaçao,False,Home Win,1408.0,1569.0,-161.0,2025
2025-10-10,Gambia,Gabon,3.0,4.0,FIFA World Cup qualification,Nairobi,Kenya,True,Away Win,1443.0,1464.0,-21.0,2025
2025-10-10,Rwanda,Benin,0.0,1.0,FIFA World Cup qualification,Kigali,Rwanda,False,Away Win,1341.0,1445.0,-104.0,2025
2025-10-11,Bulgaria,Turkey,1.0,6.0,FIFA World Cup qualification,Sofia,Bulgaria,False,Away Win,1451.0,1836.0,-385.0,2025
2025-10-11,Grenada,Cuba,2.0,0.0,Friendly,St. George's,Grenada,False,Home Win,1106.0,1225.0,-119.0,2025
2025-10-11,Iraq,Indonesia,1.0,0.0,FIFA World Cup qualification,Jeddah,Saudi Arabia,True,Home Win,1550.0,1357.0,193.0,2025
2025-10-11,Spain,Georgia,2.0,0.0,FIFA World Cup qualification,Elche,Spain,False,Home Win,2160.0,1650.0,510.0,2025
2025-10-11,Estonia,Italy,1.0,3.0,FIFA World Cup qualification,Tallinn,Estonia,False,Away Win,1356.0,1943.0,-587.0,2025
2025-10-11,Mexico,Colombia,0.0,4.0,Friendly,Arlington,United States,True,Away Win,1859.0,1981.0,-122.0,2025
2025-10-11,Portugal,Ireland,1.0,0.0,FIFA World Cup qualification,Lisbon,Portugal,False,Home Win,2041.0,1603.0,438.0,2025
2025-10-11,Norway,Israel,5.0,0.0,FIFA World Cup qualification,Oslo,Norway,False,Home Win,1870.0,1629.0,241.0,2025
2025-10-11,Latvia,Andorra,2.0,2.0,FIFA World Cup qualification,Riga,Latvia,False,Draw,1295.0,1074.0,221.0,2025
2025-10-11,Serbia,Albania,0.0,1.0,FIFA World Cup qualification,Leskovac,Serbia,False,Away Win,1806.0,1631.0,175.0,2025
2025-10-11,Hungary,Armenia,2.0,0.0,FIFA World Cup qualification,Budapest,Hungary,False,Home Win,1695.0,1412.0,283.0,2025
2025-10-12,Scotland,Belarus,2.0,1.0,FIFA World Cup qualification,Glasgow,Scotland,False,Home Win,1698.0,1492.0,206.0,2025
2025-10-12,Egypt,Guinea-Bissau,1.0,0.0,FIFA World Cup qualification,Cairo,Egypt,False,Home Win,1665.0,1411.0,254.0,2025
2025-10-12,Zambia,Niger,0.0,1.0,FIFA World Cup qualification,Ndola,Zambia,False,Away Win,1523.0,1362.0,161.0,2025
2025-10-12,Ghana,Comoros,1.0,0.0,FIFA World Cup qualification,Accra,Ghana,False,Home Win,1499.0,1340.0,159.0,2025
2025-10-12,Mali,Madagascar,4.0,1.0,FIFA World Cup qualification,Bamako,Mali,False,Home Win,1631.0,1325.0,306.0,2025
2025-10-12,Netherlands,Finland,4.0,0.0,FIFA World Cup qualification,Amsterdam,Netherlands,False,Home Win,1975.0,1556.0,419.0,2025
2025-10-12,Lithuania,Poland,0.0,2.0,FIFA World Cup qualification,Kaunas,Lithuania,False,Away Win,1293.0,1682.0,-389.0,2025
2025-10-12,Romania,Austria,1.0,0.0,FIFA World Cup qualification,Bucharest,Romania,False,Home Win,1650.0,1855.0,-205.0,2025
2025-10-12,Croatia,Gibraltar,3.0,0.0,FIFA World Cup qualification,Varaždin,Croatia,False,Home Win,1917.0,1051.0,866.0,2025
2025-10-12,Denmark,Greece,3.0,1.0,FIFA World Cup qualification,Copenhagen,Denmark,False,Home Win,1864.0,1838.0,26.0,2025
2025-10-13,Mauritius,Libya,0.0,0.0,FIFA World Cup qualification,Saint Pierre,Mauritius,False,Draw,1084.0,1347.0,-263.0,2025
2025-10-13,Montenegro,Liechtenstein,2.0,1.0,Friendly,Podgorica,Montenegro,False,Home Win,1516.0,977.0,539.0,2025
2025-10-13,Uzbekistan,Uruguay,1.0,2.0,Friendly,Malacca City,Malaysia,True,Away Win,1708.0,1907.0,-199.0,2025
2025-10-13,Lesotho,Zimbabwe,1.0,0.0,FIFA World Cup qualification,Polokwane,South Africa,True,Home Win,1198.0,1355.0,-157.0,2025
2025-10-13,Slovakia,Luxembourg,2.0,0.0,FIFA World Cup qualification,Trnava,Slovakia,False,Home Win,1665.0,1455.0,210.0,2025
2025-10-13,Tunisia,Namibia,3.0,0.0,FIFA World Cup qualification,Radès,Tunisia,False,Home Win,1606.0,1363.0,243.0,2025
2025-10-13,Iceland,France,2.0,2.0,FIFA World Cup qualification,Reykjavík,Iceland,False,Draw,1562.0,2067.0,-505.0,2025
2025-10-13,Slovenia,Switzerland,0.0,0.0,FIFA World Cup qualification,Ljubljana,Slovenia,False,Draw,1752.0,1845.0,-93.0,2025
2025-10-13,Honduras,Haiti,3.0,0.0,FIFA World Cup qualification,Tegucigalpa,Honduras,False,Home Win,1585.0,1488.0,97.0,2025
2025-10-13,Ukraine,Azerbaijan,2.0,1.0,FIFA World Cup qualification,Kraków,Poland,True,Home Win,1773.0,1367.0,406.0,2025
2025-10-13,Wales,Belgium,2.0,4.0,FIFA World Cup qualification,Cardiff,Wales,False,Away Win,1724.0,1923.0,-199.0,2025
2025-10-13,Sweden,Kosovo,0.0,1.0,FIFA World Cup qualification,Gothenburg,Sweden,False,Away Win,1760.0,1527.0,233.0,2025
2025-10-13,Cameroon,Angola,0.0,0.0,FIFA World Cup qualification,Yaoundé,Cameroon,False,Draw,1579.0,1571.0,8.0,2025
2025-10-14,Albania,Jordan,4.0,2.0,Friendly,Tirana,Albania,False,Home Win,1631.0,1634.0,-3.0,2025
2025-10-14,Iran,Tanzania,2.0,0.0,Friendly,Dubai,United Arab Emirates,True,Home Win,1800.0,1363.0,437.0,2025
2025-10-14,Canada,Colombia,0.0,0.0,Friendly,Harrison,United States,True,Draw,1797.0,1981.0,-184.0,2025
2025-10-14,Mexico,Ecuador,1.0,1.0,Friendly,Zapopan,Mexico,False,Draw,1859.0,1934.0,-75.0,2025
2025-10-14,Russia,Bolivia,3.0,0.0,Friendly,Moscow,Russia,False,Home Win,1793.0,1688.0,105.0,2025
2025-10-14,Senegal,Mauritania,4.0,0.0,FIFA World Cup qualification,Diamniadio,Senegal,False,Home Win,1802.0,1341.0,461.0,2025
2025-10-14,Seychelles,Gambia,0.0,7.0,FIFA World Cup qualification,Saint Pierre,Mauritius,True,Away Win,845.0,1443.0,-598.0,2025
2025-10-14,Morocco,Congo,1.0,0.0,FIFA World Cup qualification,Rabat,Morocco,False,Home Win,1782.0,1261.0,521.0,2025
2025-10-14,Spain,Bulgaria,4.0,0.0,FIFA World Cup qualification,Valladolid,Spain,False,Home Win,2160.0,1451.0,709.0,2025
2025-10-14,Gabon,Burundi,2.0,0.0,FIFA World Cup qualification,Franceville,Gabon,False,Home Win,1464.0,1268.0,196.0,2025
2025-10-14,Algeria,Uganda,2.0,1.0,FIFA World Cup qualification,Tizi Ouzou,Algeria,False,Home Win,1704.0,1389.0,315.0,2025
2025-10-14,Guinea,Botswana,2.0,2.0,FIFA World Cup qualification,Casablanca,Morocco,True,Draw,1466.0,1326.0,140.0,2025
2025-10-14,Nigeria,Benin,4.0,0.0,FIFA World Cup qualification,Uyo,Nigeria,False,Home Win,1584.0,1445.0,139.0,2025
2025-10-14,Japan,Brazil,3.0,2.0,Kirin Cup,Tokyo,Japan,False,Home Win,1863.0,1976.0,-113.0,2025
2025-10-14,Italy,Israel,3.0,0.0,FIFA World Cup qualification,Udine,Italy,False,Home Win,1943.0,1629.0,314.0,2025
2025-10-14,Turkey,Georgia,4.0,1.0,FIFA World Cup qualification,İzmit,Turkey,False,Home Win,1836.0,1650.0,186.0,2025
2025-10-14,India,Singapore,1.0,2.0,AFC Asian Cup qualification,Margao,India,False,Away Win,1142.0,1073.0,69.0,2025
2025-10-14,Portugal,Hungary,2.0,2.0,FIFA World Cup qualification,Lisbon,Portugal,False,Draw,2041.0,1695.0,346.0,2025
2025-10-14,Latvia,England,0.0,5.0,FIFA World Cup qualification,Riga,Latvia,False,Away Win,1295.0,2019.0,-724.0,2025
2025-10-14,Maldives,Tajikistan,0.0,3.0,AFC Asian Cup qualification,Malé,Maldives,False,Away Win,869.0,1288.0,-419.0,2025
2025-10-14,Bhutan,Lebanon,0.0,4.0,AFC Asian Cup qualification,Al Wakrah,Qatar,True,Away Win,621.0,1327.0,-706.0,2025
2025-10-14,Yemen,Brunei,9.0,0.0,AFC Asian Cup qualification,Kuwait City,Kuwait,True,Home Win,1120.0,670.0,450.0,2025
2025-10-14,Myanmar,Syria,0.0,3.0,AFC Asian Cup qualification,Yangon,Myanmar,False,Away Win,956.0,1444.0,-488.0,2025
2025-10-14,Andorra,Serbia,1.0,3.0,FIFA World Cup qualification,Encamp,Andorra,False,Away Win,1074.0,1806.0,-732.0,2025
2025-10-14,Ireland,Armenia,1.0,0.0,FIFA World Cup qualification,Dublin,Republic of Ireland,False,Home Win,1603.0,1412.0,191.0,2025
2025-10-14,Afghanistan,Pakistan,1.0,1.0,AFC Asian Cup qualification,Al Farwaniyah,Kuwait,True,Draw,1055.0,813.0,242.0,2025
2025-10-14,Vietnam,Nepal,1.0,0.0,AFC Asian Cup qualification,Ho Chi Minh City,Vietnam,False,Home Win,1321.0,924.0,397.0,2025
2025-10-14,Malaysia,Laos,5.0,1.0,AFC Asian Cup qualification,Kuala Lumpur,Malaysia,False,Home Win,1292.0,715.0,577.0,2025
2025-10-14,Panama,Suriname,1.0,1.0,FIFA World Cup qualification,Panama City,Panama,False,Draw,1729.0,1411.0,318.0,2025
2025-10-14,Jamaica,Bermuda,4.0,0.0,FIFA World Cup qualification,Kingston,Jamaica,False,Home Win,1569.0,1151.0,418.0,2025
2025-10-14,Taiwan,Thailand,1.0,6.0,AFC Asian Cup qualification,Taipei,Taiwan,False,Away Win,881.0,1351.0,-470.0,2025
2025-11-12,Russia,Peru,1.0,1.0,Friendly,Saint Petersburg,Russia,False,Draw,1793.0,1711.0,82.0,2025
2025-11-12,Tunisia,Mauritania,1.0,1.0,Friendly,Radès,Tunisia,False,Draw,1606.0,1341.0,265.0,2025
2025-11-12,Bahamas,Anguilla,1.0,2.0,CONCACAF Series,George Town,Cayman Islands,True,Away Win,782.0,617.0,165.0,2025
2025-11-12,Barbados,Bonaire,3.0,2.0,CONCACAF Series,North Sound,Antigua and Barbuda,True,Home Win,938.0,861.0,77.0,2025
2025-11-13,Algeria,Zimbabwe,3.0,1.0,Friendly,Jeddah,Saudi Arabia,True,Home Win,1704.0,1355.0,349.0,2025
2025-11-13,France,Ukraine,4.0,0.0,FIFA World Cup qualification,Paris,France,False,Home Win,2067.0,1773.0,294.0,2025
2025-11-13,Thailand,Singapore,3.0,2.0,Friendly,Pathum Thani,Thailand,False,Home Win,1351.0,1073.0,278.0,2025
2025-11-13,Ireland,Portugal,2.0,0.0,FIFA World Cup qualification,Dublin,Republic of Ireland,False,Home Win,1603.0,2041.0,-438.0,2025
2025-11-13,Canada,Ecuador,0.0,0.0,Friendly,Toronto,Canada,False,Draw,1797.0,1934.0,-137.0,2025
2025-11-13,Bangladesh,Nepal,2.0,2.0,Friendly,Dhaka,Bangladesh,False,Draw,907.0,924.0,-17.0,2025
2025-11-13,Lithuania,Israel,0.0,0.0,Friendly,Kaunas,Lithuania,False,Draw,1293.0,1629.0,-336.0,2025
2025-11-13,Azerbaijan,Iceland,0.0,2.0,FIFA World Cup qualification,Baku,Azerbaijan,False,Away Win,1367.0,1562.0,-195.0,2025
2025-11-13,Armenia,Hungary,0.0,1.0,FIFA World Cup qualification,Yerevan,Armenia,False,Away Win,1412.0,1695.0,-283.0,2025
2025-11-13,Norway,Estonia,4.0,1.0,FIFA World Cup qualification,Oslo,Norway,False,Home Win,1870.0,1356.0,514.0,2025
2025-11-13,Bermuda,Curaçao,0.0,7.0,FIFA World Cup qualification,Devonshire Parish,Bermuda,False,Away Win,1151.0,1408.0,-257.0,2025
2025-11-13,Guatemala,Panama,2.0,3.0,FIFA World Cup qualification,Guatemala City,Guatemala,False,Away Win,1481.0,1729.0,-248.0,2025
2025-11-13,Nigeria,Gabon,4.0,1.0,FIFA World Cup qualification,Rabat,Morocco,True,Home Win,1584.0,1464.0,120.0,2025
2025-11-13,England,Serbia,2.0,0.0,FIFA World Cup qualification,London,England,False,Home Win,2019.0,1806.0,213.0,2025
2025-11-13,Nicaragua,Honduras,2.0,0.0,FIFA World Cup qualification,Managua,Nicaragua,False,Home Win,1331.0,1585.0,-254.0,2025
2025-11-13,Andorra,Albania,0.0,1.0,FIFA World Cup qualification,Encamp,Andorra,False,Away Win,1074.0,1631.0,-557.0,2025
2025-11-14,Uganda,Chad,2.0,1.0,Friendly,Berrechid,Morocco,True,Home Win,1389.0,1150.0,239.0,2025
2025-11-14,Angola,Argentina,0.0,2.0,Friendly,Luanda,Angola,False,Away Win,1571.0,2109.0,-538.0,2025
2025-11-14,Australia,Venezuela,0.0,1.0,Friendly,Houston,United States,True,Away Win,1791.0,1717.0,74.0,2025
2025-11-14,Oman,Sudan,2.0,0.0,Friendly,Seeb,Oman,False,Home Win,1501.0,1374.0,127.0,2025
2025-11-14,Comoros,Namibia,1.0,0.0,Friendly,Iconi,Comoros,False,Home Win,1340.0,1363.0,-23.0,2025
2025-11-14,Finland,Malta,0.0,1.0,FIFA World Cup qualification,Helsinki,Finland,False,Away Win,1556.0,1260.0,296.0,2025
2025-11-14,Morocco,Mozambique,1.0,0.0,Friendly,Tangier,Morocco,False,Home Win,1782.0,1432.0,350.0,2025
2025-11-14,Tunisia,Jordan,3.0,2.0,Friendly,Radès,Tunisia,False,Home Win,1606.0,1634.0,-28.0,2025
2025-11-14,Luxembourg,Germany,0.0,2.0,FIFA World Cup qualification,Luxembourg,Luxembourg,False,Away Win,1455.0,1950.0,-495.0,2025
2025-11-14,Poland,Netherlands,1.0,1.0,FIFA World Cup qualification,Warsaw,Poland,False,Draw,1682.0,1975.0,-293.0,2025
2025-11-14,Gibraltar,Montenegro,1.0,2.0,FIFA World Cup qualification,Gibraltar,Gibraltar,False,Away Win,1051.0,1516.0,-465.0,2025
2025-11-14,Uzbekistan,Egypt,2.0,0.0,Al Ain International Cup,Al Ain,United Arab Emirates,True,Home Win,1708.0,1665.0,43.0,2025
2025-11-14,Japan,Ghana,2.0,0.0,Kirin Cup,Toyota,Japan,False,Home Win,1863.0,1499.0,364.0,2025
2025-11-15,Mexico,Uruguay,0.0,0.0,Friendly,Torreón,Mexico,False,Draw,1859.0,1907.0,-48.0,2025
2025-11-15,Denmark,Belarus,2.0,2.0,FIFA World Cup qualification,Copenhagen,Denmark,False,Draw,1864.0,1492.0,372.0,2025
2025-11-15,Russia,Chile,0.0,2.0,Friendly,Sochi,Russia,False,Away Win,1793.0,1690.0,103.0,2025
2025-11-15,Libya,Mauritania,1.0,0.0,Friendly,Benina,Libya,False,Home Win,1347.0,1341.0,6.0,2025
2025-11-15,Kuwait,Tanzania,4.0,3.0,Friendly,Cairo,Egypt,True,Home Win,1293.0,1363.0,-70.0,2025
2025-11-15,Lesotho,Malawi,0.0,0.0,Friendly,Bloemfontein,South Africa,True,Draw,1198.0,1256.0,-58.0,2025
2025-11-15,Guinea,Liberia,2.0,0.0,Friendly,Casablanca,Morocco,True,Home Win,1466.0,1256.0,210.0,2025
2025-11-15,Brazil,Senegal,2.0,0.0,Friendly,London,England,True,Home Win,1976.0,1802.0,174.0,2025
2025-11-15,Switzerland,Sweden,4.0,1.0,FIFA World Cup qualification,Geneva,Switzerland,False,Home Win,1845.0,1760.0,85.0,2025
2025-11-15,Georgia,Spain,0.0,4.0,FIFA World Cup qualification,Tbilisi,Georgia,False,Away Win,1650.0,2160.0,-510.0,2025
2025-11-15,Greece,Scotland,3.0,2.0,FIFA World Cup qualification,Piraeus,Greece,False,Home Win,1838.0,1698.0,140.0,2025
2025-11-15,Cyprus,Austria,0.0,2.0,FIFA World Cup qualification,Limassol,Cyprus,False,Away Win,1311.0,1855.0,-544.0,2025
2025-11-15,Liechtenstein,Wales,0.0,1.0,FIFA World Cup qualification,Vaduz,Liechtenstein,False,Away Win,977.0,1724.0,-747.0,2025
2025-11-15,Kazakhstan,Belgium,1.0,1.0,FIFA World Cup qualification,Astana,Kazakhstan,False,Draw,1425.0,1923.0,-498.0,2025
2025-11-15,Martinique,Cuba,0.0,2.0,CONCACAF Series,Santiago de los Caballeros,Dominican Republic,True,Away Win,1405.0,1225.0,180.0,2025
2025-11-15,Barbados,Aruba,0.0,3.0,CONCACAF Series,North Sound,Antigua and Barbuda,True,Away Win,938.0,917.0,21.0,2025
2025-11-15,Guyana,Bonaire,2.0,1.0,CONCACAF Series,North Sound,Antigua and Barbuda,True,Home Win,1263.0,861.0,402.0,2025
2025-11-15,Turkey,Bulgaria,2.0,0.0,FIFA World Cup qualification,Bursa,Turkey,False,Home Win,1836.0,1451.0,385.0,2025
2025-11-15,Slovenia,Kosovo,0.0,2.0,FIFA World Cup qualification,Ljubljana,Slovenia,False,Away Win,1752.0,1527.0,225.0,2025
2025-11-16,Hungary,Ireland,2.0,3.0,FIFA World Cup qualification,Budapest,Hungary,False,Away Win,1695.0,1603.0,92.0,2025
2025-11-16,Ukraine,Iceland,2.0,0.0,FIFA World Cup qualification,Warsaw,Poland,True,Home Win,1773.0,1562.0,211.0,2025
2025-11-16,Portugal,Armenia,9.0,1.0,FIFA World Cup qualification,Porto,Portugal,False,Home Win,2041.0,1412.0,629.0,2025
2025-11-16,Azerbaijan,France,1.0,3.0,FIFA World Cup qualification,Baku,Azerbaijan,False,Away Win,1367.0,2067.0,-700.0,2025
2025-11-16,Albania,England,0.0,2.0,FIFA World Cup qualification,Tirana,Albania,False,Away Win,1631.0,2019.0,-388.0,2025
2025-11-16,Italy,Norway,1.0,4.0,FIFA World Cup qualification,Milan,Italy,False,Away Win,1943.0,1870.0,73.0,2025
2025-11-16,Serbia,Latvia,2.0,1.0,FIFA World Cup qualification,Leskovac,Serbia,False,Home Win,1806.0,1295.0,511.0,2025
2025-11-17,Qatar,Zimbabwe,1.0,2.0,Friendly,Al Rayyan,Qatar,False,Away Win,1519.0,1355.0,164.0,2025
2025-11-17,Comoros,Namibia,4.0,0.0,Friendly,Iconi,Comoros,False,Home Win,1340.0,1363.0,-23.0,2025
2025-11-17,Mozambique,Chad,2.0,2.0,Friendly,Berrechid,Morocco,True,Draw,1432.0,1150.0,282.0,2025
2025-11-17,Finland,Andorra,4.0,0.0,Friendly,Tampere,Finland,False,Home Win,1556.0,1074.0,482.0,2025
2025-11-17,Germany,Slovakia,6.0,0.0,FIFA World Cup qualification,Leipzig,Germany,False,Home Win,1950.0,1665.0,285.0,2025
2025-11-17,Malta,Poland,2.0,3.0,FIFA World Cup qualification,Ta' Qali,Malta,False,Away Win,1260.0,1682.0,-422.0,2025
2025-11-17,Czechia,Gibraltar,6.0,0.0,FIFA World Cup qualification,Olomouc,Czech Republic,False,Home Win,1753.0,1051.0,702.0,2025
2025-11-17,Montenegro,Croatia,2.0,3.0,FIFA World Cup qualification,Podgorica,Montenegro,False,Away Win,1516.0,1917.0,-401.0,2025
2025-11-17,Vanuatu,Fiji,2.0,0.0,MSG Prime Minister's Cup,Port Moresby,Papua New Guinea,True,Home Win,1056.0,1221.0,-165.0,2025
2025-11-17,Netherlands,Lithuania,4.0,0.0,FIFA World Cup qualification,Amsterdam,Netherlands,False,Home Win,1975.0,1293.0,682.0,2025
2025-11-18,Brazil,Tunisia,1.0,1.0,Friendly,Lille,France,True,Draw,1976.0,1606.0,370.0,2025
2025-11-18,Kenya,Senegal,0.0,8.0,Friendly,Antalya,Turkey,True,Away Win,1341.0,1802.0,-461.0,2025
2025-11-18,Japan,Bolivia,3.0,0.0,Kirin Cup,Tokyo,Japan,False,Home Win,1863.0,1688.0,175.0,2025
2025-11-18,Mali,Jordan,3.0,2.0,Friendly,Radès,Tunisia,True,Home Win,1631.0,1634.0,-3.0,2025
2025-11-18,Kuwait,Gambia,2.0,2.0,Friendly,Cairo,Egypt,True,Draw,1293.0,1443.0,-150.0,2025
2025-11-18,Guinea,Niger,1.0,1.0,Friendly,Mohammedia,Morocco,True,Draw,1466.0,1362.0,104.0,2025
2025-11-18,Brunei,Lebanon,0.0,3.0,AFC Asian Cup qualification,Bandar Seri Begawan,Brunei,False,Away Win,670.0,1327.0,-657.0,2025
2025-11-18,Yemen,Bhutan,7.0,1.0,AFC Asian Cup qualification,Kuwait City,Kuwait,True,Home Win,1120.0,621.0,499.0,2025
2025-11-18,Angola,Zambia,3.0,2.0,Friendly,Luanda,Angola,False,Home Win,1571.0,1523.0,48.0,2025
2025-11-18,Bangladesh,India,1.0,0.0,AFC Asian Cup qualification,Dhaka,Bangladesh,False,Home Win,907.0,1142.0,-235.0,2025
2025-11-18,Turkmenistan,Taiwan,3.0,1.0,AFC Asian Cup qualification,Arkadag,Turkmenistan,False,Home Win,1252.0,881.0,371.0,2025
2025-11-18,Pakistan,Syria,0.0,5.0,AFC Asian Cup qualification,Islamabad,Pakistan,False,Away Win,813.0,1444.0,-631.0,2025
2025-11-18,Lesotho,Malawi,0.0,1.0,Friendly,Bloemfontein,South Africa,True,Away Win,1198.0,1256.0,-58.0,2025
2025-11-18,Maldives,Philippines,0.0,2.0,AFC Asian Cup qualification,Malé,Maldives,False,Away Win,869.0,1133.0,-264.0,2025
2025-11-18,Malaysia,Nepal,1.0,0.0,AFC Asian Cup qualification,Kuala Lumpur,Malaysia,False,Home Win,1292.0,924.0,368.0,2025
2025-11-18,Morocco,Uganda,4.0,0.0,Friendly,Tangier,Morocco,False,Home Win,1782.0,1389.0,393.0,2025
2025-11-18,Canada,Venezuela,2.0,0.0,Friendly,Fort Lauderdale,United States,True,Home Win,1797.0,1717.0,80.0,2025
2025-11-18,Cyprus,Estonia,2.0,4.0,Friendly,Limassol,Cyprus,False,Away Win,1311.0,1356.0,-45.0,2025
2025-11-18,Mexico,Paraguay,1.0,2.0,Friendly,San Antonio,United States,True,Away Win,1859.0,1844.0,15.0,2025
2025-11-18,Colombia,Australia,3.0,0.0,Friendly,New York,United States,True,Home Win,1981.0,1791.0,190.0,2025
2025-11-18,Sweden,Slovenia,1.0,1.0,FIFA World Cup qualification,Solna,Sweden,False,Draw,1760.0,1752.0,8.0,2025
2025-11-18,Scotland,Denmark,4.0,2.0,FIFA World Cup qualification,Glasgow,Scotland,False,Home Win,1698.0,1864.0,-166.0,2025
2025-11-18,Belarus,Greece,0.0,0.0,FIFA World Cup qualification,Zalaegerszeg,Hungary,True,Draw,1492.0,1838.0,-346.0,2025
2025-11-18,Belgium,Liechtenstein,7.0,0.0,FIFA World Cup qualification,Liège,Belgium,False,Home Win,1923.0,977.0,946.0,2025
2025-11-18,Kosovo,Switzerland,1.0,1.0,FIFA World Cup qualification,Pristina,Kosovo,False,Draw,1527.0,1845.0,-318.0,2025
2025-11-18,Chile,Peru,2.0,1.0,Friendly,Sochi,Russia,True,Home Win,1690.0,1711.0,-21.0,2025
2025-11-18,Iran,Uzbekistan,0.0,0.0,Al Ain International Cup,Al Ain,United Arab Emirates,True,Draw,1800.0,1708.0,92.0,2025
2025-11-18,Guatemala,Suriname,3.0,1.0,FIFA World Cup qualification,Guatemala City,Guatemala,False,Home Win,1481.0,1411.0,70.0,2025
2025-11-18,Jamaica,Curaçao,0.0,0.0,FIFA World Cup qualification,Kingston,Jamaica,False,Draw,1569.0,1408.0,161.0,2025
2025-11-18,Haiti,Nicaragua,2.0,0.0,FIFA World Cup qualification,Willemstad,Curaçao,True,Home Win,1488.0,1331.0,157.0,2025
2025-11-18,Spain,Turkey,2.0,2.0,FIFA World Cup qualification,Seville,Spain,False,Draw,2160.0,1836.0,324.0,2025
2025-11-18,Bulgaria,Georgia,2.0,1.0,FIFA World Cup qualification,Sofia,Bulgaria,False,Home Win,1451.0,1650.0,-199.0,2025
2025-11-19,Laos,Vietnam,0.0,2.0,AFC Asian Cup qualification,Vientiane,Laos,False,Away Win,715.0,1321.0,-606.0,2025
2025-11-25,Mauritania,Kuwait,0.0,2.0,Arab Cup qualification,Al Rayyan,Qatar,True,Away Win,1341.0,1310.0,31.0,2025
2025-11-25,Palestine,Libya,0.0,0.0,Arab Cup qualification,Al Rayyan,Qatar,True,Draw,1461.0,1347.0,114.0,2025
2025-11-26,Bahrain,Djibouti,1.0,0.0,Arab Cup qualification,Al Rayyan,Qatar,True,Home Win,1448.0,752.0,696.0,2025
2025-11-26,Sudan,Lebanon,2.0,1.0,Arab Cup qualification,Al Rayyan,Qatar,True,Home Win,1374.0,1351.0,23.0,2025
2025-11-26,Comoros,Yemen,4.0,4.0,Arab Cup qualification,Doha,Qatar,True,Draw,1340.0,1137.0,203.0,2025
2025-12-01,Tunisia,Syria,0.0,1.0,Arab Cup,Al Rayyan,Qatar,True,Away Win,1650.0,1449.0,201.0,2025
2025-12-01,Qatar,Palestine,0.0,1.0,Arab Cup,Al Khor,Qatar,False,Away Win,1519.0,1461.0,58.0,2025
2025-12-02,Morocco,Comoros,3.0,1.0,Arab Cup,Al Rayyan,Qatar,True,Home Win,1828.0,1340.0,488.0,2025
2025-12-02,Egypt,Kuwait,1.0,1.0,Arab Cup,Lusail,Qatar,True,Draw,1665.0,1310.0,355.0,2025
2025-12-03,Algeria,Sudan,0.0,0.0,Arab Cup,Al Rayyan,Qatar,True,Draw,1718.0,1374.0,344.0,2025
2025-12-03,Iraq,Bahrain,2.0,1.0,Arab Cup,Doha,Qatar,True,Home Win,1596.0,1448.0,148.0,2025
2025-12-04,Palestine,Tunisia,2.0,2.0,Arab Cup,Lusail,Qatar,True,Draw,1461.0,1650.0,-189.0,2025
2025-12-04,Qatar,Syria,1.0,1.0,Arab Cup,Al Rayyan,Qatar,False,Draw,1519.0,1449.0,70.0,2025
2025-12-05,Oman,Morocco,0.0,0.0,Arab Cup,Al Rayyan,Qatar,True,Draw,1492.0,1828.0,-336.0,2025
2025-12-06,Kuwait,Jordan,1.0,3.0,Arab Cup,Al Rayyan,Qatar,True,Away Win,1310.0,1610.0,-300.0,2025
2025-12-06,Bahrain,Algeria,1.0,5.0,Arab Cup,Al Rayyan,Qatar,True,Away Win,1448.0,1718.0,-270.0,2025
2025-12-06,Sudan,Iraq,0.0,2.0,Arab Cup,Doha,Qatar,True,Away Win,1374.0,1596.0,-222.0,2025
2025-12-07,Qatar,Tunisia,0.0,3.0,Arab Cup,Al Khor,Qatar,False,Away Win,1519.0,1650.0,-131.0,2025
2025-12-07,Syria,Palestine,0.0,0.0,Arab Cup,Al Rayyan,Qatar,True,Draw,1449.0,1461.0,-12.0,2025
2025-12-08,Oman,Comoros,2.0,1.0,Arab Cup,Doha,Qatar,True,Home Win,1492.0,1340.0,152.0,2025
2025-12-09,Bahrain,Sudan,3.0,1.0,Arab Cup,Al Rayyan,Qatar,True,Home Win,1448.0,1374.0,74.0,2025
2025-12-09,Egypt,Jordan,0.0,3.0,Arab Cup,Al Khor,Qatar,True,Away Win,1665.0,1610.0,55.0,2025
2025-12-09,Algeria,Iraq,2.0,0.0,Arab Cup,Al Rayyan,Qatar,True,Home Win,1718.0,1596.0,122.0,2025
2025-12-11,Morocco,Syria,1.0,0.0,Arab Cup,Al Rayyan,Qatar,True,Home Win,1828.0,1449.0,379.0,2025
2025-12-12,Jordan,Iraq,1.0,0.0,Arab Cup,Al Rayyan,Qatar,True,Home Win,1610.0,1596.0,14.0,2025
2025-12-18,Jordan,Morocco,2.0,3.0,Arab Cup,Lusail,Qatar,True,Away Win,1687.0,1830.0,-143.0,2025
2025-12-21,Morocco,Comoros,2.0,0.0,African Cup of Nations,Rabat,Morocco,False,Home Win,1830.0,1359.0,471.0,2025
2025-12-22,Mali,Zambia,1.0,1.0,African Cup of Nations,Casablanca,Morocco,True,Draw,1612.0,1364.0,248.0,2025
2025-12-22,Egypt,Zimbabwe,2.0,1.0,African Cup of Nations,Agadir,Morocco,True,Home Win,1591.0,1352.0,239.0,2025
2025-12-23,Nigeria,Tanzania,2.0,1.0,African Cup of Nations,Fez,Morocco,True,Home Win,1627.0,1325.0,302.0,2025
2025-12-23,Tunisia,Uganda,3.0,1.0,African Cup of Nations,Rabat,Morocco,True,Home Win,1641.0,1433.0,208.0,2025
2025-12-23,Senegal,Botswana,3.0,0.0,African Cup of Nations,Tangier,Morocco,True,Home Win,1803.0,1319.0,484.0,2025
2025-12-24,Algeria,Sudan,3.0,0.0,African Cup of Nations,Rabat,Morocco,True,Home Win,1726.0,1352.0,374.0,2025
2025-12-24,Cameroon,Gabon,1.0,0.0,African Cup of Nations,Agadir,Morocco,True,Home Win,1559.0,1467.0,92.0,2025
2025-12-26,Zambia,Comoros,0.0,0.0,African Cup of Nations,Casablanca,Morocco,True,Draw,1364.0,1359.0,5.0,2025
2025-12-26,Morocco,Mali,1.0,1.0,African Cup of Nations,Rabat,Morocco,False,Draw,1830.0,1612.0,218.0,2025
2025-12-26,Angola,Zimbabwe,1.0,1.0,African Cup of Nations,Marrakesh,Morocco,True,Draw,1566.0,1352.0,214.0,2025
2025-12-27,Uganda,Tanzania,1.0,1.0,African Cup of Nations,Rabat,Morocco,True,Draw,1433.0,1325.0,108.0,2025
2025-12-27,Nigeria,Tunisia,3.0,2.0,African Cup of Nations,Fez,Morocco,True,Home Win,1627.0,1641.0,-14.0,2025
2025-12-27,Benin,Botswana,1.0,0.0,African Cup of Nations,Rabat,Morocco,True,Home Win,1436.0,1319.0,117.0,2025
2025-12-28,Gabon,Mozambique,2.0,3.0,African Cup of Nations,Agadir,Morocco,True,Away Win,1467.0,1389.0,78.0,2025
2025-12-29,Morocco,Zambia,3.0,0.0,African Cup of Nations,Rabat,Morocco,False,Home Win,1830.0,1364.0,466.0,2025
2025-12-29,Comoros,Mali,0.0,0.0,African Cup of Nations,Casablanca,Morocco,True,Draw,1359.0,1612.0,-253.0,2025
2025-12-29,Angola,Egypt,0.0,0.0,African Cup of Nations,Agadir,Morocco,True,Draw,1566.0,1591.0,-25.0,2025
2025-12-30,Uganda,Nigeria,1.0,3.0,African Cup of Nations,Fez,Morocco,True,Away Win,1433.0,1627.0,-194.0,2025
2025-12-30,Tanzania,Tunisia,1.0,1.0,African Cup of Nations,Rabat,Morocco,True,Draw,1325.0,1641.0,-316.0,2025
2025-12-30,Benin,Senegal,0.0,3.0,African Cup of Nations,Tangier,Morocco,True,Away Win,1436.0,1803.0,-367.0,2025
2025-12-31,Mozambique,Cameroon,1.0,2.0,African Cup of Nations,Agadir,Morocco,True,Away Win,1389.0,1559.0,-170.0,2025
2026-01-03,Senegal,Sudan,3.0,1.0,African Cup of Nations,Tangier,Morocco,True,Home Win,1803.0,1352.0,451.0,2026
2026-01-03,Mali,Tunisia,1.0,1.0,African Cup of Nations,Casablanca,Morocco,True,Draw,1612.0,1641.0,-29.0,2026
2026-01-04,Morocco,Tanzania,1.0,0.0,African Cup of Nations,Rabat,Morocco,False,Home Win,1830.0,1325.0,505.0,2026
2026-01-05,Egypt,Benin,3.0,1.0,African Cup of Nations,Agadir,Morocco,True,Home Win,1591.0,1436.0,155.0,2026
2026-01-05,Nigeria,Mozambique,4.0,0.0,African Cup of Nations,Fez,Morocco,True,Home Win,1627.0,1389.0,238.0,2026
2026-01-09,Mali,Senegal,0.0,1.0,African Cup of Nations,Tangier,Morocco,True,Away Win,1612.0,1803.0,-191.0,2026
2026-01-09,Morocco,Cameroon,2.0,0.0,African Cup of Nations,Rabat,Morocco,False,Home Win,1830.0,1559.0,271.0,2026
2026-01-10,Algeria,Nigeria,0.0,2.0,African Cup of Nations,Marrakesh,Morocco,True,Away Win,1726.0,1627.0,99.0,2026
2026-01-14,Senegal,Egypt,1.0,0.0,African Cup of Nations,Tangier,Morocco,True,Home Win,1803.0,1591.0,212.0,2026
2026-01-14,Morocco,Nigeria,0.0,0.0,African Cup of Nations,Rabat,Morocco,False,Draw,1830.0,1627.0,203.0,2026
2026-01-17,Egypt,Nigeria,0.0,0.0,African Cup of Nations,Casablanca,Morocco,True,Draw,1591.0,1627.0,-36.0,2026
2026-01-18,Morocco,Senegal,3.0,0.0,African Cup of Nations,Rabat,Morocco,False,Home Win,1830.0,1803.0,27.0,2026
2026-01-18,Bolivia,Panama,1.0,1.0,Friendly,Tarija,Bolivia,False,Draw,1675.0,1742.0,-67.0,2026
2026-01-18,Grenada,Jamaica,0.0,1.0,Friendly,St. George's,Grenada,False,Away Win,1122.0,1527.0,-405.0,2026
2026-01-22,Panama,Mexico,0.0,1.0,Friendly,Panama City,Panama,False,Away Win,1742.0,1835.0,-93.0,2026
2026-01-25,Bolivia,Mexico,0.0,1.0,Friendly,Santa Cruz,Bolivia,False,Away Win,1675.0,1835.0,-160.0,2026
2026-01-26,Uzbekistan,China,2.0,2.0,Friendly,Dubai,United Arab Emirates,True,Draw,1735.0,1403.0,332.0,2026
2026-02-25,Mexico,Iceland,4.0,0.0,Friendly,Querétaro,Mexico,False,Home Win,1835.0,1566.0,269.0,2026
2026-03-25,Kazakhstan,Namibia,2.0,0.0,FIFA Series,Astana,Kazakhstan,False,Home Win,1410.0,1311.0,99.0,2026
2026-03-26,Poland,Albania,2.0,1.0,FIFA World Cup qualification,Warsaw,Poland,False,Home Win,1735.0,1664.0,71.0,2026
2026-03-26,Brazil,France,1.0,2.0,Friendly,Foxborough,United States,True,Away Win,1979.0,2062.0,-83.0,2026
2026-03-26,Colombia,Croatia,1.0,2.0,Friendly,Orlando,United States,True,Away Win,1998.0,1933.0,65.0,2026
2026-03-26,Cyprus,Belarus,0.0,1.0,Friendly,Nicosia,Cyprus,False,Away Win,1302.0,1496.0,-194.0,2026
2026-03-26,Georgia,Israel,2.0,2.0,Friendly,Tbilisi,Georgia,False,Draw,1650.0,1631.0,19.0,2026
2026-03-26,Vietnam,Bangladesh,3.0,0.0,Friendly,Hanoi,Vietnam,False,Home Win,1329.0,940.0,389.0,2026
2026-03-26,Bolivia,Suriname,2.0,1.0,FIFA World Cup qualification,Guadalupe,Mexico,True,Home Win,1675.0,1441.0,234.0,2026
2026-03-26,Moldova,Lithuania,0.0,2.0,Friendly,Chișinău,Moldova,False,Away Win,0.0,1276.0,-1276.0,2026
2026-03-26,Ukraine,Sweden,1.0,3.0,FIFA World Cup qualification,Valencia,Spain,True,Away Win,1802.0,1660.0,142.0,2026
2026-03-26,Slovakia,Kosovo,3.0,4.0,FIFA World Cup qualification,Bratislava,Slovakia,False,Away Win,1687.0,1714.0,-27.0,2026
2026-03-26,Czechia,Ireland,2.0,2.0,FIFA World Cup qualification,Prague,Czech Republic,False,Draw,1731.0,1688.0,43.0,2026
2026-03-26,Aruba,Macao,4.0,1.0,FIFA Series,Kigali,Rwanda,True,Home Win,949.0,595.0,354.0,2026
2026-03-26,Tanzania,Liechtenstein,0.0,1.0,FIFA Series,Kigali,Rwanda,True,Away Win,1325.0,900.0,425.0,2026
2026-03-26,Martinique,Cuba,2.0,2.0,CONCACAF Series,Santiago de los Caballeros,Dominican Republic,True,Draw,1340.0,1230.0,110.0,2026
2026-03-26,Bahamas,Anguilla,1.0,3.0,CONCACAF Series,George Town,Cayman Islands,True,Away Win,719.0,646.0,73.0,2026
2026-03-26,Turkey,Romania,1.0,0.0,FIFA World Cup qualification,Istanbul,Turkey,False,Home Win,1880.0,1642.0,238.0,2026
2026-03-27,Libya,Niger,0.0,0.0,"Morocco, Capital of African Football",Casablanca,Morocco,True,Draw,1424.0,1403.0,21.0,2026
2026-03-27,Liberia,Benin,0.0,1.0,"Morocco, Capital of African Football",Casablanca,Morocco,True,Away Win,1299.0,1436.0,-137.0,2026
2026-03-27,Greece,Paraguay,0.0,1.0,Friendly,Athens,Greece,False,Away Win,1761.0,1833.0,-72.0,2026
2026-03-27,England,Uruguay,1.0,1.0,Friendly,London,England,False,Draw,2042.0,1890.0,152.0,2026
2026-03-27,Netherlands,Norway,2.0,1.0,Friendly,Amsterdam,Netherlands,False,Home Win,1959.0,1922.0,37.0,2026
2026-03-27,Argentina,Mauritania,2.0,1.0,Friendly,Buenos Aires,Argentina,False,Home Win,2113.0,1310.0,803.0,2026
2026-03-27,Algeria,Guatemala,7.0,0.0,Friendly,Genoa,Italy,True,Home Win,1726.0,1528.0,198.0,2026
2026-03-27,Montenegro,Andorra,2.0,0.0,Friendly,Podgorica,Montenegro,False,Home Win,1444.0,1083.0,361.0,2026
2026-03-27,Austria,Ghana,5.0,1.0,Friendly,Vienna,Austria,False,Home Win,1818.0,1509.0,309.0,2026
2026-03-27,Morocco,Ecuador,1.0,1.0,Friendly,Madrid,Spain,True,Draw,1830.0,1933.0,-103.0,2026
2026-03-27,Rwanda,Grenada,4.0,0.0,FIFA Series,Kigali,Rwanda,False,Home Win,1310.0,1122.0,188.0,2026
2026-03-27,Spain,Serbia,3.0,0.0,Friendly,Villarreal,Spain,False,Home Win,2171.0,1769.0,402.0,2026
2026-03-27,Kenya,Estonia,1.0,1.0,FIFA Series,Kigali,Rwanda,True,Draw,1344.0,1359.0,-15.0,2026
2026-03-27,Russia,Nicaragua,3.0,1.0,Friendly,Krasnodar,Russia,False,Home Win,1782.0,1328.0,454.0,2026
2026-03-27,Uzbekistan,Gabon,3.0,1.0,FIFA Series,Tashkent,Uzbekistan,False,Home Win,1735.0,1467.0,268.0,2026
2026-03-27,Guyana,Dominica,2.0,0.0,CONCACAF Series,Santiago de los Caballeros,Dominican Republic,True,Home Win,1275.0,940.0,335.0,2026
2026-03-27,Australia,Cameroon,1.0,0.0,FIFA Series,Sydney,Australia,False,Home Win,1774.0,1559.0,215.0,2026
2026-03-27,China,Curaçao,2.0,0.0,FIFA Series,Sydney,Australia,True,Home Win,1403.0,1467.0,-64.0,2026
2026-03-27,Iran,Nigeria,1.0,2.0,Friendly,Antalya,Turkey,True,Away Win,1754.0,1627.0,127.0,2026
2026-03-27,Switzerland,Germany,3.0,4.0,Friendly,Basel,Switzerland,False,Away Win,1897.0,1910.0,-13.0,2026
2026-03-27,Guinea,Togo,2.0,2.0,"Morocco, Capital of African Football",Rabat,Morocco,True,Draw,1485.0,1340.0,145.0,2026
2026-03-28,Scotland,Japan,0.0,1.0,Friendly,Glasgow,Scotland,False,Away Win,1790.0,1878.0,-88.0,2026
2026-03-28,Haiti,Tunisia,0.0,1.0,Friendly,Toronto,Canada,True,Away Win,1542.0,1641.0,-99.0,2026
2026-03-28,Hungary,Slovenia,1.0,0.0,Friendly,Budapest,Hungary,False,Home Win,1698.0,1695.0,3.0,2026
2026-03-28,Mexico,Portugal,0.0,0.0,Friendly,Mexico City,Mexico,False,Draw,1835.0,1976.0,-141.0,2026
2026-03-28,Namibia,Comoros,0.0,0.0,FIFA Series,Astana,Kazakhstan,True,Draw,1311.0,1359.0,-48.0,2026
2026-03-28,Senegal,Peru,2.0,0.0,Friendly,Paris,France,True,Home Win,1803.0,1698.0,105.0,2026
2026-03-28,Kyrgyzstan,Madagascar,2.0,5.0,Friendly,Antalya,Turkey,True,Away Win,1313.0,1369.0,-56.0,2026
2026-03-28,Botswana,Zimbabwe,0.0,3.0,Mukuru 4 Nations,Francistown,Botswana,False,Away Win,1319.0,1352.0,-33.0,2026
2026-03-28,Canada,Iceland,2.0,2.0,Friendly,Toronto,Canada,False,Draw,1802.0,1566.0,236.0,2026
2026-03-29,Lithuania,Georgia,0.0,2.0,Friendly,Kaunas,Lithuania,False,Away Win,1276.0,1650.0,-374.0,2026
2026-03-29,Armenia,Belarus,1.0,2.0,Friendly,Yerevan,Armenia,False,Away Win,1389.0,1496.0,-107.0,2026
2026-03-29,Macao,Tanzania,0.0,6.0,FIFA Series,Kigali,Rwanda,True,Away Win,595.0,1325.0,-730.0,2026
2026-03-29,Aruba,Liechtenstein,4.0,1.0,FIFA Series,Kigali,Rwanda,True,Home Win,949.0,900.0,49.0,2026
2026-03-29,Colombia,France,1.0,3.0,Friendly,Landover,United States,True,Away Win,1998.0,2062.0,-64.0,2026
2026-03-30,Cyprus,Moldova,3.0,2.0,Friendly,Nicosia,Cyprus,False,Home Win,1302.0,0.0,1302.0,2026
2026-03-30,Germany,Ghana,2.0,1.0,Friendly,Stuttgart,Germany,False,Home Win,1910.0,1509.0,401.0,2026
2026-03-30,Indonesia,Bulgaria,0.0,1.0,FIFA Series,Jakarta,Indonesia,False,Away Win,1341.0,1452.0,-111.0,2026
2026-03-30,Grenada,Kenya,0.0,3.0,FIFA Series,Kigali,Rwanda,True,Away Win,1122.0,1344.0,-222.0,2026
2026-03-30,Rwanda,Estonia,2.0,0.0,FIFA Series,Kigali,Rwanda,False,Home Win,1310.0,1359.0,-49.0,2026
2026-03-30,Uzbekistan,Venezuela,0.0,0.0,FIFA Series,Tashkent,Uzbekistan,False,Draw,1735.0,1715.0,20.0,2026
2026-03-30,Guyana,Belize,3.0,1.0,CONCACAF Series,Santiago de los Caballeros,Dominican Republic,True,Home Win,1275.0,1103.0,172.0,2026
2026-03-31,Mexico,Belgium,1.0,1.0,Friendly,Chicago,United States,True,Draw,1835.0,1849.0,-14.0,2026
2026-03-31,Botswana,Malawi,1.0,0.0,Mukuru 4 Nations,Francistown,Botswana,False,Home Win,1319.0,1252.0,67.0,2026
2026-03-31,Liberia,Libya,2.0,2.0,"Morocco, Capital of African Football",Casablanca,Morocco,True,Draw,1299.0,1424.0,-125.0,2026
2026-03-31,Jordan,Nigeria,2.0,2.0,Friendly,Antalya,Turkey,True,Draw,1687.0,1627.0,60.0,2026
2026-03-31,Hungary,Greece,0.0,0.0,Friendly,Budapest,Hungary,False,Draw,1698.0,1761.0,-63.0,2026
2026-03-31,Haiti,Iceland,1.0,1.0,Friendly,Toronto,Canada,True,Draw,1542.0,1566.0,-24.0,2026
2026-03-31,Benin,Guinea,1.0,0.0,"Morocco, Capital of African Football",Casablanca,Morocco,True,Home Win,1436.0,1485.0,-49.0,2026
2026-03-31,Canada,Tunisia,0.0,0.0,Friendly,Toronto,Canada,False,Draw,1802.0,1641.0,161.0,2026
2026-03-31,Brazil,Croatia,3.0,1.0,Friendly,Orlando,United States,True,Home Win,1979.0,1933.0,46.0,2026
2026-03-31,Montenegro,Slovenia,2.0,3.0,Friendly,Podgorica,Montenegro,False,Away Win,1444.0,1695.0,-251.0,2026
2026-03-31,Argentina,Zambia,5.0,0.0,Friendly,Buenos Aires,Argentina,False,Home Win,2113.0,1364.0,749.0,2026
2026-03-31,Algeria,Uruguay,0.0,0.0,Friendly,Turin,Italy,True,Draw,1726.0,1890.0,-164.0,2026
2026-03-31,England,Japan,0.0,1.0,Friendly,London,England,False,Away Win,2042.0,1878.0,164.0,2026
2026-03-31,Morocco,Paraguay,2.0,1.0,Friendly,Lens,France,True,Home Win,1830.0,1833.0,-3.0,2026
2026-03-31,Netherlands,Ecuador,1.0,1.0,Friendly,Eindhoven,Netherlands,False,Draw,1959.0,1933.0,26.0,2026
2026-03-31,Niger,Togo,0.0,1.0,"Morocco, Capital of African Football",Casablanca,Morocco,True,Away Win,1403.0,1340.0,63.0,2026
2026-03-31,Sweden,Poland,3.0,2.0,FIFA World Cup qualification,Solna,Sweden,False,Home Win,1660.0,1735.0,-75.0,2026
2026-03-31,Kazakhstan,Comoros,1.0,0.0,FIFA Series,Astana,Kazakhstan,False,Home Win,1410.0,1359.0,51.0,2026
2026-03-31,Russia,Mali,0.0,0.0,Friendly,Saint Petersburg,Russia,False,Draw,1782.0,1612.0,170.0,2026
2026-03-31,Australia,Curaçao,5.0,1.0,FIFA Series,Melbourne,Australia,False,Home Win,1774.0,1467.0,307.0,2026
2026-03-31,Norway,Switzerland,0.0,0.0,Friendly,Oslo,Norway,False,Draw,1922.0,1897.0,25.0,2026
2026-03-31,Czechia,Denmark,2.0,2.0,FIFA World Cup qualification,Prague,Czech Republic,False,Draw,1731.0,1864.0,-133.0,2026
2026-03-31,Kosovo,Turkey,0.0,1.0,FIFA World Cup qualification,Pristina,Kosovo,False,Away Win,1714.0,1880.0,-166.0,2026
2026-03-31,Cameroon,China,2.0,0.0,FIFA Series,Melbourne,Australia,True,Home Win,1559.0,1403.0,156.0,2026
2026-03-31,Iraq,Bolivia,2.0,1.0,FIFA World Cup qualification,Guadalupe,Mexico,True,Home Win,1582.0,1675.0,-93.0,2026
2026-03-31,Ukraine,Albania,1.0,0.0,Friendly,Valencia,Spain,True,Home Win,1802.0,1664.0,138.0,2026
2026-03-31,Spain,Egypt,0.0,0.0,Friendly,Barcelona,Spain,False,Draw,2171.0,1591.0,580.0,2026
2026-03-31,Slovakia,Romania,2.0,0.0,Friendly,Bratislava,Slovakia,False,Home Win,1687.0,1642.0,45.0,2026
2026-03-31,Senegal,Gambia,3.0,1.0,Friendly,Diamniadio,Senegal,False,Home Win,1803.0,1424.0,379.0,2026
2026-03-31,Peru,Honduras,2.0,2.0,Friendly,Madrid,Spain,True,Draw,1698.0,1567.0,131.0,2026
2026-05-16,Ireland,Grenada,5.0,0.0,Friendly,Murcia,Spain,True,Home Win,1688.0,1122.0,566.0,2026
2026-05-22,Mexico,Ghana,2.0,0.0,Friendly,Puebla,Mexico,False,Home Win,1835.0,1509.0,326.0,2026
2026-05-26,Morocco,Burundi,5.0,0.0,Friendly,Salé,Morocco,False,Home Win,1830.0,1238.0,592.0,2026
2026-05-26,Nigeria,Zimbabwe,2.0,0.0,Unity Cup,London,England,True,Home Win,1627.0,1352.0,275.0,2026
2026-05-27,India,Jamaica,0.0,2.0,Unity Cup,London,England,True,Away Win,1123.0,1527.0,-404.0,2026
2026-05-28,Ireland,Qatar,1.0,0.0,Friendly,Dublin,Republic of Ireland,False,Home Win,1688.0,1427.0,261.0,2026
2026-05-28,Egypt,Russia,1.0,0.0,Friendly,Cairo,Egypt,False,Home Win,1591.0,1782.0,-191.0,2026
2026-05-29,Andorra,Iraq,0.0,1.0,Friendly,Girona,Spain,True,Away Win,1083.0,1582.0,-499.0,2026
2026-05-29,Iran,Gambia,3.0,1.0,Friendly,Aksu,Turkey,True,Home Win,1754.0,1424.0,330.0,2026
2026-05-30,Mexico,Australia,1.0,0.0,Friendly,Pasadena,United States,True,Home Win,1835.0,1774.0,61.0,2026
2026-05-30,Scotland,Curaçao,4.0,1.0,Friendly,Glasgow,Scotland,False,Home Win,1790.0,1467.0,323.0,2026
2026-05-30,Zimbabwe,India,1.0,0.0,Unity Cup,London,England,True,Home Win,1352.0,1123.0,229.0,2026
2026-05-30,Nigeria,Jamaica,3.0,0.0,Unity Cup,London,England,True,Home Win,1627.0,1527.0,100.0,2026
2026-05-31,Brazil,Panama,6.0,2.0,Friendly,Rio de Janeiro,Brazil,False,Home Win,1979.0,1742.0,237.0,2026
2026-05-31,Poland,Ukraine,0.0,2.0,Friendly,Wrocław,Poland,False,Away Win,1735.0,1802.0,-67.0,2026
2026-05-31,Germany,Finland,4.0,0.0,Friendly,Mainz,Germany,False,Home Win,1910.0,1509.0,401.0,2026
2026-05-31,Switzerland,Jordan,4.0,1.0,Friendly,St. Gallen,Switzerland,False,Home Win,1897.0,1687.0,210.0,2026
2026-05-31,Singapore,Mongolia,4.0,0.0,Friendly,Singapore,Singapore,False,Home Win,1131.0,730.0,401.0,2026
2026-05-31,Czechia,Kosovo,2.0,1.0,Friendly,Prague,Czech Republic,False,Home Win,1731.0,1714.0,17.0,2026
2026-05-31,Japan,Iceland,1.0,0.0,Friendly,Tokyo,Japan,False,Home Win,1878.0,1566.0,312.0,2026
2026-06-01,Austria,Tunisia,1.0,0.0,Friendly,Vienna,Austria,False,Home Win,1818.0,1641.0,177.0,2026
2026-06-01,Bulgaria,Montenegro,0.0,1.0,Friendly,Plovdiv,Bulgaria,False,Away Win,1452.0,1444.0,8.0,2026
2026-06-01,Canada,Uzbekistan,2.0,0.0,Friendly,Edmonton,Canada,False,Home Win,1802.0,1735.0,67.0,2026
2026-06-01,Norway,Sweden,3.0,1.0,Friendly,Oslo,Norway,False,Home Win,1922.0,1660.0,262.0,2026
2026-06-01,Slovakia,Malta,2.0,1.0,Friendly,Dunajská Streda,Slovakia,False,Home Win,1687.0,1279.0,408.0,2026
2026-06-01,Maldives,Afghanistan,0.0,1.0,Diamond Jubilee International Football Tournament,Malé,Maldives,False,Away Win,841.0,1033.0,-192.0,2026
2026-06-01,Maldives,Pakistan,0.0,3.0,Diamond Jubilee International Football Tournament,Malé,Maldives,False,Away Win,841.0,828.0,13.0,2026
2026-06-02,Croatia,Belgium,0.0,2.0,Friendly,Rijeka,Croatia,False,Away Win,1933.0,1849.0,84.0,2026
2026-06-02,Georgia,Romania,1.0,1.0,Friendly,Tbilisi,Georgia,False,Draw,1650.0,1642.0,8.0,2026
2026-06-02,Morocco,Madagascar,4.0,0.0,Friendly,Rabat,Morocco,False,Home Win,1830.0,1369.0,461.0,2026
2026-06-02,Wales,Ghana,1.0,1.0,Friendly,Cardiff,Wales,False,Draw,1715.0,1509.0,206.0,2026
2026-06-03,Albania,Israel,0.0,1.0,Friendly,Tirana,Albania,False,Away Win,1664.0,1631.0,33.0,2026
2026-06-03,Luxembourg,Italy,0.0,1.0,Friendly,Luxembourg,Luxembourg,False,Away Win,1395.0,1859.0,-464.0,2026
2026-06-03,Netherlands,Algeria,0.0,1.0,Friendly,Rotterdam,Netherlands,False,Away Win,1959.0,1726.0,233.0,2026
2026-06-03,Poland,Nigeria,2.0,2.0,Friendly,Warsaw,Poland,False,Draw,1735.0,1627.0,108.0,2026
2026-06-03,Philippines,Guam,5.0,1.0,Friendly,Manila,Philippines,False,Home Win,1155.0,714.0,441.0,2026
2026-06-04,Andorra,Liechtenstein,2.0,0.0,Friendly,Encamp,Andorra,False,Home Win,1083.0,900.0,183.0,2026
2026-06-04,Iran,Mali,2.0,0.0,Friendly,Antalya,Turkey,True,Home Win,1754.0,1612.0,142.0,2026
2026-06-04,Guatemala,Czechia,1.0,5.0,Friendly,Harrison,United States,True,Away Win,1528.0,1731.0,-203.0,2026
2026-06-04,Slovenia,Cyprus,1.0,1.0,Friendly,Ljubljana,Slovenia,False,Draw,1695.0,1302.0,393.0,2026
2026-06-04,Cambodia,Bhutan,4.0,0.0,Friendly,Phnom Penh,Cambodia,False,Home Win,846.0,614.0,232.0,2026
2026-06-04,Mexico,Serbia,5.0,1.0,Friendly,Toluca,Mexico,False,Home Win,1835.0,1769.0,66.0,2026
2026-06-04,Sweden,Greece,2.0,2.0,Friendly,Solna,Sweden,False,Draw,1660.0,1761.0,-101.0,2026
2026-06-04,Spain,Iraq,1.0,1.0,Friendly,A Coruña,Spain,False,Draw,2171.0,1582.0,589.0,2026
2026-06-04,Lesotho,Kenya,1.0,1.0,Friendly,Pretoria,South Africa,True,Draw,1215.0,1344.0,-129.0,2026
2026-06-05,Hungary,Finland,2.0,1.0,Friendly,Budapest,Hungary,False,Home Win,1698.0,1509.0,189.0,2026
2026-06-05,Angola,Mauritania,1.0,1.0,Friendly,Casablanca,Morocco,True,Draw,1566.0,1310.0,256.0,2026
2026-06-05,Azerbaijan,Malta,0.0,2.0,Friendly,Szombathely,Hungary,True,Away Win,1339.0,1279.0,60.0,2026
2026-06-05,Belarus,Syria,4.0,1.0,Friendly,Minsk,Belarus,False,Home Win,1496.0,1486.0,10.0,2026
2026-06-05,Canada,Ireland,1.0,1.0,Friendly,Montreal,Canada,False,Draw,1802.0,1688.0,114.0,2026
2026-06-05,Haiti,Peru,1.0,2.0,Friendly,Miami,United States,True,Away Win,1542.0,1698.0,-156.0,2026
2026-06-05,Paraguay,Nicaragua,4.0,0.0,Friendly,Asunción,Paraguay,False,Home Win,1833.0,1328.0,505.0,2026
2026-06-05,Georgia,Bahrain,2.0,0.0,Friendly,Tbilisi,Georgia,False,Home Win,1650.0,1417.0,233.0,2026
2026-06-05,Moldova,Bulgaria,2.0,2.0,Friendly,Chișinău,Moldova,False,Draw,0.0,1452.0,-1452.0,2026
2026-06-05,Singapore,China,1.0,2.0,Friendly,Singapore,Singapore,False,Away Win,1131.0,1403.0,-272.0,2026
2026-06-05,Slovakia,Montenegro,2.0,2.0,Friendly,Košice,Slovakia,False,Draw,1687.0,1444.0,243.0,2026
2026-06-05,Tajikistan,India,3.0,1.0,Friendly,Tursunzoda,Tajikistan,False,Home Win,1297.0,1123.0,174.0,2026
2026-06-05,Thailand,Kuwait,2.0,2.0,Friendly,Pathum Thani,Thailand,False,Draw,1367.0,1330.0,37.0,2026
2026-06-05,Benin,Niger,1.0,1.0,Friendly,Casablanca,Morocco,True,Draw,1436.0,1403.0,33.0,2026
2026-06-05,Indonesia,Oman,3.0,0.0,Friendly,Jakarta,Indonesia,False,Home Win,1341.0,1490.0,-149.0,2026
2026-06-06,Bolivia,Scotland,0.0,4.0,Friendly,Harrison,United States,True,Away Win,1675.0,1790.0,-115.0,2026
2026-06-06,Vanuatu,Fiji,2.0,1.0,Friendly,Port Vila,Vanuatu,False,Home Win,1114.0,1109.0,5.0,2026
2026-06-06,Albania,Luxembourg,0.0,1.0,Friendly,Tirana,Albania,False,Away Win,1664.0,1395.0,269.0,2026
2026-06-06,Argentina,Honduras,2.0,0.0,Friendly,College Station,United States,True,Home Win,2113.0,1567.0,546.0,2026
2026-06-06,Armenia,Kazakhstan,1.0,1.0,Friendly,Yerevan,Armenia,False,Draw,1389.0,1410.0,-21.0,2026
2026-06-06,Brazil,Egypt,2.0,1.0,Friendly,Cleveland,United States,True,Home Win,1979.0,1591.0,388.0,2026
2026-06-06,Belgium,Tunisia,5.0,0.0,Friendly,Brussels,Belgium,False,Home Win,1849.0,1641.0,208.0,2026
2026-06-06,Australia,Switzerland,1.0,1.0,Friendly,San Diego,United States,True,Draw,1774.0,1897.0,-123.0,2026
2026-06-06,Portugal,Chile,2.0,1.0,Friendly,Oeiras,Portugal,False,Home Win,1976.0,1731.0,245.0,2026
2026-06-06,Kyrgyzstan,Palestine,0.0,0.0,Friendly,Bishkek,Kyrgyzstan,False,Draw,1313.0,1470.0,-157.0,2026
2026-06-06,Lithuania,Latvia,1.0,1.0,Baltic Cup,Kaunas,Lithuania,False,Draw,1276.0,1286.0,-10.0,2026
2026-06-06,Romania,Wales,2.0,1.0,Friendly,Bucharest,Romania,False,Home Win,1642.0,1715.0,-73.0,2026
2026-06-06,Venezuela,Turkey,1.0,2.0,Friendly,Fort Lauderdale,United States,True,Away Win,1715.0,1880.0,-165.0,2026
2026-06-06,Myanmar,Guam,6.0,1.0,Tri-Nations Cup,Manila,Philippines,True,Home Win,944.0,714.0,230.0,2026
2026-06-06,Ethiopia,Malawi,1.0,0.0,Friendly,Dire Dawa,Ethiopia,False,Home Win,1264.0,1252.0,12.0,2026
2026-06-06,Curaçao,Aruba,4.0,0.0,Friendly,Willemstad,Curaçao,False,Home Win,1467.0,949.0,518.0,2026
2026-06-07,Greece,Italy,0.0,1.0,Friendly,Heraklion,Greece,False,Away Win,1761.0,1859.0,-98.0,2026
2026-06-07,Afghanistan,Pakistan,0.0,2.0,Diamond Jubilee International Football Tournament,Malé,Maldives,True,Away Win,1033.0,828.0,205.0,2026
2026-06-07,Croatia,Slovenia,2.0,1.0,Friendly,Varaždin,Croatia,False,Home Win,1933.0,1695.0,238.0,2026
2026-06-07,Kosovo,Andorra,3.0,0.0,Friendly,Pristina,Kosovo,False,Home Win,1714.0,1083.0,631.0,2026
2026-06-07,Ecuador,Guatemala,3.0,0.0,Friendly,Columbus,United States,True,Home Win,1933.0,1528.0,405.0,2026
2026-06-07,Liechtenstein,Cyprus,0.0,2.0,Friendly,Vaduz,Liechtenstein,False,Away Win,900.0,1302.0,-402.0,2026
2026-06-07,Morocco,Norway,1.0,1.0,Friendly,Harrison,United States,True,Draw,1830.0,1922.0,-92.0,2026
2026-06-07,Denmark,Ukraine,2.0,1.0,Friendly,Odense,Denmark,False,Home Win,1864.0,1802.0,62.0,2026
2026-06-07,Jordan,Colombia,0.0,2.0,Friendly,San Diego,United States,True,Away Win,1687.0,1998.0,-311.0,2026
2026-06-08,Netherlands,Uzbekistan,2.0,1.0,Friendly,New York,United States,True,Home Win,1959.0,1735.0,224.0,2026
2026-06-08,Peru,Spain,1.0,3.0,Friendly,Puebla,Mexico,True,Away Win,1698.0,2171.0,-473.0,2026
2026-06-08,Mauritania,Niger,1.0,0.0,Friendly,Casablanca,Morocco,True,Home Win,1310.0,1403.0,-93.0,2026
2026-06-09,Hungary,Kazakhstan,3.0,1.0,Friendly,Debrecen,Hungary,False,Home Win,1698.0,1410.0,288.0,2026
2026-06-09,Argentina,Iceland,3.0,0.0,Friendly,Auburn,United States,True,Home Win,2113.0,1566.0,547.0,2026
2026-06-09,Armenia,Moldova,1.0,1.0,Friendly,Yerevan,Armenia,False,Draw,1389.0,0.0,1389.0,2026
2026-06-09,China,Thailand,0.0,0.0,Friendly,Hangzhou,China,False,Draw,1403.0,1367.0,36.0,2026
2026-06-09,Ethiopia,Malawi,1.0,1.0,Friendly,Dire Dawa,Ethiopia,False,Draw,1264.0,1252.0,12.0,2026
2026-06-09,Indonesia,Mozambique,1.0,0.0,Friendly,Jakarta,Indonesia,False,Home Win,1341.0,1389.0,-48.0,2026
2026-06-09,Kyrgyzstan,Palestine,0.0,0.0,Friendly,Bishkek,Kyrgyzstan,False,Draw,1313.0,1470.0,-157.0,2026
2026-06-09,Philippines,Myanmar,5.0,1.0,Tri-Nations Cup,Manila,Philippines,False,Home Win,1155.0,944.0,211.0,2026
2026-06-09,Estonia,Lithuania,1.0,0.0,Baltic Cup,Tallinn,Estonia,False,Home Win,1359.0,1276.0,83.0,2026
2026-06-09,Togo,Benin,5.0,1.0,Friendly,Lomé,Togo,False,Home Win,1340.0,1436.0,-96.0,2026
2026-06-09,Iraq,Venezuela,0.0,2.0,Friendly,Bridgeview,United States,True,Away Win,1582.0,1715.0,-133.0,2026
2026-06-09,Tajikistan,India,1.0,1.0,Friendly,Hisor,Tajikistan,False,Draw,1297.0,1123.0,174.0,2026
2026-06-10,Bolivia,Algeria,0.0,4.0,Friendly,Kansas City,United States,True,Away Win,1675.0,1726.0,-51.0,2026
2026-06-10,Portugal,Nigeria,2.0,1.0,Friendly,Leiria,Portugal,False,Home Win,1976.0,1627.0,349.0,2026
2026-06-10,Afghanistan,Pakistan,0.0,2.0,Diamond Jubilee International Football Tournament,Malé,Maldives,True,Away Win,1033.0,828.0,205.0,2026
2026-06-13,Qatar,Switzerland,1.0,1.0,FIFA World Cup,Santa Clara,United States,True,Draw,1427.0,1897.0,-470.0,2026
2026-06-13,Brazil,Morocco,1.0,1.0,FIFA World Cup,East Rutherford,United States,True,Draw,1979.0,1830.0,149.0,2026
2026-06-13,Haiti,Scotland,0.0,1.0,FIFA World Cup,Foxborough,United States,True,Away Win,1542.0,1790.0,-248.0,2026
2026-06-13,Australia,Turkey,2.0,0.0,FIFA World Cup,Vancouver,Canada,True,Home Win,1774.0,1880.0,-106.0,2026
2026-06-14,Germany,Curaçao,7.0,1.0,FIFA World Cup,Houston,United States,True,Home Win,1910.0,1467.0,443.0,2026
2026-06-14,Netherlands,Japan,2.0,2.0,FIFA World Cup,Arlington,United States,True,Draw,1959.0,1878.0,81.0,2026
2026-06-14,Sweden,Tunisia,5.0,1.0,FIFA World Cup,Guadalupe,Mexico,True,Home Win,1660.0,1641.0,19.0,2026
2026-06-15,Belgium,Egypt,1.0,1.0,FIFA World Cup,Seattle,United States,True,Draw,1849.0,1591.0,258.0,2026
2026-06-16,France,Senegal,3.0,1.0,FIFA World Cup,East Rutherford,United States,True,Home Win,2062.0,1803.0,259.0,2026
2026-06-16,Iraq,Norway,1.0,4.0,FIFA World Cup,Foxborough,United States,True,Away Win,1582.0,1922.0,-340.0,2026
2026-06-16,Argentina,Algeria,3.0,0.0,FIFA World Cup,Kansas City,United States,True,Home Win,2113.0,1726.0,387.0,2026
2026-06-16,Austria,Jordan,3.0,1.0,FIFA World Cup,Santa Clara,United States,True,Home Win,1818.0,1687.0,131.0,2026
2026-06-17,Uzbekistan,Colombia,1.0,3.0,FIFA World Cup,Mexico City,Mexico,True,Away Win,1735.0,1998.0,-263.0,2026
2026-06-17,England,Croatia,4.0,2.0,FIFA World Cup,Arlington,United States,True,Home Win,2042.0,1933.0,109.0,2026
2026-06-17,Ghana,Panama,1.0,0.0,FIFA World Cup,Toronto,Canada,True,Home Win,1509.0,1742.0,-233.0,2026
2026-06-18,Canada,Qatar,6.0,0.0,FIFA World Cup,Vancouver,Canada,False,Home Win,1802.0,1427.0,375.0,2026
2026-06-19,Scotland,Morocco,0.0,1.0,FIFA World Cup,Foxborough,United States,True,Away Win,1790.0,1830.0,-40.0,2026
2026-06-19,Brazil,Haiti,3.0,0.0,FIFA World Cup,Philadelphia,United States,True,Home Win,1979.0,1542.0,437.0,2026
2026-06-19,Turkey,Paraguay,0.0,1.0,FIFA World Cup,Santa Clara,United States,True,Away Win,1880.0,1833.0,47.0,2026
2026-06-20,Ecuador,Curaçao,0.0,0.0,FIFA World Cup,Kansas City,United States,True,Draw,1933.0,1467.0,466.0,2026
2026-06-20,Netherlands,Sweden,5.0,1.0,FIFA World Cup,Houston,United States,True,Home Win,1959.0,1660.0,299.0,2026
2026-06-20,Tunisia,Japan,0.0,4.0,FIFA World Cup,Guadalupe,Mexico,True,Away Win,1641.0,1878.0,-237.0,2026
2026-06-21,Belgium,Iran,0.0,0.0,FIFA World Cup,Inglewood,United States,True,Draw,1849.0,1754.0,95.0,2026
2026-06-22,France,Iraq,3.0,0.0,FIFA World Cup,Philadelphia,United States,True,Home Win,2062.0,1582.0,480.0,2026
2026-06-22,Norway,Senegal,3.0,2.0,FIFA World Cup,East Rutherford,United States,True,Home Win,1922.0,1803.0,119.0,2026
2026-06-22,Argentina,Austria,2.0,0.0,FIFA World Cup,Arlington,United States,True,Home Win,2113.0,1818.0,295.0,2026
2026-06-22,Jordan,Algeria,1.0,2.0,FIFA World Cup,Santa Clara,United States,True,Away Win,1687.0,1726.0,-39.0,2026
2026-06-23,England,Ghana,0.0,0.0,FIFA World Cup,Foxborough,United States,True,Draw,2042.0,1509.0,533.0,2026
2026-06-23,Panama,Croatia,0.0,1.0,FIFA World Cup,Toronto,Canada,True,Away Win,1742.0,1933.0,-191.0,2026
2026-06-23,Portugal,Uzbekistan,5.0,0.0,FIFA World Cup,Houston,United States,True,Home Win,1976.0,1735.0,241.0,2026
2026-06-24,Mexico,Czechia,3.0,0.0,FIFA World Cup,Mexico City,Mexico,False,Home Win,1835.0,1731.0,104.0,2026
2026-06-24,Canada,Switzerland,1.0,2.0,FIFA World Cup,Vancouver,Canada,False,Away Win,1802.0,1897.0,-95.0,2026
2026-06-24,Scotland,Brazil,0.0,3.0,FIFA World Cup,Miami Gardens,United States,True,Away Win,1790.0,1979.0,-189.0,2026
2026-06-24,Morocco,Haiti,4.0,2.0,FIFA World Cup,Atlanta,United States,True,Home Win,1830.0,1542.0,288.0,2026
2026-06-25,Japan,Sweden,1.0,1.0,FIFA World Cup,Arlington,United States,True,Draw,1878.0,1660.0,218.0,2026
2026-06-25,Tunisia,Netherlands,1.0,3.0,FIFA World Cup,Kansas City,United States,True,Away Win,1641.0,1959.0,-318.0,2026
2026-06-25,Paraguay,Australia,0.0,0.0,FIFA World Cup,Santa Clara,United States,True,Draw,1833.0,1774.0,59.0,2026
2026-06-25,Ecuador,Germany,2.0,1.0,FIFA World Cup,East Rutherford,United States,True,Home Win,1933.0,1910.0,23.0,2026
2026-06-26,Uruguay,Spain,0.0,1.0,FIFA World Cup,Zapopan,Mexico,True,Away Win,1890.0,2171.0,-281.0,2026
2026-06-26,Egypt,Iran,1.0,1.0,FIFA World Cup,Seattle,United States,True,Draw,1591.0,1754.0,-163.0,2026
2026-06-26,Senegal,Iraq,5.0,0.0,FIFA World Cup,Toronto,Canada,True,Home Win,1803.0,1582.0,221.0,2026
2026-06-26,Norway,France,1.0,4.0,FIFA World Cup,Foxborough,United States,True,Away Win,1922.0,2062.0,-140.0,2026
2026-06-27,Algeria,Austria,3.0,3.0,FIFA World Cup,Kansas City,United States,True,Draw,1726.0,1818.0,-92.0,2026
2026-06-27,Jordan,Argentina,1.0,3.0,FIFA World Cup,Arlington,United States,True,Away Win,1687.0,2113.0,-426.0,2026
2026-06-27,Colombia,Portugal,0.0,0.0,FIFA World Cup,Miami Gardens,United States,True,Draw,1998.0,1976.0,22.0,2026
2026-06-27,Panama,England,0.0,2.0,FIFA World Cup,East Rutherford,United States,True,Away Win,1742.0,2042.0,-300.0,2026
2026-06-27,Croatia,Ghana,2.0,1.0,FIFA World Cup,Philadelphia,United States,True,Home Win,1933.0,1509.0,424.0,2026
2026-06-29,Brazil,Japan,2.0,1.0,FIFA World Cup,Houston,United States,True,Home Win,1979.0,1878.0,101.0,2026
2026-06-29,Germany,Paraguay,1.0,1.0,FIFA World Cup,Foxborough,United States,True,Draw,1910.0,1833.0,77.0,2026
2026-06-29,Netherlands,Morocco,1.0,1.0,FIFA World Cup,Guadalupe,Mexico,True,Draw,1959.0,1830.0,129.0,2026
2026-06-30,France,Sweden,3.0,0.0,FIFA World Cup,East Rutherford,United States,True,Home Win,2062.0,1660.0,402.0,2026
2026-06-30,Mexico,Ecuador,2.0,0.0,FIFA World Cup,Mexico City,Mexico,False,Home Win,1835.0,1933.0,-98.0,2026
2026-07-01,Belgium,Senegal,3.0,2.0,FIFA World Cup,Seattle,United States,True,Home Win,1849.0,1803.0,46.0,2026
2026-07-02,Spain,Austria,3.0,0.0,FIFA World Cup,Inglewood,United States,True,Home Win,2171.0,1818.0,353.0,2026
2026-07-02,Portugal,Croatia,2.0,1.0,FIFA World Cup,Toronto,Canada,True,Home Win,1976.0,1933.0,43.0,2026
2026-07-02,Switzerland,Algeria,2.0,0.0,FIFA World Cup,Vancouver,Canada,True,Home Win,1897.0,1726.0,171.0,2026
2026-07-03,Australia,Egypt,1.0,1.0,FIFA World Cup,Arlington,United States,True,Draw,1774.0,1591.0,183.0,2026
2026-07-03,Colombia,Ghana,1.0,0.0,FIFA World Cup,Kansas City,United States,True,Home Win,1998.0,1509.0,489.0,2026
2026-07-04,Canada,Morocco,0.0,3.0,FIFA World Cup,Houston,United States,True,Away Win,1802.0,1830.0,-28.0,2026
2026-07-04,Paraguay,France,0.0,1.0,FIFA World Cup,Philadelphia,United States,True,Away Win,1833.0,2062.0,-229.0,2026
2026-07-05,Brazil,Norway,1.0,2.0,FIFA World Cup,East Rutherford,United States,True,Away Win,1979.0,1922.0,57.0,2026
2026-07-05,Mexico,England,2.0,3.0,FIFA World Cup,Mexico City,Mexico,False,Away Win,1835.0,2042.0,-207.0,2026
2026-07-06,Portugal,Spain,0.0,1.0,FIFA World Cup,Dallas,United States,True,Away Win,1976.0,2171.0,-195.0,2026
2026-07-07,Argentina,Egypt,3.0,2.0,FIFA World Cup,Atlanta,United States,True,Home Win,2113.0,1591.0,522.0,2026
2026-07-07,Switzerland,Colombia,0.0,0.0,FIFA World Cup,Vancouver,Canada,True,Draw,1897.0,1998.0,-101.0,2026
